  0
SECTION
  2
HEADER
  9
$ANGBASE
  50
0.0
  9
$ANGDIR
  70
1
  9
$MEASUREMENT
  70
0
  9
$INSUNITS
  70
1
  0
ENDSEC
  0
SECTION
  2
TABLES
  0
TABLE
  2
LTYPE
  70
4
  0
LTYPE
  5
40F
  2
CONTINUOUS
  70
0
  3
Solid line
  72
65
  73
0
  40
0.0
  0
LTYPE
  5
410
  2
DASHDOT
 70
0
  3
Dash Dot ____ _ ____ _
 72
65
 73
4
 40
2.0
 49
1.25
 49
-0.25
 49
0.25
 49
-0.25
  0
LTYPE
  5
411
  2
DASHED
 70
0
  3
Dashed __ __ __ __ __
 72
65
 73
2
 40
0.75
 49
0.5
 49
-0.25
  0
LTYPE
  5
43B
  2
DOTTED
 70
0
  3
Dotted .  .  .  .
 72
65
 73
2
 40
0.2
 49
0.0
 49
-0.2
  0
ENDTAB
  0
TABLE
  2
STYLE
  70
4
  0
STYLE
  2
KICAD
  70
0
  40
0
  41
1
  42
1
  50
0
  71
0
  3
isocp.shx
  0
STYLE
  2
KICADB
  70
0
  40
0
  41
1
  42
1
  50
0
  71
0
  3
isocp.shx
  0
STYLE
  2
KICADI
  70
0
  40
0
  41
1
  42
1
  50
15
  71
0
  3
isocp.shx
  0
STYLE
  2
KICADBI
  70
0
  40
0
  41
1
  42
1
  50
15
  71
0
  3
isocp.shx
  0
ENDTAB
  0
TABLE
  2
LAYER
  70
1
  0
LAYER
  2
F.Cu
  70
0
  62
13
  420
13120564
  6
CONTINUOUS
  0
ENDTAB
  0
ENDSEC
  0
SECTION
  2
ENTITIES
0
LINE
8
F.Cu
6
CONTINUOUS
10
4.1822681102362207
20
-4.7616406299212599
11
4.1876085433070864
21
-4.764723937007874
0
LINE
8
F.Cu
6
CONTINUOUS
10
4.1876085433070864
20
-4.764723937007874
11
4.1919689763779528
21
-4.7690843700787404
0
LINE
8
F.Cu
6
CONTINUOUS
10
4.1919689763779528
20
-4.7690843700787404
11
4.1950522834645669
21
-4.7744248031496062
0
LINE
8
F.Cu
6
CONTINUOUS
10
4.1950522834645669
20
-4.7744248031496062
11
4.1966483070866145
21
-4.7803812598425193
0
LINE
8
F.Cu
6
CONTINUOUS
10
4.1966483070866145
20
-4.7803812598425193
11
4.1966483070866145
21
-4.7865478740157483
0
LINE
8
F.Cu
6
CONTINUOUS
10
4.1966483070866145
20
-4.7865478740157483
11
4.1950522834645669
21
-4.7925043307086614
0
LINE
8
F.Cu
6
CONTINUOUS
10
4.1950522834645669
20
-4.7925043307086614
11
4.1919689763779528
21
-4.7978447637795272
0
LINE
8
F.Cu
6
CONTINUOUS
10
4.1919689763779528
20
-4.7978447637795272
11
4.1876085433070864
21
-4.8022051968503936
0
LINE
8
F.Cu
6
CONTINUOUS
10
4.1876085433070864
20
-4.8022051968503936
11
4.1822681102362207
21
-4.8052885039370077
0
LINE
8
F.Cu
6
CONTINUOUS
10
4.1822681102362207
20
-4.8052885039370077
11
4.1763116535433067
21
-4.8068845275590553
0
LINE
8
F.Cu
6
CONTINUOUS
10
4.1763116535433067
20
-4.8068845275590553
11
4.1701450393700785
21
-4.8068845275590553
0
LINE
8
F.Cu
6
CONTINUOUS
10
4.1701450393700785
20
-4.8068845275590553
11
4.1641885826771654
21
-4.8052885039370077
0
LINE
8
F.Cu
6
CONTINUOUS
10
4.1641885826771654
20
-4.8052885039370077
11
4.1588481496062988
21
-4.8022051968503936
0
LINE
8
F.Cu
6
CONTINUOUS
10
4.1588481496062988
20
-4.8022051968503936
11
4.1544877165354333
21
-4.7978447637795272
0
LINE
8
F.Cu
6
CONTINUOUS
10
4.1544877165354333
20
-4.7978447637795272
11
4.1514044094488192
21
-4.7925043307086614
0
LINE
8
F.Cu
6
CONTINUOUS
10
4.1514044094488192
20
-4.7925043307086614
11
4.1498083858267716
21
-4.7865478740157483
0
LINE
8
F.Cu
6
CONTINUOUS
10
4.1498083858267716
20
-4.7865478740157483
11
4.1498083858267716
21
-4.7803812598425193
0
LINE
8
F.Cu
6
CONTINUOUS
10
4.1498083858267716
20
-4.7803812598425193
11
4.1514044094488192
21
-4.7744248031496062
0
LINE
8
F.Cu
6
CONTINUOUS
10
4.1514044094488192
20
-4.7744248031496062
11
4.1544877165354333
21
-4.7690843700787404
0
LINE
8
F.Cu
6
CONTINUOUS
10
4.1544877165354333
20
-4.7690843700787404
11
4.1588481496062988
21
-4.764723937007874
0
LINE
8
F.Cu
6
CONTINUOUS
10
4.1588481496062988
20
-4.764723937007874
11
4.1641885826771654
21
-4.7616406299212599
0
LINE
8
F.Cu
6
CONTINUOUS
10
4.1641885826771654
20
-4.7616406299212599
11
4.1701450393700785
21
-4.7600446062992123
0
LINE
8
F.Cu
6
CONTINUOUS
10
4.1701450393700785
20
-4.7600446062992123
11
4.1763116535433067
21
-4.7600446062992123
0
LINE
8
F.Cu
6
CONTINUOUS
10
4.1763116535433067
20
-4.7600446062992123
11
4.1822681102362207
21
-4.7616406299212599
0
LINE
8
F.Cu
6
CONTINUOUS
10
4.3797929921259842
20
-2.5727008267716536
11
4.3858538188976377
21
-2.5752112992125982
0
LINE
8
F.Cu
6
CONTINUOUS
10
4.3858538188976377
20
-2.5752112992125982
11
4.3913084251968506
21
-2.5788559448818895
0
LINE
8
F.Cu
6
CONTINUOUS
10
4.3913084251968506
20
-2.5788559448818895
11
4.3959472047244095
21
-2.5834947244094488
0
LINE
8
F.Cu
6
CONTINUOUS
10
4.3959472047244095
20
-2.5834947244094488
11
4.3995918503937004
21
-2.5889493307086613
0
LINE
8
F.Cu
6
CONTINUOUS
10
4.3995918503937004
20
-2.5889493307086613
11
4.4021023228346454
21
-2.5950101574803148
0
LINE
8
F.Cu
6
CONTINUOUS
10
4.4021023228346454
20
-2.5950101574803148
11
4.4033821653543308
21
-2.6014442913385825
0
LINE
8
F.Cu
6
CONTINUOUS
10
4.4033821653543308
20
-2.6014442913385825
11
4.4033821653543308
21
-2.6080045275590549
0
LINE
8
F.Cu
6
CONTINUOUS
10
4.4033821653543308
20
-2.6080045275590549
11
4.4021023228346454
21
-2.614438661417323
0
LINE
8
F.Cu
6
CONTINUOUS
10
4.4021023228346454
20
-2.614438661417323
11
4.3995918503937004
21
-2.6204994881889765
0
LINE
8
F.Cu
6
CONTINUOUS
10
4.3995918503937004
20
-2.6204994881889765
11
4.3959472047244095
21
-2.625954094488189
0
LINE
8
F.Cu
6
CONTINUOUS
10
4.3959472047244095
20
-2.625954094488189
11
4.3913084251968506
21
-2.6305928740157478
0
LINE
8
F.Cu
6
CONTINUOUS
10
4.3913084251968506
20
-2.6305928740157478
11
4.3858538188976377
21
-2.6342375196850392
0
LINE
8
F.Cu
6
CONTINUOUS
10
4.3858538188976377
20
-2.6342375196850392
11
4.3818897637795278
21
-2.6358794488188977
0
LINE
8
F.Cu
6
CONTINUOUS
10
4.3818897637795278
20
-2.6358794488188977
11
4.3818897637795278
21
-4.0748031496062991
0
LINE
8
F.Cu
6
CONTINUOUS
10
4.3818897637795278
20
-4.0748031496062991
11
4.3817887007874017
21
-4.0763448031496061
0
LINE
8
F.Cu
6
CONTINUOUS
10
4.3817887007874017
20
-4.0763448031496061
11
4.3809907086614173
21
-4.0793230314960631
0
LINE
8
F.Cu
6
CONTINUOUS
10
4.3809907086614173
20
-4.0793230314960631
11
4.3794490551181102
21
-4.0819932283464562
0
LINE
8
F.Cu
6
CONTINUOUS
10
4.3794490551181102
20
-4.0819932283464562
11
4.3784303937007873
21
-4.0831548031496059
0
LINE
8
F.Cu
6
CONTINUOUS
10
4.3784303937007873
20
-4.0831548031496059
11
4.1982655511811027
21
-4.2633196062992127
0
LINE
8
F.Cu
6
CONTINUOUS
10
4.1982655511811027
20
-4.2633196062992127
11
4.2010606299212601
21
-4.2700675196850391
0
LINE
8
F.Cu
6
CONTINUOUS
10
4.2010606299212601
20
-4.2700675196850391
11
4.2025663385826775
21
-4.2776371259842518
0
LINE
8
F.Cu
6
CONTINUOUS
10
4.2025663385826775
20
-4.2776371259842518
11
4.2025663385826775
21
-4.285355
0
LINE
8
F.Cu
6
CONTINUOUS
10
4.2025663385826775
20
-4.285355
11
4.2010606299212601
21
-4.2929246062992128
0
LINE
8
F.Cu
6
CONTINUOUS
10
4.2010606299212601
20
-4.2929246062992128
11
4.1981071259842517
21
-4.3000549999999995
0
LINE
8
F.Cu
6
CONTINUOUS
10
4.1981071259842517
20
-4.3000549999999995
11
4.193819291338583
21
-4.3064721653543305
0
LINE
8
F.Cu
6
CONTINUOUS
10
4.193819291338583
20
-4.3064721653543305
11
4.1883619291338583
21
-4.3119295275590552
0
LINE
8
F.Cu
6
CONTINUOUS
10
4.1883619291338583
20
-4.3119295275590552
11
4.1819447637795273
21
-4.316217362204724
0
LINE
8
F.Cu
6
CONTINUOUS
10
4.1819447637795273
20
-4.316217362204724
11
4.1751968503937009
21
-4.3190124015748035
0
LINE
8
F.Cu
6
CONTINUOUS
10
4.1751968503937009
20
-4.3190124015748035
11
4.1751968503937009
21
-4.4998851968503937
0
LINE
8
F.Cu
6
CONTINUOUS
10
4.1751968503937009
20
-4.4998851968503937
11
4.1819447637795273
21
-4.5026802755905511
0
LINE
8
F.Cu
6
CONTINUOUS
10
4.1819447637795273
20
-4.5026802755905511
11
4.1883619291338583
21
-4.5069681102362207
0
LINE
8
F.Cu
6
CONTINUOUS
10
4.1883619291338583
20
-4.5069681102362207
11
4.193819291338583
21
-4.5124254724409445
0
LINE
8
F.Cu
6
CONTINUOUS
10
4.193819291338583
20
-4.5124254724409445
11
4.1981071259842517
21
-4.5188426377952755
0
LINE
8
F.Cu
6
CONTINUOUS
10
4.1981071259842517
20
-4.5188426377952755
11
4.2010606299212601
21
-4.5259730314960631
0
LINE
8
F.Cu
6
CONTINUOUS
10
4.2010606299212601
20
-4.5259730314960631
11
4.2025663385826775
21
-4.5335426377952759
0
LINE
8
F.Cu
6
CONTINUOUS
10
4.2025663385826775
20
-4.5335426377952759
11
4.2025663385826775
21
-4.5412605118110232
0
LINE
8
F.Cu
6
CONTINUOUS
10
4.2025663385826775
20
-4.5412605118110232
11
4.2010606299212601
21
-4.548830118110236
0
LINE
8
F.Cu
6
CONTINUOUS
10
4.2010606299212601
20
-4.548830118110236
11
4.1981071259842517
21
-4.5559605118110236
0
LINE
8
F.Cu
6
CONTINUOUS
10
4.1981071259842517
20
-4.5559605118110236
11
4.193819291338583
21
-4.5623776771653546
0
LINE
8
F.Cu
6
CONTINUOUS
10
4.193819291338583
20
-4.5623776771653546
11
4.1883619291338583
21
-4.5678350393700784
0
LINE
8
F.Cu
6
CONTINUOUS
10
4.1883619291338583
20
-4.5678350393700784
11
4.1819447637795273
21
-4.572122874015748
0
LINE
8
F.Cu
6
CONTINUOUS
10
4.1819447637795273
20
-4.572122874015748
11
4.1748143700787397
21
-4.5750763779527555
0
LINE
8
F.Cu
6
CONTINUOUS
10
4.1748143700787397
20
-4.5750763779527555
11
4.1672447637795278
21
-4.5765820866141729
0
LINE
8
F.Cu
6
CONTINUOUS
10
4.1672447637795278
20
-4.5765820866141729
11
4.1595268897637796
21
-4.5765820866141729
0
LINE
8
F.Cu
6
CONTINUOUS
10
4.1595268897637796
20
-4.5765820866141729
11
4.1519572834645668
21
-4.5750763779527555
0
LINE
8
F.Cu
6
CONTINUOUS
10
4.1519572834645668
20
-4.5750763779527555
11
4.1448268897637792
21
-4.572122874015748
0
LINE
8
F.Cu
6
CONTINUOUS
10
4.1448268897637792
20
-4.572122874015748
11
4.1384097244094491
21
-4.5678350393700784
0
LINE
8
F.Cu
6
CONTINUOUS
10
4.1384097244094491
20
-4.5678350393700784
11
4.1329523622047244
21
-4.5623776771653546
0
LINE
8
F.Cu
6
CONTINUOUS
10
4.1329523622047244
20
-4.5623776771653546
11
4.1286645275590548
21
-4.5559605118110236
0
LINE
8
F.Cu
6
CONTINUOUS
10
4.1286645275590548
20
-4.5559605118110236
11
4.1257110236220473
21
-4.548830118110236
0
LINE
8
F.Cu
6
CONTINUOUS
10
4.1257110236220473
20
-4.548830118110236
11
4.1242053149606299
21
-4.5412605118110232
0
LINE
8
F.Cu
6
CONTINUOUS
10
4.1242053149606299
20
-4.5412605118110232
11
4.1242053149606299
21
-4.5335426377952759
0
LINE
8
F.Cu
6
CONTINUOUS
10
4.1242053149606299
20
-4.5335426377952759
11
4.1257110236220473
21
-4.5259730314960631
0
LINE
8
F.Cu
6
CONTINUOUS
10
4.1257110236220473
20
-4.5259730314960631
11
4.1286645275590548
21
-4.5188426377952755
0
LINE
8
F.Cu
6
CONTINUOUS
10
4.1286645275590548
20
-4.5188426377952755
11
4.1329523622047244
21
-4.5124254724409445
0
LINE
8
F.Cu
6
CONTINUOUS
10
4.1329523622047244
20
-4.5124254724409445
11
4.1384097244094491
21
-4.5069681102362207
0
LINE
8
F.Cu
6
CONTINUOUS
10
4.1384097244094491
20
-4.5069681102362207
11
4.1448268897637792
21
-4.5026802755905511
0
LINE
8
F.Cu
6
CONTINUOUS
10
4.1448268897637792
20
-4.5026802755905511
11
4.1515748031496065
21
-4.4998851968503937
0
LINE
8
F.Cu
6
CONTINUOUS
10
4.1515748031496065
20
-4.4998851968503937
11
4.1515748031496065
21
-4.3190124015748035
0
LINE
8
F.Cu
6
CONTINUOUS
10
4.1515748031496065
20
-4.3190124015748035
11
4.1448268897637792
21
-4.316217362204724
0
LINE
8
F.Cu
6
CONTINUOUS
10
4.1448268897637792
20
-4.316217362204724
11
4.1384097244094491
21
-4.3119295275590552
0
LINE
8
F.Cu
6
CONTINUOUS
10
4.1384097244094491
20
-4.3119295275590552
11
4.1329523622047244
21
-4.3064721653543305
0
LINE
8
F.Cu
6
CONTINUOUS
10
4.1329523622047244
20
-4.3064721653543305
11
4.1286645275590548
21
-4.3000549999999995
0
LINE
8
F.Cu
6
CONTINUOUS
10
4.1286645275590548
20
-4.3000549999999995
11
4.1257110236220473
21
-4.2929246062992128
0
LINE
8
F.Cu
6
CONTINUOUS
10
4.1257110236220473
20
-4.2929246062992128
11
4.1242053149606299
21
-4.285355
0
LINE
8
F.Cu
6
CONTINUOUS
10
4.1242053149606299
20
-4.285355
11
4.1242053149606299
21
-4.2776371259842518
0
LINE
8
F.Cu
6
CONTINUOUS
10
4.1242053149606299
20
-4.2776371259842518
11
4.1257110236220473
21
-4.2700675196850391
0
LINE
8
F.Cu
6
CONTINUOUS
10
4.1257110236220473
20
-4.2700675196850391
11
4.1286645275590548
21
-4.2629371259842515
0
LINE
8
F.Cu
6
CONTINUOUS
10
4.1286645275590548
20
-4.2629371259842515
11
4.1329523622047244
21
-4.2565199606299213
0
LINE
8
F.Cu
6
CONTINUOUS
10
4.1329523622047244
20
-4.2565199606299213
11
4.1384097244094491
21
-4.2510625984251966
0
LINE
8
F.Cu
6
CONTINUOUS
10
4.1384097244094491
20
-4.2510625984251966
11
4.1448268897637792
21
-4.2467747637795279
0
LINE
8
F.Cu
6
CONTINUOUS
10
4.1448268897637792
20
-4.2467747637795279
11
4.1519572834645668
21
-4.2438212598425196
0
LINE
8
F.Cu
6
CONTINUOUS
10
4.1519572834645668
20
-4.2438212598425196
11
4.1595268897637796
21
-4.2423155511811022
0
LINE
8
F.Cu
6
CONTINUOUS
10
4.1595268897637796
20
-4.2423155511811022
11
4.1672447637795278
21
-4.2423155511811022
0
LINE
8
F.Cu
6
CONTINUOUS
10
4.1672447637795278
20
-4.2423155511811022
11
4.1748143700787397
21
-4.2438212598425196
0
LINE
8
F.Cu
6
CONTINUOUS
10
4.1748143700787397
20
-4.2438212598425196
11
4.1815622440944882
21
-4.2466162992125982
0
LINE
8
F.Cu
6
CONTINUOUS
10
4.1815622440944882
20
-4.2466162992125982
11
4.3582677165354333
21
-4.0699108661417318
0
LINE
8
F.Cu
6
CONTINUOUS
10
4.3582677165354333
20
-4.0699108661417318
11
4.3582677165354333
21
-2.6358794488188977
0
LINE
8
F.Cu
6
CONTINUOUS
10
4.3582677165354333
20
-2.6358794488188977
11
4.3543036614173225
21
-2.6342375196850392
0
LINE
8
F.Cu
6
CONTINUOUS
10
4.3543036614173225
20
-2.6342375196850392
11
4.3488490551181105
21
-2.6305928740157478
0
LINE
8
F.Cu
6
CONTINUOUS
10
4.3488490551181105
20
-2.6305928740157478
11
4.3442102755905507
21
-2.625954094488189
0
LINE
8
F.Cu
6
CONTINUOUS
10
4.3442102755905507
20
-2.625954094488189
11
4.3405656299212598
21
-2.6204994881889765
0
LINE
8
F.Cu
6
CONTINUOUS
10
4.3405656299212598
20
-2.6204994881889765
11
4.3380551574803148
21
-2.614438661417323
0
LINE
8
F.Cu
6
CONTINUOUS
10
4.3380551574803148
20
-2.614438661417323
11
4.3367753149606294
21
-2.6080045275590549
0
LINE
8
F.Cu
6
CONTINUOUS
10
4.3367753149606294
20
-2.6080045275590549
11
4.3367753149606294
21
-2.6014442913385825
0
LINE
8
F.Cu
6
CONTINUOUS
10
4.3367753149606294
20
-2.6014442913385825
11
4.3380551574803148
21
-2.5950101574803148
0
LINE
8
F.Cu
6
CONTINUOUS
10
4.3380551574803148
20
-2.5950101574803148
11
4.3405656299212598
21
-2.5889493307086613
0
LINE
8
F.Cu
6
CONTINUOUS
10
4.3405656299212598
20
-2.5889493307086613
11
4.3442102755905507
21
-2.5834947244094488
0
LINE
8
F.Cu
6
CONTINUOUS
10
4.3442102755905507
20
-2.5834947244094488
11
4.3488490551181105
21
-2.5788559448818895
0
LINE
8
F.Cu
6
CONTINUOUS
10
4.3488490551181105
20
-2.5788559448818895
11
4.3543036614173225
21
-2.5752112992125982
0
LINE
8
F.Cu
6
CONTINUOUS
10
4.3543036614173225
20
-2.5752112992125982
11
4.360364488188976
21
-2.5727008267716536
0
LINE
8
F.Cu
6
CONTINUOUS
10
4.360364488188976
20
-2.5727008267716536
11
4.3667986220472441
21
-2.5714209842519686
0
LINE
8
F.Cu
6
CONTINUOUS
10
4.3667986220472441
20
-2.5714209842519686
11
4.3733588582677161
21
-2.5714209842519686
0
LINE
8
F.Cu
6
CONTINUOUS
10
4.3733588582677161
20
-2.5714209842519686
11
4.3797929921259842
21
-2.5727008267716536
0
LINE
8
F.Cu
6
CONTINUOUS
10
4.3797929921259842
20
-2.4727008267716535
11
4.3858538188976377
21
-2.4752112992125985
0
LINE
8
F.Cu
6
CONTINUOUS
10
4.3858538188976377
20
-2.4752112992125985
11
4.3913084251968506
21
-2.4788559448818899
0
LINE
8
F.Cu
6
CONTINUOUS
10
4.3913084251968506
20
-2.4788559448818899
11
4.3959472047244095
21
-2.4834947244094487
0
LINE
8
F.Cu
6
CONTINUOUS
10
4.3959472047244095
20
-2.4834947244094487
11
4.3995918503937004
21
-2.4889493307086612
0
LINE
8
F.Cu
6
CONTINUOUS
10
4.3995918503937004
20
-2.4889493307086612
11
4.4021023228346454
21
-2.4950101574803147
0
LINE
8
F.Cu
6
CONTINUOUS
10
4.4021023228346454
20
-2.4950101574803147
11
4.4033821653543308
21
-2.5014442913385828
0
LINE
8
F.Cu
6
CONTINUOUS
10
4.4033821653543308
20
-2.5014442913385828
11
4.4033821653543308
21
-2.5080045275590552
0
LINE
8
F.Cu
6
CONTINUOUS
10
4.4033821653543308
20
-2.5080045275590552
11
4.4021023228346454
21
-2.5144386614173229
0
LINE
8
F.Cu
6
CONTINUOUS
10
4.4021023228346454
20
-2.5144386614173229
11
4.3995918503937004
21
-2.5204994881889764
0
LINE
8
F.Cu
6
CONTINUOUS
10
4.3995918503937004
20
-2.5204994881889764
11
4.3959472047244095
21
-2.5259540944881889
0
LINE
8
F.Cu
6
CONTINUOUS
10
4.3959472047244095
20
-2.5259540944881889
11
4.3913084251968506
21
-2.5305928740157482
0
LINE
8
F.Cu
6
CONTINUOUS
10
4.3913084251968506
20
-2.5305928740157482
11
4.3858538188976377
21
-2.5342375196850395
0
LINE
8
F.Cu
6
CONTINUOUS
10
4.3858538188976377
20
-2.5342375196850395
11
4.3797929921259842
21
-2.5367479921259841
0
LINE
8
F.Cu
6
CONTINUOUS
10
4.3797929921259842
20
-2.5367479921259841
11
4.3733588582677161
21
-2.5380278346456691
0
LINE
8
F.Cu
6
CONTINUOUS
10
4.3733588582677161
20
-2.5380278346456691
11
4.3667986220472441
21
-2.5380278346456691
0
LINE
8
F.Cu
6
CONTINUOUS
10
4.3667986220472441
20
-2.5380278346456691
11
4.360364488188976
21
-2.5367479921259841
0
LINE
8
F.Cu
6
CONTINUOUS
10
4.360364488188976
20
-2.5367479921259841
11
4.3543036614173225
21
-2.5342375196850395
0
LINE
8
F.Cu
6
CONTINUOUS
10
4.3543036614173225
20
-2.5342375196850395
11
4.3488490551181105
21
-2.5305928740157482
0
LINE
8
F.Cu
6
CONTINUOUS
10
4.3488490551181105
20
-2.5305928740157482
11
4.3442102755905507
21
-2.5259540944881889
0
LINE
8
F.Cu
6
CONTINUOUS
10
4.3442102755905507
20
-2.5259540944881889
11
4.3405656299212598
21
-2.5204994881889764
0
LINE
8
F.Cu
6
CONTINUOUS
10
4.3405656299212598
20
-2.5204994881889764
11
4.338923661417323
21
-2.516535433070866
0
LINE
8
F.Cu
6
CONTINUOUS
10
4.338923661417323
20
-2.516535433070866
11
4.3210340157480314
21
-2.516535433070866
0
LINE
8
F.Cu
6
CONTINUOUS
10
4.3210340157480314
20
-2.516535433070866
11
4.3129921259842519
21
-2.5245773228346455
0
LINE
8
F.Cu
6
CONTINUOUS
10
4.3129921259842519
20
-2.5245773228346455
11
4.3129921259842519
21
-3.5795275590551179
0
LINE
8
F.Cu
6
CONTINUOUS
10
4.3129921259842519
20
-3.5795275590551179
11
4.3128910629921258
21
-3.5810692125984249
0
LINE
8
F.Cu
6
CONTINUOUS
10
4.3128910629921258
20
-3.5810692125984249
11
4.3120930708661414
21
-3.5840474409448819
0
LINE
8
F.Cu
6
CONTINUOUS
10
4.3120930708661414
20
-3.5840474409448819
11
4.3105514173228343
21
-3.5867176377952754
0
LINE
8
F.Cu
6
CONTINUOUS
10
4.3105514173228343
20
-3.5867176377952754
11
4.3105510629921255
21
-3.5867179527559054
0
LINE
8
F.Cu
6
CONTINUOUS
10
4.3105510629921255
20
-3.5867179527559054
11
4.3095327559055114
21
-3.5878792125984251
0
LINE
8
F.Cu
6
CONTINUOUS
10
4.3095327559055114
20
-3.5878792125984251
11
4.1982655511811027
21
-3.699146377952756
0
LINE
8
F.Cu
6
CONTINUOUS
10
4.1982655511811027
20
-3.699146377952756
11
4.2010606299212601
21
-3.7058942913385824
0
LINE
8
F.Cu
6
CONTINUOUS
10
4.2010606299212601
20
-3.7058942913385824
11
4.2025663385826775
21
-3.7134638976377952
0
LINE
8
F.Cu
6
CONTINUOUS
10
4.2025663385826775
20
-3.7134638976377952
11
4.2025663385826775
21
-3.7211817716535434
0
LINE
8
F.Cu
6
CONTINUOUS
10
4.2025663385826775
20
-3.7211817716535434
11
4.2010606299212601
21
-3.7287513779527557
0
LINE
8
F.Cu
6
CONTINUOUS
10
4.2010606299212601
20
-3.7287513779527557
11
4.1981071259842517
21
-3.7358817716535433
0
LINE
8
F.Cu
6
CONTINUOUS
10
4.1981071259842517
20
-3.7358817716535433
11
4.193819291338583
21
-3.7422989370078739
0
LINE
8
F.Cu
6
CONTINUOUS
10
4.193819291338583
20
-3.7422989370078739
11
4.1883619291338583
21
-3.7477562992125981
0
LINE
8
F.Cu
6
CONTINUOUS
10
4.1883619291338583
20
-3.7477562992125981
11
4.1819447637795273
21
-3.7520441338582677
0
LINE
8
F.Cu
6
CONTINUOUS
10
4.1819447637795273
20
-3.7520441338582677
11
4.1751968503937009
21
-3.7548391732283464
0
LINE
8
F.Cu
6
CONTINUOUS
10
4.1751968503937009
20
-3.7548391732283464
11
4.1751968503937009
21
-3.935711968503937
0
LINE
8
F.Cu
6
CONTINUOUS
10
4.1751968503937009
20
-3.935711968503937
11
4.1819447637795273
21
-3.9385070472440944
0
LINE
8
F.Cu
6
CONTINUOUS
10
4.1819447637795273
20
-3.9385070472440944
11
4.1883619291338583
21
-3.9427948818897636
0
LINE
8
F.Cu
6
CONTINUOUS
10
4.1883619291338583
20
-3.9427948818897636
11
4.193819291338583
21
-3.9482522440944883
0
LINE
8
F.Cu
6
CONTINUOUS
10
4.193819291338583
20
-3.9482522440944883
11
4.1981071259842517
21
-3.9546694094488188
0
LINE
8
F.Cu
6
CONTINUOUS
10
4.1981071259842517
20
-3.9546694094488188
11
4.2010606299212601
21
-3.961799803149606
0
LINE
8
F.Cu
6
CONTINUOUS
10
4.2010606299212601
20
-3.961799803149606
11
4.2025663385826775
21
-3.9693694094488188
0
LINE
8
F.Cu
6
CONTINUOUS
10
4.2025663385826775
20
-3.9693694094488188
11
4.2025663385826775
21
-3.977087283464567
0
LINE
8
F.Cu
6
CONTINUOUS
10
4.2025663385826775
20
-3.977087283464567
11
4.2010606299212601
21
-3.9846568897637793
0
LINE
8
F.Cu
6
CONTINUOUS
10
4.2010606299212601
20
-3.9846568897637793
11
4.1981071259842517
21
-3.9917872834645669
0
LINE
8
F.Cu
6
CONTINUOUS
10
4.1981071259842517
20
-3.9917872834645669
11
4.193819291338583
21
-3.9982044488188975
0
LINE
8
F.Cu
6
CONTINUOUS
10
4.193819291338583
20
-3.9982044488188975
11
4.1883619291338583
21
-4.0036618110236217
0
LINE
8
F.Cu
6
CONTINUOUS
10
4.1883619291338583
20
-4.0036618110236217
11
4.1819447637795273
21
-4.0079496456692913
0
LINE
8
F.Cu
6
CONTINUOUS
10
4.1819447637795273
20
-4.0079496456692913
11
4.1748143700787397
21
-4.0109031496062988
0
LINE
8
F.Cu
6
CONTINUOUS
10
4.1748143700787397
20
-4.0109031496062988
11
4.1672447637795278
21
-4.0124088582677162
0
LINE
8
F.Cu
6
CONTINUOUS
10
4.1672447637795278
20
-4.0124088582677162
11
4.1595268897637796
21
-4.0124088582677162
0
LINE
8
F.Cu
6
CONTINUOUS
10
4.1595268897637796
20
-4.0124088582677162
11
4.1519572834645668
21
-4.0109031496062988
0
LINE
8
F.Cu
6
CONTINUOUS
10
4.1519572834645668
20
-4.0109031496062988
11
4.1448268897637792
21
-4.0079496456692913
0
LINE
8
F.Cu
6
CONTINUOUS
10
4.1448268897637792
20
-4.0079496456692913
11
4.1384097244094491
21
-4.0036618110236217
0
LINE
8
F.Cu
6
CONTINUOUS
10
4.1384097244094491
20
-4.0036618110236217
11
4.1329523622047244
21
-3.9982044488188975
0
LINE
8
F.Cu
6
CONTINUOUS
10
4.1329523622047244
20
-3.9982044488188975
11
4.1286645275590548
21
-3.9917872834645669
0
LINE
8
F.Cu
6
CONTINUOUS
10
4.1286645275590548
20
-3.9917872834645669
11
4.1257110236220473
21
-3.9846568897637793
0
LINE
8
F.Cu
6
CONTINUOUS
10
4.1257110236220473
20
-3.9846568897637793
11
4.1242053149606299
21
-3.977087283464567
0
LINE
8
F.Cu
6
CONTINUOUS
10
4.1242053149606299
20
-3.977087283464567
11
4.1242053149606299
21
-3.9693694094488188
0
LINE
8
F.Cu
6
CONTINUOUS
10
4.1242053149606299
20
-3.9693694094488188
11
4.1257110236220473
21
-3.961799803149606
0
LINE
8
F.Cu
6
CONTINUOUS
10
4.1257110236220473
20
-3.961799803149606
11
4.1286645275590548
21
-3.9546694094488188
0
LINE
8
F.Cu
6
CONTINUOUS
10
4.1286645275590548
20
-3.9546694094488188
11
4.1329523622047244
21
-3.9482522440944883
0
LINE
8
F.Cu
6
CONTINUOUS
10
4.1329523622047244
20
-3.9482522440944883
11
4.1384097244094491
21
-3.9427948818897636
0
LINE
8
F.Cu
6
CONTINUOUS
10
4.1384097244094491
20
-3.9427948818897636
11
4.1448268897637792
21
-3.9385070472440944
0
LINE
8
F.Cu
6
CONTINUOUS
10
4.1448268897637792
20
-3.9385070472440944
11
4.1515748031496065
21
-3.935711968503937
0
LINE
8
F.Cu
6
CONTINUOUS
10
4.1515748031496065
20
-3.935711968503937
11
4.1515748031496065
21
-3.7548391732283464
0
LINE
8
F.Cu
6
CONTINUOUS
10
4.1515748031496065
20
-3.7548391732283464
11
4.1448268897637792
21
-3.7520441338582677
0
LINE
8
F.Cu
6
CONTINUOUS
10
4.1448268897637792
20
-3.7520441338582677
11
4.1384097244094491
21
-3.7477562992125981
0
LINE
8
F.Cu
6
CONTINUOUS
10
4.1384097244094491
20
-3.7477562992125981
11
4.1329523622047244
21
-3.7422989370078739
0
LINE
8
F.Cu
6
CONTINUOUS
10
4.1329523622047244
20
-3.7422989370078739
11
4.1286645275590548
21
-3.7358817716535433
0
LINE
8
F.Cu
6
CONTINUOUS
10
4.1286645275590548
20
-3.7358817716535433
11
4.1257110236220473
21
-3.7287513779527557
0
LINE
8
F.Cu
6
CONTINUOUS
10
4.1257110236220473
20
-3.7287513779527557
11
4.1242053149606299
21
-3.7211817716535434
0
LINE
8
F.Cu
6
CONTINUOUS
10
4.1242053149606299
20
-3.7211817716535434
11
4.1242053149606299
21
-3.7134638976377952
0
LINE
8
F.Cu
6
CONTINUOUS
10
4.1242053149606299
20
-3.7134638976377952
11
4.1257110236220473
21
-3.7058942913385824
0
LINE
8
F.Cu
6
CONTINUOUS
10
4.1257110236220473
20
-3.7058942913385824
11
4.1286645275590548
21
-3.6987638976377952
0
LINE
8
F.Cu
6
CONTINUOUS
10
4.1286645275590548
20
-3.6987638976377952
11
4.1329523622047244
21
-3.6923467322834647
0
LINE
8
F.Cu
6
CONTINUOUS
10
4.1329523622047244
20
-3.6923467322834647
11
4.1384097244094491
21
-3.68688937007874
0
LINE
8
F.Cu
6
CONTINUOUS
10
4.1384097244094491
20
-3.68688937007874
11
4.1448268897637792
21
-3.6826015354330708
0
LINE
8
F.Cu
6
CONTINUOUS
10
4.1448268897637792
20
-3.6826015354330708
11
4.1519572834645668
21
-3.6796480314960629
0
LINE
8
F.Cu
6
CONTINUOUS
10
4.1519572834645668
20
-3.6796480314960629
11
4.1595268897637796
21
-3.6781423228346455
0
LINE
8
F.Cu
6
CONTINUOUS
10
4.1595268897637796
20
-3.6781423228346455
11
4.1672447637795278
21
-3.6781423228346455
0
LINE
8
F.Cu
6
CONTINUOUS
10
4.1672447637795278
20
-3.6781423228346455
11
4.1748143700787397
21
-3.6796480314960629
0
LINE
8
F.Cu
6
CONTINUOUS
10
4.1748143700787397
20
-3.6796480314960629
11
4.1815622440944882
21
-3.6824430708661415
0
LINE
8
F.Cu
6
CONTINUOUS
10
4.1815622440944882
20
-3.6824430708661415
11
4.2893700787401574
21
-3.5746352755905511
0
LINE
8
F.Cu
6
CONTINUOUS
10
4.2893700787401574
20
-3.5746352755905511
11
4.2893700787401574
21
-2.5196850393700787
0
LINE
8
F.Cu
6
CONTINUOUS
10
4.2893700787401574
20
-2.5196850393700787
11
4.2894711417322835
21
-2.5181433858267717
0
LINE
8
F.Cu
6
CONTINUOUS
10
4.2894711417322835
20
-2.5181433858267717
11
4.2902691338582679
21
-2.5151651574803151
0
LINE
8
F.Cu
6
CONTINUOUS
10
4.2902691338582679
20
-2.5151651574803151
11
4.291810787401575
21
-2.5124949606299212
0
LINE
8
F.Cu
6
CONTINUOUS
10
4.291810787401575
20
-2.5124949606299212
11
4.2928294488188978
21
-2.5113333858267715
0
LINE
8
F.Cu
6
CONTINUOUS
10
4.2928294488188978
20
-2.5113333858267715
11
4.3077900787401573
21
-2.4963727559055116
0
LINE
8
F.Cu
6
CONTINUOUS
10
4.3077900787401573
20
-2.4963727559055116
11
4.308951653543307
21
-2.4953540944881891
0
LINE
8
F.Cu
6
CONTINUOUS
10
4.308951653543307
20
-2.4953540944881891
11
4.3116218503937009
21
-2.4938124409448816
0
LINE
8
F.Cu
6
CONTINUOUS
10
4.3116218503937009
20
-2.4938124409448816
11
4.3146000787401571
21
-2.4930144488188977
0
LINE
8
F.Cu
6
CONTINUOUS
10
4.3146000787401571
20
-2.4930144488188977
11
4.3161417322834641
21
-2.4929133858267716
0
LINE
8
F.Cu
6
CONTINUOUS
10
4.3161417322834641
20
-2.4929133858267716
11
4.338923661417323
21
-2.4929133858267716
0
LINE
8
F.Cu
6
CONTINUOUS
10
4.338923661417323
20
-2.4929133858267716
11
4.3405656299212598
21
-2.4889493307086612
0
LINE
8
F.Cu
6
CONTINUOUS
10
4.3405656299212598
20
-2.4889493307086612
11
4.3442102755905507
21
-2.4834947244094487
0
LINE
8
F.Cu
6
CONTINUOUS
10
4.3442102755905507
20
-2.4834947244094487
11
4.3488490551181105
21
-2.4788559448818899
0
LINE
8
F.Cu
6
CONTINUOUS
10
4.3488490551181105
20
-2.4788559448818899
11
4.3543036614173225
21
-2.4752112992125985
0
LINE
8
F.Cu
6
CONTINUOUS
10
4.3543036614173225
20
-2.4752112992125985
11
4.360364488188976
21
-2.4727008267716535
0
LINE
8
F.Cu
6
CONTINUOUS
10
4.360364488188976
20
-2.4727008267716535
11
4.3667986220472441
21
-2.4714209842519685
0
LINE
8
F.Cu
6
CONTINUOUS
10
4.3667986220472441
20
-2.4714209842519685
11
4.3733588582677161
21
-2.4714209842519685
0
LINE
8
F.Cu
6
CONTINUOUS
10
4.3733588582677161
20
-2.4714209842519685
11
4.3797929921259842
21
-2.4727008267716535
0
LINE
8
F.Cu
6
CONTINUOUS
10
4.3797929921259842
20
-2.3727008267716534
11
4.3858538188976377
21
-2.3752112992125984
0
LINE
8
F.Cu
6
CONTINUOUS
10
4.3858538188976377
20
-2.3752112992125984
11
4.3913084251968506
21
-2.3788559448818898
0
LINE
8
F.Cu
6
CONTINUOUS
10
4.3913084251968506
20
-2.3788559448818898
11
4.3959472047244095
21
-2.3834947244094487
0
LINE
8
F.Cu
6
CONTINUOUS
10
4.3959472047244095
20
-2.3834947244094487
11
4.3995918503937004
21
-2.3889493307086616
0
LINE
8
F.Cu
6
CONTINUOUS
10
4.3995918503937004
20
-2.3889493307086616
11
4.4021023228346454
21
-2.3950101574803151
0
LINE
8
F.Cu
6
CONTINUOUS
10
4.4021023228346454
20
-2.3950101574803151
11
4.4033821653543308
21
-2.4014442913385827
0
LINE
8
F.Cu
6
CONTINUOUS
10
4.4033821653543308
20
-2.4014442913385827
11
4.4033821653543308
21
-2.4080045275590551
0
LINE
8
F.Cu
6
CONTINUOUS
10
4.4033821653543308
20
-2.4080045275590551
11
4.4021023228346454
21
-2.4144386614173228
0
LINE
8
F.Cu
6
CONTINUOUS
10
4.4021023228346454
20
-2.4144386614173228
11
4.3995918503937004
21
-2.4204994881889763
0
LINE
8
F.Cu
6
CONTINUOUS
10
4.3995918503937004
20
-2.4204994881889763
11
4.3959472047244095
21
-2.4259540944881888
0
LINE
8
F.Cu
6
CONTINUOUS
10
4.3959472047244095
20
-2.4259540944881888
11
4.3913084251968506
21
-2.4305928740157481
0
LINE
8
F.Cu
6
CONTINUOUS
10
4.3913084251968506
20
-2.4305928740157481
11
4.3858538188976377
21
-2.4342375196850394
0
LINE
8
F.Cu
6
CONTINUOUS
10
4.3858538188976377
20
-2.4342375196850394
11
4.3797929921259842
21
-2.436747992125984
0
LINE
8
F.Cu
6
CONTINUOUS
10
4.3797929921259842
20
-2.436747992125984
11
4.3733588582677161
21
-2.4380278346456694
0
LINE
8
F.Cu
6
CONTINUOUS
10
4.3733588582677161
20
-2.4380278346456694
11
4.3667986220472441
21
-2.4380278346456694
0
LINE
8
F.Cu
6
CONTINUOUS
10
4.3667986220472441
20
-2.4380278346456694
11
4.360364488188976
21
-2.436747992125984
0
LINE
8
F.Cu
6
CONTINUOUS
10
4.360364488188976
20
-2.436747992125984
11
4.3543036614173225
21
-2.4342375196850394
0
LINE
8
F.Cu
6
CONTINUOUS
10
4.3543036614173225
20
-2.4342375196850394
11
4.3488490551181105
21
-2.4305928740157481
0
LINE
8
F.Cu
6
CONTINUOUS
10
4.3488490551181105
20
-2.4305928740157481
11
4.3442102755905507
21
-2.4259540944881888
0
LINE
8
F.Cu
6
CONTINUOUS
10
4.3442102755905507
20
-2.4259540944881888
11
4.3405656299212598
21
-2.4204994881889763
0
LINE
8
F.Cu
6
CONTINUOUS
10
4.3405656299212598
20
-2.4204994881889763
11
4.338923661417323
21
-2.4165354330708659
0
LINE
8
F.Cu
6
CONTINUOUS
10
4.338923661417323
20
-2.4165354330708659
11
4.2930812598425199
21
-2.4165354330708659
0
LINE
8
F.Cu
6
CONTINUOUS
10
4.2930812598425199
20
-2.4165354330708659
11
4.2539370078740157
21
-2.4556796850393701
0
LINE
8
F.Cu
6
CONTINUOUS
10
4.2539370078740157
20
-2.4556796850393701
11
4.2539370078740157
21
-3.0744094488188978
0
LINE
8
F.Cu
6
CONTINUOUS
10
4.2539370078740157
20
-3.0744094488188978
11
4.2538359448818897
21
-3.0759511023622048
0
LINE
8
F.Cu
6
CONTINUOUS
10
4.2538359448818897
20
-3.0759511023622048
11
4.2530379527559052
21
-3.0789293307086614
0
LINE
8
F.Cu
6
CONTINUOUS
10
4.2530379527559052
20
-3.0789293307086614
11
4.2514962992125982
21
-3.0815995275590549
0
LINE
8
F.Cu
6
CONTINUOUS
10
4.2514962992125982
20
-3.0815995275590549
11
4.2504776377952753
21
-3.0827611023622046
0
LINE
8
F.Cu
6
CONTINUOUS
10
4.2504776377952753
20
-3.0827611023622046
11
4.1982655511811027
21
-3.1349731496062994
0
LINE
8
F.Cu
6
CONTINUOUS
10
4.1982655511811027
20
-3.1349731496062994
11
4.2010606299212601
21
-3.1417210629921257
0
LINE
8
F.Cu
6
CONTINUOUS
10
4.2010606299212601
20
-3.1417210629921257
11
4.2025663385826775
21
-3.1492906692913385
0
LINE
8
F.Cu
6
CONTINUOUS
10
4.2025663385826775
20
-3.1492906692913385
11
4.2025663385826775
21
-3.1570085433070867
0
LINE
8
F.Cu
6
CONTINUOUS
10
4.2025663385826775
20
-3.1570085433070867
11
4.2010606299212601
21
-3.164578149606299
0
LINE
8
F.Cu
6
CONTINUOUS
10
4.2010606299212601
20
-3.164578149606299
11
4.1981071259842517
21
-3.1717085433070866
0
LINE
8
F.Cu
6
CONTINUOUS
10
4.1981071259842517
20
-3.1717085433070866
11
4.193819291338583
21
-3.1781257086614172
0
LINE
8
F.Cu
6
CONTINUOUS
10
4.193819291338583
20
-3.1781257086614172
11
4.1883619291338583
21
-3.1835830708661415
0
LINE
8
F.Cu
6
CONTINUOUS
10
4.1883619291338583
20
-3.1835830708661415
11
4.1819447637795273
21
-3.1878709055118111
0
LINE
8
F.Cu
6
CONTINUOUS
10
4.1819447637795273
20
-3.1878709055118111
11
4.1751968503937009
21
-3.1906659448818897
0
LINE
8
F.Cu
6
CONTINUOUS
10
4.1751968503937009
20
-3.1906659448818897
11
4.1751968503937009
21
-3.3715387401574803
0
LINE
8
F.Cu
6
CONTINUOUS
10
4.1751968503937009
20
-3.3715387401574803
11
4.1819447637795273
21
-3.3743338188976377
0
LINE
8
F.Cu
6
CONTINUOUS
10
4.1819447637795273
20
-3.3743338188976377
11
4.1883619291338583
21
-3.3786216535433069
0
LINE
8
F.Cu
6
CONTINUOUS
10
4.1883619291338583
20
-3.3786216535433069
11
4.193819291338583
21
-3.3840790157480316
0
LINE
8
F.Cu
6
CONTINUOUS
10
4.193819291338583
20
-3.3840790157480316
11
4.1981071259842517
21
-3.3904961811023622
0
LINE
8
F.Cu
6
CONTINUOUS
10
4.1981071259842517
20
-3.3904961811023622
11
4.2010606299212601
21
-3.3976265748031493
0
LINE
8
F.Cu
6
CONTINUOUS
10
4.2010606299212601
20
-3.3976265748031493
11
4.2025663385826775
21
-3.4051961811023621
0
LINE
8
F.Cu
6
CONTINUOUS
10
4.2025663385826775
20
-3.4051961811023621
11
4.2025663385826775
21
-3.4129140551181103
0
LINE
8
F.Cu
6
CONTINUOUS
10
4.2025663385826775
20
-3.4129140551181103
11
4.2010606299212601
21
-3.4204836614173226
0
LINE
8
F.Cu
6
CONTINUOUS
10
4.2010606299212601
20
-3.4204836614173226
11
4.1981071259842517
21
-3.4276140551181102
0
LINE
8
F.Cu
6
CONTINUOUS
10
4.1981071259842517
20
-3.4276140551181102
11
4.193819291338583
21
-3.4340312204724408
0
LINE
8
F.Cu
6
CONTINUOUS
10
4.193819291338583
20
-3.4340312204724408
11
4.1883619291338583
21
-3.4394885826771651
0
LINE
8
F.Cu
6
CONTINUOUS
10
4.1883619291338583
20
-3.4394885826771651
11
4.1819447637795273
21
-3.4437764173228347
0
LINE
8
F.Cu
6
CONTINUOUS
10
4.1819447637795273
20
-3.4437764173228347
11
4.1748143700787397
21
-3.4467299212598426
0
LINE
8
F.Cu
6
CONTINUOUS
10
4.1748143700787397
20
-3.4467299212598426
11
4.1672447637795278
21
-3.44823562992126
0
LINE
8
F.Cu
6
CONTINUOUS
10
4.1672447637795278
20
-3.44823562992126
11
4.1595268897637796
21
-3.44823562992126
0
LINE
8
F.Cu
6
CONTINUOUS
10
4.1595268897637796
20
-3.44823562992126
11
4.1519572834645668
21
-3.4467299212598426
0
LINE
8
F.Cu
6
CONTINUOUS
10
4.1519572834645668
20
-3.4467299212598426
11
4.1448268897637792
21
-3.4437764173228347
0
LINE
8
F.Cu
6
CONTINUOUS
10
4.1448268897637792
20
-3.4437764173228347
11
4.1384097244094491
21
-3.4394885826771651
0
LINE
8
F.Cu
6
CONTINUOUS
10
4.1384097244094491
20
-3.4394885826771651
11
4.1329523622047244
21
-3.4340312204724408
0
LINE
8
F.Cu
6
CONTINUOUS
10
4.1329523622047244
20
-3.4340312204724408
11
4.1286645275590548
21
-3.4276140551181102
0
LINE
8
F.Cu
6
CONTINUOUS
10
4.1286645275590548
20
-3.4276140551181102
11
4.1257110236220473
21
-3.4204836614173226
0
LINE
8
F.Cu
6
CONTINUOUS
10
4.1257110236220473
20
-3.4204836614173226
11
4.1242053149606299
21
-3.4129140551181103
0
LINE
8
F.Cu
6
CONTINUOUS
10
4.1242053149606299
20
-3.4129140551181103
11
4.1242053149606299
21
-3.4051961811023621
0
LINE
8
F.Cu
6
CONTINUOUS
10
4.1242053149606299
20
-3.4051961811023621
11
4.1257110236220473
21
-3.3976265748031493
0
LINE
8
F.Cu
6
CONTINUOUS
10
4.1257110236220473
20
-3.3976265748031493
11
4.1286645275590548
21
-3.3904961811023622
0
LINE
8
F.Cu
6
CONTINUOUS
10
4.1286645275590548
20
-3.3904961811023622
11
4.1329523622047244
21
-3.3840790157480316
0
LINE
8
F.Cu
6
CONTINUOUS
10
4.1329523622047244
20
-3.3840790157480316
11
4.1384097244094491
21
-3.3786216535433069
0
LINE
8
F.Cu
6
CONTINUOUS
10
4.1384097244094491
20
-3.3786216535433069
11
4.1448268897637792
21
-3.3743338188976377
0
LINE
8
F.Cu
6
CONTINUOUS
10
4.1448268897637792
20
-3.3743338188976377
11
4.1515748031496065
21
-3.3715387401574803
0
LINE
8
F.Cu
6
CONTINUOUS
10
4.1515748031496065
20
-3.3715387401574803
11
4.1515748031496065
21
-3.1906659448818897
0
LINE
8
F.Cu
6
CONTINUOUS
10
4.1515748031496065
20
-3.1906659448818897
11
4.1448268897637792
21
-3.1878709055118111
0
LINE
8
F.Cu
6
CONTINUOUS
10
4.1448268897637792
20
-3.1878709055118111
11
4.1384097244094491
21
-3.1835830708661415
0
LINE
8
F.Cu
6
CONTINUOUS
10
4.1384097244094491
20
-3.1835830708661415
11
4.1329523622047244
21
-3.1781257086614172
0
LINE
8
F.Cu
6
CONTINUOUS
10
4.1329523622047244
20
-3.1781257086614172
11
4.1286645275590548
21
-3.1717085433070866
0
LINE
8
F.Cu
6
CONTINUOUS
10
4.1286645275590548
20
-3.1717085433070866
11
4.1257110236220473
21
-3.164578149606299
0
LINE
8
F.Cu
6
CONTINUOUS
10
4.1257110236220473
20
-3.164578149606299
11
4.1242053149606299
21
-3.1570085433070867
0
LINE
8
F.Cu
6
CONTINUOUS
10
4.1242053149606299
20
-3.1570085433070867
11
4.1242053149606299
21
-3.1492906692913385
0
LINE
8
F.Cu
6
CONTINUOUS
10
4.1242053149606299
20
-3.1492906692913385
11
4.1257110236220473
21
-3.1417210629921257
0
LINE
8
F.Cu
6
CONTINUOUS
10
4.1257110236220473
20
-3.1417210629921257
11
4.1286645275590548
21
-3.1345906692913386
0
LINE
8
F.Cu
6
CONTINUOUS
10
4.1286645275590548
20
-3.1345906692913386
11
4.1329523622047244
21
-3.128173503937008
0
LINE
8
F.Cu
6
CONTINUOUS
10
4.1329523622047244
20
-3.128173503937008
11
4.1384097244094491
21
-3.1227161417322833
0
LINE
8
F.Cu
6
CONTINUOUS
10
4.1384097244094491
20
-3.1227161417322833
11
4.1448268897637792
21
-3.1184283070866141
0
LINE
8
F.Cu
6
CONTINUOUS
10
4.1448268897637792
20
-3.1184283070866141
11
4.1519572834645668
21
-3.1154748031496062
0
LINE
8
F.Cu
6
CONTINUOUS
10
4.1519572834645668
20
-3.1154748031496062
11
4.1595268897637796
21
-3.1139690944881888
0
LINE
8
F.Cu
6
CONTINUOUS
10
4.1595268897637796
20
-3.1139690944881888
11
4.1672447637795278
21
-3.1139690944881888
0
LINE
8
F.Cu
6
CONTINUOUS
10
4.1672447637795278
20
-3.1139690944881888
11
4.1748143700787397
21
-3.1154748031496062
0
LINE
8
F.Cu
6
CONTINUOUS
10
4.1748143700787397
20
-3.1154748031496062
11
4.1815622440944882
21
-3.1182698425196849
0
LINE
8
F.Cu
6
CONTINUOUS
10
4.1815622440944882
20
-3.1182698425196849
11
4.2303149606299213
21
-3.0695171653543305
0
LINE
8
F.Cu
6
CONTINUOUS
10
4.2303149606299213
20
-3.0695171653543305
11
4.2303149606299213
21
-2.4507874015748032
0
LINE
8
F.Cu
6
CONTINUOUS
10
4.2303149606299213
20
-2.4507874015748032
11
4.2304160236220474
21
-2.4492457480314962
0
LINE
8
F.Cu
6
CONTINUOUS
10
4.2304160236220474
20
-2.4492457480314962
11
4.2312140157480318
21
-2.4462675196850392
0
LINE
8
F.Cu
6
CONTINUOUS
10
4.2312140157480318
20
-2.4462675196850392
11
4.2327556692913388
21
-2.4435973228346457
0
LINE
8
F.Cu
6
CONTINUOUS
10
4.2327556692913388
20
-2.4435973228346457
11
4.2337743307086617
21
-2.442435748031496
0
LINE
8
F.Cu
6
CONTINUOUS
10
4.2337743307086617
20
-2.442435748031496
11
4.2798373228346458
21
-2.3963727559055119
0
LINE
8
F.Cu
6
CONTINUOUS
10
4.2798373228346458
20
-2.3963727559055119
11
4.2809988976377955
21
-2.395354094488189
0
LINE
8
F.Cu
6
CONTINUOUS
10
4.2809988976377955
20
-2.395354094488189
11
4.2836690944881886
21
-2.393812440944882
0
LINE
8
F.Cu
6
CONTINUOUS
10
4.2836690944881886
20
-2.393812440944882
11
4.2866473228346456
21
-2.3930144488188976
0
LINE
8
F.Cu
6
CONTINUOUS
10
4.2866473228346456
20
-2.3930144488188976
11
4.2881889763779526
21
-2.3929133858267715
0
LINE
8
F.Cu
6
CONTINUOUS
10
4.2881889763779526
20
-2.3929133858267715
11
4.338923661417323
21
-2.3929133858267715
0
LINE
8
F.Cu
6
CONTINUOUS
10
4.338923661417323
20
-2.3929133858267715
11
4.3405656299212598
21
-2.3889493307086616
0
LINE
8
F.Cu
6
CONTINUOUS
10
4.3405656299212598
20
-2.3889493307086616
11
4.3442102755905507
21
-2.3834947244094487
0
LINE
8
F.Cu
6
CONTINUOUS
10
4.3442102755905507
20
-2.3834947244094487
11
4.3488490551181105
21
-2.3788559448818898
0
LINE
8
F.Cu
6
CONTINUOUS
10
4.3488490551181105
20
-2.3788559448818898
11
4.3543036614173225
21
-2.3752112992125984
0
LINE
8
F.Cu
6
CONTINUOUS
10
4.3543036614173225
20
-2.3752112992125984
11
4.360364488188976
21
-2.3727008267716534
0
LINE
8
F.Cu
6
CONTINUOUS
10
4.360364488188976
20
-2.3727008267716534
11
4.3667986220472441
21
-2.3714209842519685
0
LINE
8
F.Cu
6
CONTINUOUS
10
4.3667986220472441
20
-2.3714209842519685
11
4.3733588582677161
21
-2.3714209842519685
0
LINE
8
F.Cu
6
CONTINUOUS
10
4.3733588582677161
20
-2.3714209842519685
11
4.3797929921259842
21
-2.3727008267716534
0
LINE
8
F.Cu
6
CONTINUOUS
10
4.3797929921259842
20
-2.2727008267716533
11
4.3858538188976377
21
-2.2752112992125983
0
LINE
8
F.Cu
6
CONTINUOUS
10
4.3858538188976377
20
-2.2752112992125983
11
4.3913084251968506
21
-2.2788559448818897
0
LINE
8
F.Cu
6
CONTINUOUS
10
4.3913084251968506
20
-2.2788559448818897
11
4.3959472047244095
21
-2.2834947244094486
0
LINE
8
F.Cu
6
CONTINUOUS
10
4.3959472047244095
20
-2.2834947244094486
11
4.3995918503937004
21
-2.2889493307086615
0
LINE
8
F.Cu
6
CONTINUOUS
10
4.3995918503937004
20
-2.2889493307086615
11
4.4021023228346454
21
-2.295010157480315
0
LINE
8
F.Cu
6
CONTINUOUS
10
4.4021023228346454
20
-2.295010157480315
11
4.4033821653543308
21
-2.3014442913385826
0
LINE
8
F.Cu
6
CONTINUOUS
10
4.4033821653543308
20
-2.3014442913385826
11
4.4033821653543308
21
-2.3080045275590551
0
LINE
8
F.Cu
6
CONTINUOUS
10
4.4033821653543308
20
-2.3080045275590551
11
4.4021023228346454
21
-2.3144386614173227
0
LINE
8
F.Cu
6
CONTINUOUS
10
4.4021023228346454
20
-2.3144386614173227
11
4.3995918503937004
21
-2.3204994881889762
0
LINE
8
F.Cu
6
CONTINUOUS
10
4.3995918503937004
20
-2.3204994881889762
11
4.3959472047244095
21
-2.3259540944881891
0
LINE
8
F.Cu
6
CONTINUOUS
10
4.3959472047244095
20
-2.3259540944881891
11
4.3913084251968506
21
-2.330592874015748
0
LINE
8
F.Cu
6
CONTINUOUS
10
4.3913084251968506
20
-2.330592874015748
11
4.3858538188976377
21
-2.3342375196850393
0
LINE
8
F.Cu
6
CONTINUOUS
10
4.3858538188976377
20
-2.3342375196850393
11
4.3797929921259842
21
-2.3367479921259844
0
LINE
8
F.Cu
6
CONTINUOUS
10
4.3797929921259842
20
-2.3367479921259844
11
4.3733588582677161
21
-2.3380278346456693
0
LINE
8
F.Cu
6
CONTINUOUS
10
4.3733588582677161
20
-2.3380278346456693
11
4.3667986220472441
21
-2.3380278346456693
0
LINE
8
F.Cu
6
CONTINUOUS
10
4.3667986220472441
20
-2.3380278346456693
11
4.360364488188976
21
-2.3367479921259844
0
LINE
8
F.Cu
6
CONTINUOUS
10
4.360364488188976
20
-2.3367479921259844
11
4.3543036614173225
21
-2.3342375196850393
0
LINE
8
F.Cu
6
CONTINUOUS
10
4.3543036614173225
20
-2.3342375196850393
11
4.3488490551181105
21
-2.330592874015748
0
LINE
8
F.Cu
6
CONTINUOUS
10
4.3488490551181105
20
-2.330592874015748
11
4.3442102755905507
21
-2.3259540944881891
0
LINE
8
F.Cu
6
CONTINUOUS
10
4.3442102755905507
20
-2.3259540944881891
11
4.3405656299212598
21
-2.3204994881889762
0
LINE
8
F.Cu
6
CONTINUOUS
10
4.3405656299212598
20
-2.3204994881889762
11
4.338923661417323
21
-2.3165354330708663
0
LINE
8
F.Cu
6
CONTINUOUS
10
4.338923661417323
20
-2.3165354330708663
11
4.2651285039370075
21
-2.3165354330708663
0
LINE
8
F.Cu
6
CONTINUOUS
10
4.2651285039370075
20
-2.3165354330708663
11
4.1751968503937009
21
-2.4064670866141733
0
LINE
8
F.Cu
6
CONTINUOUS
10
4.1751968503937009
20
-2.4064670866141733
11
4.1751968503937009
21
-2.5514600000000001
0
LINE
8
F.Cu
6
CONTINUOUS
10
4.1751968503937009
20
-2.5514600000000001
11
4.1819447637795273
21
-2.5542550787401574
0
LINE
8
F.Cu
6
CONTINUOUS
10
4.1819447637795273
20
-2.5542550787401574
11
4.1883619291338583
21
-2.5585429133858266
0
LINE
8
F.Cu
6
CONTINUOUS
10
4.1883619291338583
20
-2.5585429133858266
11
4.193819291338583
21
-2.5640002755905513
0
LINE
8
F.Cu
6
CONTINUOUS
10
4.193819291338583
20
-2.5640002755905513
11
4.1981071259842517
21
-2.5704174409448819
0
LINE
8
F.Cu
6
CONTINUOUS
10
4.1981071259842517
20
-2.5704174409448819
11
4.2010606299212601
21
-2.5775478346456691
0
LINE
8
F.Cu
6
CONTINUOUS
10
4.2010606299212601
20
-2.5775478346456691
11
4.2025663385826775
21
-2.5851174409448818
0
LINE
8
F.Cu
6
CONTINUOUS
10
4.2025663385826775
20
-2.5851174409448818
11
4.2025663385826775
21
-2.59283531496063
0
LINE
8
F.Cu
6
CONTINUOUS
10
4.2025663385826775
20
-2.59283531496063
11
4.2010606299212601
21
-2.6004049212598424
0
LINE
8
F.Cu
6
CONTINUOUS
10
4.2010606299212601
20
-2.6004049212598424
11
4.1981071259842517
21
-2.60753531496063
0
LINE
8
F.Cu
6
CONTINUOUS
10
4.1981071259842517
20
-2.60753531496063
11
4.193819291338583
21
-2.6139524803149605
0
LINE
8
F.Cu
6
CONTINUOUS
10
4.193819291338583
20
-2.6139524803149605
11
4.1883619291338583
21
-2.6194098425196848
0
LINE
8
F.Cu
6
CONTINUOUS
10
4.1883619291338583
20
-2.6194098425196848
11
4.1819447637795273
21
-2.6236976771653544
0
LINE
8
F.Cu
6
CONTINUOUS
10
4.1819447637795273
20
-2.6236976771653544
11
4.1751968503937009
21
-2.626492716535433
0
LINE
8
F.Cu
6
CONTINUOUS
10
4.1751968503937009
20
-2.626492716535433
11
4.1751968503937009
21
-2.8073655118110237
0
LINE
8
F.Cu
6
CONTINUOUS
10
4.1751968503937009
20
-2.8073655118110237
11
4.1819447637795273
21
-2.8101605905511811
0
LINE
8
F.Cu
6
CONTINUOUS
10
4.1819447637795273
20
-2.8101605905511811
11
4.1883619291338583
21
-2.8144484251968502
0
LINE
8
F.Cu
6
CONTINUOUS
10
4.1883619291338583
20
-2.8144484251968502
11
4.193819291338583
21
-2.8199057874015749
0
LINE
8
F.Cu
6
CONTINUOUS
10
4.193819291338583
20
-2.8199057874015749
11
4.1981071259842517
21
-2.8263229527559055
0
LINE
8
F.Cu
6
CONTINUOUS
10
4.1981071259842517
20
-2.8263229527559055
11
4.2010606299212601
21
-2.8334533464566927
0
LINE
8
F.Cu
6
CONTINUOUS
10
4.2010606299212601
20
-2.8334533464566927
11
4.2025663385826775
21
-2.8410229527559054
0
LINE
8
F.Cu
6
CONTINUOUS
10
4.2025663385826775
20
-2.8410229527559054
11
4.2025663385826775
21
-2.8487408267716536
0
LINE
8
F.Cu
6
CONTINUOUS
10
4.2025663385826775
20
-2.8487408267716536
11
4.2010606299212601
21
-2.856310433070866
0
LINE
8
F.Cu
6
CONTINUOUS
10
4.2010606299212601
20
-2.856310433070866
11
4.1981071259842517
21
-2.8634408267716536
0
LINE
8
F.Cu
6
CONTINUOUS
10
4.1981071259842517
20
-2.8634408267716536
11
4.193819291338583
21
-2.8698579921259841
0
LINE
8
F.Cu
6
CONTINUOUS
10
4.193819291338583
20
-2.8698579921259841
11
4.1883619291338583
21
-2.8753153543307084
0
LINE
8
F.Cu
6
CONTINUOUS
10
4.1883619291338583
20
-2.8753153543307084
11
4.1819447637795273
21
-2.879603188976378
0
LINE
8
F.Cu
6
CONTINUOUS
10
4.1819447637795273
20
-2.879603188976378
11
4.1748143700787397
21
-2.8825566929133859
0
LINE
8
F.Cu
6
CONTINUOUS
10
4.1748143700787397
20
-2.8825566929133859
11
4.1672447637795278
21
-2.8840624015748029
0
LINE
8
F.Cu
6
CONTINUOUS
10
4.1672447637795278
20
-2.8840624015748029
11
4.1595268897637796
21
-2.8840624015748029
0
LINE
8
F.Cu
6
CONTINUOUS
10
4.1595268897637796
20
-2.8840624015748029
11
4.1519572834645668
21
-2.8825566929133859
0
LINE
8
F.Cu
6
CONTINUOUS
10
4.1519572834645668
20
-2.8825566929133859
11
4.1448268897637792
21
-2.879603188976378
0
LINE
8
F.Cu
6
CONTINUOUS
10
4.1448268897637792
20
-2.879603188976378
11
4.1384097244094491
21
-2.8753153543307084
0
LINE
8
F.Cu
6
CONTINUOUS
10
4.1384097244094491
20
-2.8753153543307084
11
4.1329523622047244
21
-2.8698579921259841
0
LINE
8
F.Cu
6
CONTINUOUS
10
4.1329523622047244
20
-2.8698579921259841
11
4.1286645275590548
21
-2.8634408267716536
0
LINE
8
F.Cu
6
CONTINUOUS
10
4.1286645275590548
20
-2.8634408267716536
11
4.1257110236220473
21
-2.856310433070866
0
LINE
8
F.Cu
6
CONTINUOUS
10
4.1257110236220473
20
-2.856310433070866
11
4.1242053149606299
21
-2.8487408267716536
0
LINE
8
F.Cu
6
CONTINUOUS
10
4.1242053149606299
20
-2.8487408267716536
11
4.1242053149606299
21
-2.8410229527559054
0
LINE
8
F.Cu
6
CONTINUOUS
10
4.1242053149606299
20
-2.8410229527559054
11
4.1257110236220473
21
-2.8334533464566927
0
LINE
8
F.Cu
6
CONTINUOUS
10
4.1257110236220473
20
-2.8334533464566927
11
4.1286645275590548
21
-2.8263229527559055
0
LINE
8
F.Cu
6
CONTINUOUS
10
4.1286645275590548
20
-2.8263229527559055
11
4.1329523622047244
21
-2.8199057874015749
0
LINE
8
F.Cu
6
CONTINUOUS
10
4.1329523622047244
20
-2.8199057874015749
11
4.1384097244094491
21
-2.8144484251968502
0
LINE
8
F.Cu
6
CONTINUOUS
10
4.1384097244094491
20
-2.8144484251968502
11
4.1448268897637792
21
-2.8101605905511811
0
LINE
8
F.Cu
6
CONTINUOUS
10
4.1448268897637792
20
-2.8101605905511811
11
4.1515748031496065
21
-2.8073655118110237
0
LINE
8
F.Cu
6
CONTINUOUS
10
4.1515748031496065
20
-2.8073655118110237
11
4.1515748031496065
21
-2.626492716535433
0
LINE
8
F.Cu
6
CONTINUOUS
10
4.1515748031496065
20
-2.626492716535433
11
4.1448268897637792
21
-2.6236976771653544
0
LINE
8
F.Cu
6
CONTINUOUS
10
4.1448268897637792
20
-2.6236976771653544
11
4.1384097244094491
21
-2.6194098425196848
0
LINE
8
F.Cu
6
CONTINUOUS
10
4.1384097244094491
20
-2.6194098425196848
11
4.1329523622047244
21
-2.6139524803149605
0
LINE
8
F.Cu
6
CONTINUOUS
10
4.1329523622047244
20
-2.6139524803149605
11
4.1286645275590548
21
-2.60753531496063
0
LINE
8
F.Cu
6
CONTINUOUS
10
4.1286645275590548
20
-2.60753531496063
11
4.1257110236220473
21
-2.6004049212598424
0
LINE
8
F.Cu
6
CONTINUOUS
10
4.1257110236220473
20
-2.6004049212598424
11
4.1242053149606299
21
-2.59283531496063
0
LINE
8
F.Cu
6
CONTINUOUS
10
4.1242053149606299
20
-2.59283531496063
11
4.1242053149606299
21
-2.5851174409448818
0
LINE
8
F.Cu
6
CONTINUOUS
10
4.1242053149606299
20
-2.5851174409448818
11
4.1257110236220473
21
-2.5775478346456691
0
LINE
8
F.Cu
6
CONTINUOUS
10
4.1257110236220473
20
-2.5775478346456691
11
4.1286645275590548
21
-2.5704174409448819
0
LINE
8
F.Cu
6
CONTINUOUS
10
4.1286645275590548
20
-2.5704174409448819
11
4.1329523622047244
21
-2.5640002755905513
0
LINE
8
F.Cu
6
CONTINUOUS
10
4.1329523622047244
20
-2.5640002755905513
11
4.1384097244094491
21
-2.5585429133858266
0
LINE
8
F.Cu
6
CONTINUOUS
10
4.1384097244094491
20
-2.5585429133858266
11
4.1448268897637792
21
-2.5542550787401574
0
LINE
8
F.Cu
6
CONTINUOUS
10
4.1448268897637792
20
-2.5542550787401574
11
4.1515748031496065
21
-2.5514600000000001
0
LINE
8
F.Cu
6
CONTINUOUS
10
4.1515748031496065
20
-2.5514600000000001
11
4.1515748031496065
21
-2.401574803149606
0
LINE
8
F.Cu
6
CONTINUOUS
10
4.1515748031496065
20
-2.401574803149606
11
4.1516758661417326
21
-2.400033149606299
0
LINE
8
F.Cu
6
CONTINUOUS
10
4.1516758661417326
20
-2.400033149606299
11
4.1524738582677161
21
-2.3970549212598424
0
LINE
8
F.Cu
6
CONTINUOUS
10
4.1524738582677161
20
-2.3970549212598424
11
4.1540155118110231
21
-2.3943847244094489
0
LINE
8
F.Cu
6
CONTINUOUS
10
4.1540155118110231
20
-2.3943847244094489
11
4.155034173228346
21
-2.3932231496062992
0
LINE
8
F.Cu
6
CONTINUOUS
10
4.155034173228346
20
-2.3932231496062992
11
4.2518845669291334
21
-2.2963727559055118
0
LINE
8
F.Cu
6
CONTINUOUS
10
4.2518845669291334
20
-2.2963727559055118
11
4.2530461417322831
21
-2.2953540944881889
0
LINE
8
F.Cu
6
CONTINUOUS
10
4.2530461417322831
20
-2.2953540944881889
11
4.2557163385826771
21
-2.2938124409448819
0
LINE
8
F.Cu
6
CONTINUOUS
10
4.2557163385826771
20
-2.2938124409448819
11
4.2586945669291341
21
-2.2930144488188975
0
LINE
8
F.Cu
6
CONTINUOUS
10
4.2586945669291341
20
-2.2930144488188975
11
4.2602362204724411
21
-2.2929133858267714
0
LINE
8
F.Cu
6
CONTINUOUS
10
4.2602362204724411
20
-2.2929133858267714
11
4.338923661417323
21
-2.2929133858267714
0
LINE
8
F.Cu
6
CONTINUOUS
10
4.338923661417323
20
-2.2929133858267714
11
4.3405656299212598
21
-2.2889493307086615
0
LINE
8
F.Cu
6
CONTINUOUS
10
4.3405656299212598
20
-2.2889493307086615
11
4.3442102755905507
21
-2.2834947244094486
0
LINE
8
F.Cu
6
CONTINUOUS
10
4.3442102755905507
20
-2.2834947244094486
11
4.3488490551181105
21
-2.2788559448818897
0
LINE
8
F.Cu
6
CONTINUOUS
10
4.3488490551181105
20
-2.2788559448818897
11
4.3543036614173225
21
-2.2752112992125983
0
LINE
8
F.Cu
6
CONTINUOUS
10
4.3543036614173225
20
-2.2752112992125983
11
4.360364488188976
21
-2.2727008267716533
0
LINE
8
F.Cu
6
CONTINUOUS
10
4.360364488188976
20
-2.2727008267716533
11
4.3667986220472441
21
-2.2714209842519684
0
LINE
8
F.Cu
6
CONTINUOUS
10
4.3667986220472441
20
-2.2714209842519684
11
4.3733588582677161
21
-2.2714209842519684
0
LINE
8
F.Cu
6
CONTINUOUS
10
4.3733588582677161
20
-2.2714209842519684
11
4.3797929921259842
21
-2.2727008267716533
0
LINE
8
F.Cu
6
CONTINUOUS
10
4.1822681102362207
20
-2.0844752755905511
11
4.1876085433070864
21
-2.0875585826771652
0
LINE
8
F.Cu
6
CONTINUOUS
10
4.1876085433070864
20
-2.0875585826771652
11
4.1919689763779528
21
-2.0919190157480316
0
LINE
8
F.Cu
6
CONTINUOUS
10
4.1919689763779528
20
-2.0919190157480316
11
4.1950522834645669
21
-2.0972594488188978
0
LINE
8
F.Cu
6
CONTINUOUS
10
4.1950522834645669
20
-2.0972594488188978
11
4.1966483070866145
21
-2.1032159055118109
0
LINE
8
F.Cu
6
CONTINUOUS
10
4.1966483070866145
20
-2.1032159055118109
11
4.1966483070866145
21
-2.1093825196850395
0
LINE
8
F.Cu
6
CONTINUOUS
10
4.1966483070866145
20
-2.1093825196850395
11
4.1950522834645669
21
-2.1153389763779527
0
LINE
8
F.Cu
6
CONTINUOUS
10
4.1950522834645669
20
-2.1153389763779527
11
4.1919689763779528
21
-2.1206794094488188
0
LINE
8
F.Cu
6
CONTINUOUS
10
4.1919689763779528
20
-2.1206794094488188
11
4.1876085433070864
21
-2.1250398425196848
0
LINE
8
F.Cu
6
CONTINUOUS
10
4.1876085433070864
20
-2.1250398425196848
11
4.1822681102362207
21
-2.1281231496062993
0
LINE
8
F.Cu
6
CONTINUOUS
10
4.1822681102362207
20
-2.1281231496062993
11
4.1763116535433067
21
-2.1297191732283465
0
LINE
8
F.Cu
6
CONTINUOUS
10
4.1763116535433067
20
-2.1297191732283465
11
4.1701450393700785
21
-2.1297191732283465
0
LINE
8
F.Cu
6
CONTINUOUS
10
4.1701450393700785
20
-2.1297191732283465
11
4.1641885826771654
21
-2.1281231496062993
0
LINE
8
F.Cu
6
CONTINUOUS
10
4.1641885826771654
20
-2.1281231496062993
11
4.1588481496062988
21
-2.1250398425196848
0
LINE
8
F.Cu
6
CONTINUOUS
10
4.1588481496062988
20
-2.1250398425196848
11
4.1544877165354333
21
-2.1206794094488188
0
LINE
8
F.Cu
6
CONTINUOUS
10
4.1544877165354333
20
-2.1206794094488188
11
4.1514044094488192
21
-2.1153389763779527
0
LINE
8
F.Cu
6
CONTINUOUS
10
4.1514044094488192
20
-2.1153389763779527
11
4.1498083858267716
21
-2.1093825196850395
0
LINE
8
F.Cu
6
CONTINUOUS
10
4.1498083858267716
20
-2.1093825196850395
11
4.1498083858267716
21
-2.1032159055118109
0
LINE
8
F.Cu
6
CONTINUOUS
10
4.1498083858267716
20
-2.1032159055118109
11
4.1514044094488192
21
-2.0972594488188978
0
LINE
8
F.Cu
6
CONTINUOUS
10
4.1514044094488192
20
-2.0972594488188978
11
4.1544877165354333
21
-2.0919190157480316
0
LINE
8
F.Cu
6
CONTINUOUS
10
4.1544877165354333
20
-2.0919190157480316
11
4.1588481496062988
21
-2.0875585826771652
0
LINE
8
F.Cu
6
CONTINUOUS
10
4.1588481496062988
20
-2.0875585826771652
11
4.1641885826771654
21
-2.0844752755905511
0
LINE
8
F.Cu
6
CONTINUOUS
10
4.1641885826771654
20
-2.0844752755905511
11
4.1701450393700785
21
-2.082879251968504
0
LINE
8
F.Cu
6
CONTINUOUS
10
4.1701450393700785
20
-2.082879251968504
11
4.1763116535433067
21
-2.082879251968504
0
LINE
8
F.Cu
6
CONTINUOUS
10
4.1763116535433067
20
-2.082879251968504
11
4.1822681102362207
21
-2.0844752755905511
0
LINE
8
F.Cu
6
CONTINUOUS
10
4.4095241338582678
20
-1.9683220866141733
11
4.4096306692913387
21
-1.968428622047244
0
LINE
8
F.Cu
6
CONTINUOUS
10
4.4096306692913387
20
-1.968428622047244
11
4.4096456692913382
21
-1.9685039370078741
0
LINE
8
F.Cu
6
CONTINUOUS
10
4.4096456692913382
20
-1.9685039370078741
11
4.4096456692913382
21
-4.9212598425196852
0
LINE
8
F.Cu
6
CONTINUOUS
10
4.4096456692913382
20
-4.9212598425196852
11
4.4096306692913387
21
-4.921335157480315
0
LINE
8
F.Cu
6
CONTINUOUS
10
4.4096306692913387
20
-4.921335157480315
11
4.4095241338582678
21
-4.921441692913386
0
LINE
8
F.Cu
6
CONTINUOUS
10
4.4095241338582678
20
-4.921441692913386
11
4.409448818897638
21
-4.9214566929133854
0
LINE
8
F.Cu
6
CONTINUOUS
10
4.409448818897638
20
-4.9214566929133854
11
3.9370078740157481
21
-4.9214566929133854
0
LINE
8
F.Cu
6
CONTINUOUS
10
3.9370078740157481
20
-4.9214566929133854
11
3.9369325590551179
21
-4.921441692913386
0
LINE
8
F.Cu
6
CONTINUOUS
10
3.9369325590551179
20
-4.921441692913386
11
3.9368260236220474
21
-4.921335157480315
0
LINE
8
F.Cu
6
CONTINUOUS
10
3.9368260236220474
20
-4.921335157480315
11
3.936811023622047
21
-4.9212598425196852
0
LINE
8
F.Cu
6
CONTINUOUS
10
3.936811023622047
20
-4.9212598425196852
11
3.936811023622047
21
-1.9685039370078741
0
LINE
8
F.Cu
6
CONTINUOUS
10
3.936811023622047
20
-1.9685039370078741
11
3.9368260236220474
21
-1.968428622047244
0
LINE
8
F.Cu
6
CONTINUOUS
10
3.9368260236220474
20
-1.968428622047244
11
3.9369325590551179
21
-1.9683220866141733
0
LINE
8
F.Cu
6
CONTINUOUS
10
3.9369325590551179
20
-1.9683220866141733
11
3.9370078740157481
21
-1.9683070866141732
0
LINE
8
F.Cu
6
CONTINUOUS
10
3.9370078740157481
20
-1.9683070866141732
11
4.409448818897638
21
-1.9683070866141732
0
LINE
8
F.Cu
6
CONTINUOUS
10
4.409448818897638
20
-1.9683070866141732
11
4.4095241338582678
21
-1.9683220866141733
0
LINE
8
F.Cu
6
CONTINUOUS
10
3.9372047244094488
20
-4.9210629921259841
11
3.9412193700787399
21
-4.9210629921259841
0
LINE
8
F.Cu
6
CONTINUOUS
10
3.9412193700787399
20
-4.9210629921259841
11
3.9392504330708662
21
-4.9204848425196852
0
LINE
8
F.Cu
6
CONTINUOUS
10
3.9392504330708662
20
-4.9204848425196852
11
3.9374490551181101
21
-4.91840594488189
0
LINE
8
F.Cu
6
CONTINUOUS
10
3.9374490551181101
20
-4.91840594488189
11
3.9372047244094488
21
-4.9172827952755904
0
LINE
8
F.Cu
6
CONTINUOUS
10
3.9372047244094488
20
-4.9172827952755904
11
3.9372047244094488
21
-4.9210629921259841
0
LINE
8
F.Cu
6
CONTINUOUS
10
4.408673818897638
20
-4.9190172834645667
11
4.4065949212598428
21
-4.9208186614173224
0
LINE
8
F.Cu
6
CONTINUOUS
10
4.4065949212598428
20
-4.9208186614173224
11
4.405471811023622
21
-4.9210629921259841
0
LINE
8
F.Cu
6
CONTINUOUS
10
4.405471811023622
20
-4.9210629921259841
11
4.4092519685039369
21
-4.9210629921259841
0
LINE
8
F.Cu
6
CONTINUOUS
10
4.4092519685039369
20
-4.9210629921259841
11
4.4092519685039369
21
-4.9170483070866142
0
LINE
8
F.Cu
6
CONTINUOUS
10
4.4092519685039369
20
-4.9170483070866142
11
4.408673818897638
21
-4.9190172834645667
0
LINE
8
F.Cu
6
CONTINUOUS
10
4.1682570078740158
20
-4.7403850787401574
11
4.1630827559055117
21
-4.7412046062992124
0
LINE
8
F.Cu
6
CONTINUOUS
10
4.1630827559055117
20
-4.7412046062992124
11
4.1565965354330707
21
-4.7433121259842519
0
LINE
8
F.Cu
6
CONTINUOUS
10
4.1565965354330707
20
-4.7433121259842519
11
4.1505201181102365
21
-4.7464081889763783
0
LINE
8
F.Cu
6
CONTINUOUS
10
4.1505201181102365
20
-4.7464081889763783
11
4.1473722834645672
21
-4.7486952362204722
0
LINE
8
F.Cu
6
CONTINUOUS
10
4.1473722834645672
20
-4.7486952362204722
11
4.1450028346456689
21
-4.7504167716535433
0
LINE
8
F.Cu
6
CONTINUOUS
10
4.1450028346456689
20
-4.7504167716535433
11
4.1450027559055114
21
-4.7504168503937008
0
LINE
8
F.Cu
6
CONTINUOUS
10
4.1450027559055114
20
-4.7504168503937008
11
4.1450027165354326
21
-4.7504168503937008
0
LINE
8
F.Cu
6
CONTINUOUS
10
4.1450027165354326
20
-4.7504168503937008
11
4.14018062992126
21
-4.7552389370078743
0
LINE
8
F.Cu
6
CONTINUOUS
10
4.14018062992126
20
-4.7552389370078743
11
4.14018062992126
21
-4.755238976377953
0
LINE
8
F.Cu
6
CONTINUOUS
10
4.14018062992126
20
-4.755238976377953
11
4.1401805511811025
21
-4.7552390551181105
0
LINE
8
F.Cu
6
CONTINUOUS
10
4.1401805511811025
20
-4.7552390551181105
11
4.1384590157480314
21
-4.757608503937008
0
LINE
8
F.Cu
6
CONTINUOUS
10
4.1384590157480314
20
-4.757608503937008
11
4.1361719685039366
21
-4.7607563385826772
0
LINE
8
F.Cu
6
CONTINUOUS
10
4.1361719685039366
20
-4.7607563385826772
11
4.1330759055118111
21
-4.7668327559055115
0
LINE
8
F.Cu
6
CONTINUOUS
10
4.1330759055118111
20
-4.7668327559055115
11
4.1309683858267716
21
-4.7733189763779524
0
LINE
8
F.Cu
6
CONTINUOUS
10
4.1309683858267716
20
-4.7733189763779524
11
4.1299015748031493
21
-4.7800546850393699
0
LINE
8
F.Cu
6
CONTINUOUS
10
4.1299015748031493
20
-4.7800546850393699
11
4.1299015748031493
21
-4.7868744488188977
0
LINE
8
F.Cu
6
CONTINUOUS
10
4.1299015748031493
20
-4.7868744488188977
11
4.1309684251968504
21
-4.7936102755905514
0
LINE
8
F.Cu
6
CONTINUOUS
10
4.1309684251968504
20
-4.7936102755905514
11
4.1330758661417324
21
-4.8000962598425199
0
LINE
8
F.Cu
6
CONTINUOUS
10
4.1330758661417324
20
-4.8000962598425199
11
4.1361719685039366
21
-4.8061727559055116
0
LINE
8
F.Cu
6
CONTINUOUS
10
4.1361719685039366
20
-4.8061727559055116
11
4.1401805511811025
21
-4.8116900787401571
0
LINE
8
F.Cu
6
CONTINUOUS
10
4.1401805511811025
20
-4.8116900787401571
11
4.1450028346456689
21
-4.8165123622047243
0
LINE
8
F.Cu
6
CONTINUOUS
10
4.1450028346456689
20
-4.8165123622047243
11
4.1505201574803152
21
-4.8205209448818893
0
LINE
8
F.Cu
6
CONTINUOUS
10
4.1505201574803152
20
-4.8205209448818893
11
4.156596653543307
21
-4.8236170472440945
0
LINE
8
F.Cu
6
CONTINUOUS
10
4.156596653543307
20
-4.8236170472440945
11
4.1630826377952754
21
-4.8257244881889765
0
LINE
8
F.Cu
6
CONTINUOUS
10
4.1630826377952754
20
-4.8257244881889765
11
4.1698184645669292
21
-4.8267913385826766
0
LINE
8
F.Cu
6
CONTINUOUS
10
4.1698184645669292
20
-4.8267913385826766
11
4.1698185039370079
21
-4.8267913385826766
0
LINE
8
F.Cu
6
CONTINUOUS
10
4.1698185039370079
20
-4.8267913385826766
11
4.1766381889763782
21
-4.8267913385826766
0
LINE
8
F.Cu
6
CONTINUOUS
10
4.1766381889763782
20
-4.8267913385826766
11
4.1766382283464569
21
-4.8267913385826766
0
LINE
8
F.Cu
6
CONTINUOUS
10
4.1766382283464569
20
-4.8267913385826766
11
4.1833740551181098
21
-4.8257244881889765
0
LINE
8
F.Cu
6
CONTINUOUS
10
4.1833740551181098
20
-4.8257244881889765
11
4.1898600393700782
21
-4.8236170472440945
0
LINE
8
F.Cu
6
CONTINUOUS
10
4.1898600393700782
20
-4.8236170472440945
11
4.1959365354330709
21
-4.8205209448818893
0
LINE
8
F.Cu
6
CONTINUOUS
10
4.1959365354330709
20
-4.8205209448818893
11
4.2014538582677163
21
-4.8165123622047243
0
LINE
8
F.Cu
6
CONTINUOUS
10
4.2014538582677163
20
-4.8165123622047243
11
4.2062761417322836
21
-4.8116900787401571
0
LINE
8
F.Cu
6
CONTINUOUS
10
4.2062761417322836
20
-4.8116900787401571
11
4.2102847244094486
21
-4.8061727559055116
0
LINE
8
F.Cu
6
CONTINUOUS
10
4.2102847244094486
20
-4.8061727559055116
11
4.2133808267716537
21
-4.8000962598425199
0
LINE
8
F.Cu
6
CONTINUOUS
10
4.2133808267716537
20
-4.8000962598425199
11
4.2154882677165357
21
-4.7936102755905514
0
LINE
8
F.Cu
6
CONTINUOUS
10
4.2154882677165357
20
-4.7936102755905514
11
4.2165551181102359
21
-4.7868744488188977
0
LINE
8
F.Cu
6
CONTINUOUS
10
4.2165551181102359
20
-4.7868744488188977
11
4.2165551181102359
21
-4.7800546850393699
0
LINE
8
F.Cu
6
CONTINUOUS
10
4.2165551181102359
20
-4.7800546850393699
11
4.2154882677165357
21
-4.7733188582677162
0
LINE
8
F.Cu
6
CONTINUOUS
10
4.2154882677165357
20
-4.7733188582677162
11
4.2133808267716537
21
-4.7668328740157477
0
LINE
8
F.Cu
6
CONTINUOUS
10
4.2133808267716537
20
-4.7668328740157477
11
4.2102847244094486
21
-4.760756377952756
0
LINE
8
F.Cu
6
CONTINUOUS
10
4.2102847244094486
20
-4.760756377952756
11
4.2062761417322836
21
-4.7552390551181105
0
LINE
8
F.Cu
6
CONTINUOUS
10
4.2062761417322836
20
-4.7552390551181105
11
4.2014538582677163
21
-4.7504167716535433
0
LINE
8
F.Cu
6
CONTINUOUS
10
4.2014538582677163
20
-4.7504167716535433
11
4.1959365354330709
21
-4.7464081889763783
0
LINE
8
F.Cu
6
CONTINUOUS
10
4.1959365354330709
20
-4.7464081889763783
11
4.1898600393700782
21
-4.7433120866141731
0
LINE
8
F.Cu
6
CONTINUOUS
10
4.1898600393700782
20
-4.7433120866141731
11
4.1833740551181098
21
-4.7412046456692911
0
LINE
8
F.Cu
6
CONTINUOUS
10
4.1833740551181098
20
-4.7412046456692911
11
4.1833739763779523
21
-4.7412046062992124
0
LINE
8
F.Cu
6
CONTINUOUS
10
4.1833739763779523
20
-4.7412046062992124
11
4.1833739370078735
21
-4.7412046062992124
0
LINE
8
F.Cu
6
CONTINUOUS
10
4.1833739370078735
20
-4.7412046062992124
11
4.1781996456692916
21
-4.7403850787401574
0
LINE
8
F.Cu
6
CONTINUOUS
10
4.1781996456692916
20
-4.7403850787401574
11
4.1766382283464569
21
-4.7401377952755901
0
LINE
8
F.Cu
6
CONTINUOUS
10
4.1766382283464569
20
-4.7401377952755901
11
4.1698184645669292
21
-4.7401377952755901
0
LINE
8
F.Cu
6
CONTINUOUS
10
4.1698184645669292
20
-4.7401377952755901
11
4.1682570078740158
21
-4.7403850787401574
0
LINE
8
F.Cu
6
CONTINUOUS
10
3.9723655511811025
20
-4.4677479921259842
11
3.9633922047244092
21
-4.4701523622047246
0
LINE
8
F.Cu
6
CONTINUOUS
10
3.9633922047244092
20
-4.4701523622047246
11
3.9548102362204722
21
-4.4737070866141728
0
LINE
8
F.Cu
6
CONTINUOUS
10
3.9548102362204722
20
-4.4737070866141728
11
3.9548098818897639
21
-4.4737072834645666
0
LINE
8
F.Cu
6
CONTINUOUS
10
3.9548098818897639
20
-4.4737072834645666
11
3.9467648818897638
21
-4.4783521259842516
0
LINE
8
F.Cu
6
CONTINUOUS
10
3.9467648818897638
20
-4.4783521259842516
11
3.9467645669291338
21
-4.4783523228346453
0
LINE
8
F.Cu
6
CONTINUOUS
10
3.9467645669291338
20
-4.4783523228346453
11
3.9448616141732282
21
-4.4798125196850389
0
LINE
8
F.Cu
6
CONTINUOUS
10
3.9448616141732282
20
-4.4798125196850389
11
3.942295905511811
21
-4.4808043700787401
0
LINE
8
F.Cu
6
CONTINUOUS
10
3.942295905511811
20
-4.4808043700787401
11
3.9396012204724409
21
-4.4802516535433066
0
LINE
8
F.Cu
6
CONTINUOUS
10
3.9396012204724409
20
-4.4802516535433066
11
3.9376331496062993
21
-4.4783298425196847
0
LINE
8
F.Cu
6
CONTINUOUS
10
3.9376331496062993
20
-4.4783298425196847
11
3.9372047244094488
21
-4.4766919685039372
0
LINE
8
F.Cu
6
CONTINUOUS
10
3.9372047244094488
20
-4.4766919685039372
11
3.9372047244094488
21
-4.5981933070866141
0
LINE
8
F.Cu
6
CONTINUOUS
10
3.9372047244094488
20
-4.5981933070866141
11
3.9377828740157481
21
-4.5962243700787404
0
LINE
8
F.Cu
6
CONTINUOUS
10
3.9377828740157481
20
-4.5962243700787404
11
3.9398617716535433
21
-4.5944229921259838
0
LINE
8
F.Cu
6
CONTINUOUS
10
3.9398617716535433
20
-4.5944229921259838
11
3.9425845275590552
21
-4.5940314960629918
0
LINE
8
F.Cu
6
CONTINUOUS
10
3.9425845275590552
20
-4.5940314960629918
11
3.9448616929133857
21
-4.5949906299212602
0
LINE
8
F.Cu
6
CONTINUOUS
10
3.9448616929133857
20
-4.5949906299212602
11
3.9467648425196851
21
-4.59645094488189
0
LINE
8
F.Cu
6
CONTINUOUS
10
3.9467648425196851
20
-4.59645094488189
11
3.9467648818897638
21
-4.5964509842519687
0
LINE
8
F.Cu
6
CONTINUOUS
10
3.9467648818897638
20
-4.5964509842519687
11
3.9548098818897639
21
-4.6010958267716537
0
LINE
8
F.Cu
6
CONTINUOUS
10
3.9548098818897639
20
-4.6010958267716537
11
3.9548102362204722
21
-4.6010960236220475
0
LINE
8
F.Cu
6
CONTINUOUS
10
3.9548102362204722
20
-4.6010960236220475
11
3.963392244094488
21
-4.6046507480314958
0
LINE
8
F.Cu
6
CONTINUOUS
10
3.963392244094488
20
-4.6046507480314958
11
3.9633921653543305
21
-4.6046507480314958
0
LINE
8
F.Cu
6
CONTINUOUS
10
3.9633921653543305
20
-4.6046507480314958
11
3.9723655511811025
21
-4.6070551181102362
0
LINE
8
F.Cu
6
CONTINUOUS
10
3.9723655511811025
20
-4.6070551181102362
11
3.9815753543307086
21
-4.6082676771653546
0
LINE
8
F.Cu
6
CONTINUOUS
10
3.9815753543307086
20
-4.6082676771653546
11
3.9815759448818895
21
-4.6082677165354333
0
LINE
8
F.Cu
6
CONTINUOUS
10
3.9815759448818895
20
-4.6082677165354333
11
3.9908649999999999
21
-4.6082677165354333
0
LINE
8
F.Cu
6
CONTINUOUS
10
3.9908649999999999
20
-4.6082677165354333
11
3.9908655511811024
21
-4.6082676771653546
0
LINE
8
F.Cu
6
CONTINUOUS
10
3.9908655511811024
20
-4.6082676771653546
11
4.0000753543307086
21
-4.6070551181102362
0
LINE
8
F.Cu
6
CONTINUOUS
10
4.0000753543307086
20
-4.6070551181102362
11
4.0090487007874014
21
-4.6046507480314958
0
LINE
8
F.Cu
6
CONTINUOUS
10
4.0090487007874014
20
-4.6046507480314958
11
4.0176306692913384
21
-4.6010960236220475
0
LINE
8
F.Cu
6
CONTINUOUS
10
4.0176306692913384
20
-4.6010960236220475
11
4.0176309842519684
21
-4.6010958661417325
0
LINE
8
F.Cu
6
CONTINUOUS
10
4.0176309842519684
20
-4.6010958661417325
11
4.0239787401574798
21
-4.5974309055118106
0
LINE
8
F.Cu
6
CONTINUOUS
10
4.0239787401574798
20
-4.5974309055118106
11
4.0004598818897641
21
-4.5739120472440939
0
LINE
8
F.Cu
6
CONTINUOUS
10
4.0004598818897641
20
-4.5739120472440939
11
3.9976490157480313
21
-4.5750763779527555
0
LINE
8
F.Cu
6
CONTINUOUS
10
3.9976490157480313
20
-4.5750763779527555
11
3.990079409448819
21
-4.5765820866141729
0
LINE
8
F.Cu
6
CONTINUOUS
10
3.990079409448819
20
-4.5765820866141729
11
3.9823615354330708
21
-4.5765820866141729
0
LINE
8
F.Cu
6
CONTINUOUS
10
3.9823615354330708
20
-4.5765820866141729
11
3.974791929133858
21
-4.5750763779527555
0
LINE
8
F.Cu
6
CONTINUOUS
10
3.974791929133858
20
-4.5750763779527555
11
3.9676615354330709
21
-4.572122874015748
0
LINE
8
F.Cu
6
CONTINUOUS
10
3.9676615354330709
20
-4.572122874015748
11
3.9612443700787399
21
-4.5678350393700784
0
LINE
8
F.Cu
6
CONTINUOUS
10
3.9612443700787399
20
-4.5678350393700784
11
3.9557870078740156
21
-4.5623776771653546
0
LINE
8
F.Cu
6
CONTINUOUS
10
3.9557870078740156
20
-4.5623776771653546
11
3.9514991732283464
21
-4.5559605118110236
0
LINE
8
F.Cu
6
CONTINUOUS
10
3.9514991732283464
20
-4.5559605118110236
11
3.9485456692913385
21
-4.548830118110236
0
LINE
8
F.Cu
6
CONTINUOUS
10
3.9485456692913385
20
-4.548830118110236
11
3.9470399606299211
21
-4.5412605118110232
0
LINE
8
F.Cu
6
CONTINUOUS
10
3.9470399606299211
20
-4.5412605118110232
11
3.9470399606299211
21
-4.5335426377952759
0
LINE
8
F.Cu
6
CONTINUOUS
10
3.9470399606299211
20
-4.5335426377952759
11
3.9485456692913385
21
-4.5259730314960631
0
LINE
8
F.Cu
6
CONTINUOUS
10
3.9485456692913385
20
-4.5259730314960631
11
3.9514991732283464
21
-4.5188426377952755
0
LINE
8
F.Cu
6
CONTINUOUS
10
3.9514991732283464
20
-4.5188426377952755
11
3.9557870078740156
21
-4.5124254724409445
0
LINE
8
F.Cu
6
CONTINUOUS
10
3.9557870078740156
20
-4.5124254724409445
11
3.9612443700787399
21
-4.5069681102362207
0
LINE
8
F.Cu
6
CONTINUOUS
10
3.9612443700787399
20
-4.5069681102362207
11
3.9676615354330709
21
-4.5026802755905511
0
LINE
8
F.Cu
6
CONTINUOUS
10
3.9676615354330709
20
-4.5026802755905511
11
3.974791929133858
21
-4.4997267716535436
0
LINE
8
F.Cu
6
CONTINUOUS
10
3.974791929133858
20
-4.4997267716535436
11
3.9823615354330708
21
-4.4982210629921262
0
LINE
8
F.Cu
6
CONTINUOUS
10
3.9823615354330708
20
-4.4982210629921262
11
3.990079409448819
21
-4.4982210629921262
0
LINE
8
F.Cu
6
CONTINUOUS
10
3.990079409448819
20
-4.4982210629921262
11
3.9976490157480313
21
-4.4997267716535436
0
LINE
8
F.Cu
6
CONTINUOUS
10
3.9976490157480313
20
-4.4997267716535436
11
4.0004598425196853
21
-4.5008910629921255
0
LINE
8
F.Cu
6
CONTINUOUS
10
4.0004598425196853
20
-4.5008910629921255
11
4.0239787401574798
21
-4.477372165354331
0
LINE
8
F.Cu
6
CONTINUOUS
10
4.0239787401574798
20
-4.477372165354331
11
4.0239787401574798
21
-4.4773721259842523
0
LINE
8
F.Cu
6
CONTINUOUS
10
4.0239787401574798
20
-4.4773721259842523
11
4.0176312992125984
21
-4.4737074015748028
0
LINE
8
F.Cu
6
CONTINUOUS
10
4.0176312992125984
20
-4.4737074015748028
11
4.0176306692913384
21
-4.4737070866141728
0
LINE
8
F.Cu
6
CONTINUOUS
10
4.0176306692913384
20
-4.4737070866141728
11
4.0090486614173226
21
-4.4701523622047246
0
LINE
8
F.Cu
6
CONTINUOUS
10
4.0090486614173226
20
-4.4701523622047246
11
4.0090487401574801
21
-4.4701523622047246
0
LINE
8
F.Cu
6
CONTINUOUS
10
4.0090487401574801
20
-4.4701523622047246
11
4.0000753543307086
21
-4.4677479921259842
0
LINE
8
F.Cu
6
CONTINUOUS
10
4.0000753543307086
20
-4.4677479921259842
11
3.9908655511811024
21
-4.4665354330708658
0
LINE
8
F.Cu
6
CONTINUOUS
10
3.9908655511811024
20
-4.4665354330708658
11
3.9815753543307086
21
-4.4665354330708658
0
LINE
8
F.Cu
6
CONTINUOUS
10
3.9815753543307086
20
-4.4665354330708658
11
3.9723655511811025
21
-4.4677479921259842
0
LINE
8
F.Cu
6
CONTINUOUS
10
4.408673818897638
20
-2.1375212204724408
11
4.4065949212598428
21
-2.1393225984251969
0
LINE
8
F.Cu
6
CONTINUOUS
10
4.4065949212598428
20
-2.1393225984251969
11
4.4045669291338578
21
-2.1397637795275588
0
LINE
8
F.Cu
6
CONTINUOUS
10
4.4045669291338578
20
-2.1397637795275588
11
4.3858267716535435
21
-2.1397637795275588
0
LINE
8
F.Cu
6
CONTINUOUS
10
4.3858267716535435
20
-2.1397637795275588
11
4.3858267716535435
21
-2.1712598425196852
0
LINE
8
F.Cu
6
CONTINUOUS
10
4.3858267716535435
20
-2.1712598425196852
11
4.4035433070866139
21
-2.1712598425196852
0
LINE
8
F.Cu
6
CONTINUOUS
10
4.4035433070866139
20
-2.1712598425196852
11
4.4035433070866139
21
-2.2381889763779528
0
LINE
8
F.Cu
6
CONTINUOUS
10
4.4035433070866139
20
-2.2381889763779528
11
4.3366141732283463
21
-2.2381889763779528
0
LINE
8
F.Cu
6
CONTINUOUS
10
4.3366141732283463
20
-2.2381889763779528
11
4.3366141732283463
21
-2.2204724409448819
0
LINE
8
F.Cu
6
CONTINUOUS
10
4.3366141732283463
20
-2.2204724409448819
11
4.3051181102362204
21
-2.2204724409448819
0
LINE
8
F.Cu
6
CONTINUOUS
10
4.3051181102362204
20
-2.2204724409448819
11
4.3051181102362204
21
-2.2399578740157482
0
LINE
8
F.Cu
6
CONTINUOUS
10
4.3051181102362204
20
-2.2399578740157482
11
4.3057134645669288
21
-2.2452417716535433
0
LINE
8
F.Cu
6
CONTINUOUS
10
4.3057134645669288
20
-2.2452417716535433
11
4.3080575984251963
21
-2.2519409842519686
0
LINE
8
F.Cu
6
CONTINUOUS
10
4.3080575984251963
20
-2.2519409842519686
11
4.3118337401574802
21
-2.2579507086614172
0
LINE
8
F.Cu
6
CONTINUOUS
10
4.3118337401574802
20
-2.2579507086614172
11
4.3168524015748027
21
-2.2629693700787401
0
LINE
8
F.Cu
6
CONTINUOUS
10
4.3168524015748027
20
-2.2629693700787401
11
4.3188000393700783
21
-2.264193149606299
0
LINE
8
F.Cu
6
CONTINUOUS
10
4.3188000393700783
20
-2.264193149606299
11
4.3206225196850392
21
-2.2662535826771655
0
LINE
8
F.Cu
6
CONTINUOUS
10
4.3206225196850392
20
-2.2662535826771655
11
4.3210417322834642
21
-2.2689722047244092
0
LINE
8
F.Cu
6
CONTINUOUS
10
4.3210417322834642
20
-2.2689722047244092
11
4.3199246062992129
21
-2.2714859055118111
0
LINE
8
F.Cu
6
CONTINUOUS
10
4.3199246062992129
20
-2.2714859055118111
11
4.3176258267716534
21
-2.272996653543307
0
LINE
8
F.Cu
6
CONTINUOUS
10
4.3176258267716534
20
-2.272996653543307
11
4.3162027165354333
21
-2.2732086614173226
0
LINE
8
F.Cu
6
CONTINUOUS
10
4.3162027165354333
20
-2.2732086614173226
11
4.2571320472440943
21
-2.2732086614173226
0
LINE
8
F.Cu
6
CONTINUOUS
10
4.2571320472440943
20
-2.2732086614173226
11
4.2510436614173228
21
-2.2744197244094488
0
LINE
8
F.Cu
6
CONTINUOUS
10
4.2510436614173228
20
-2.2744197244094488
11
4.2510431889763778
21
-2.2744198425196851
0
LINE
8
F.Cu
6
CONTINUOUS
10
4.2510431889763778
20
-2.2744198425196851
11
4.2493634645669287
21
-2.2751155905511808
0
LINE
8
F.Cu
6
CONTINUOUS
10
4.2493634645669287
20
-2.2751155905511808
11
4.2493635039370075
21
-2.2751156299212596
0
LINE
8
F.Cu
6
CONTINUOUS
10
4.2493635039370075
20
-2.2751156299212596
11
4.2453079921259844
21
-2.2767954330708662
0
LINE
8
F.Cu
6
CONTINUOUS
10
4.2453079921259844
20
-2.2767954330708662
11
4.2453076771653544
21
-2.2767956299212599
0
LINE
8
F.Cu
6
CONTINUOUS
10
4.2453076771653544
20
-2.2767956299212599
11
4.2410883858267718
21
-2.2796149212598427
0
LINE
8
F.Cu
6
CONTINUOUS
10
4.2410883858267718
20
-2.2796149212598427
11
4.2410883464566931
21
-2.2796149606299214
0
LINE
8
F.Cu
6
CONTINUOUS
10
4.2410883464566931
20
-2.2796149606299214
11
4.2401459448818892
21
-2.2802446062992123
0
LINE
8
F.Cu
6
CONTINUOUS
10
4.2401459448818892
20
-2.2802446062992123
11
4.2401459055118114
21
-2.2802446456692911
0
LINE
8
F.Cu
6
CONTINUOUS
10
4.2401459055118114
20
-2.2802446456692911
11
4.1663923228346453
21
-2.3539983070866142
0
LINE
8
F.Cu
6
CONTINUOUS
10
4.1663923228346453
20
-2.3539983070866142
11
4.1432957086614168
21
-2.3770949212598427
0
LINE
8
F.Cu
6
CONTINUOUS
10
4.1432957086614168
20
-2.3770949212598427
11
4.1411007874015748
21
-2.3792898425196851
0
LINE
8
F.Cu
6
CONTINUOUS
10
4.1411007874015748
20
-2.3792898425196851
11
4.1389058661417319
21
-2.3814847244094488
0
LINE
8
F.Cu
6
CONTINUOUS
10
4.1389058661417319
20
-2.3814847244094488
11
4.1354570472440946
21
-2.386646220472441
0
LINE
8
F.Cu
6
CONTINUOUS
10
4.1354570472440946
20
-2.386646220472441
11
4.1354567716535433
21
-2.3866467322834644
0
LINE
8
F.Cu
6
CONTINUOUS
10
4.1354567716535433
20
-2.3866467322834644
11
4.1330812598425197
21
-2.3923818110236219
0
LINE
8
F.Cu
6
CONTINUOUS
10
4.1330812598425197
20
-2.3923818110236219
11
4.1330811417322835
21
-2.3923822834645669
0
LINE
8
F.Cu
6
CONTINUOUS
10
4.1330811417322835
20
-2.3923822834645669
11
4.1318700787401577
21
-2.3984705905511809
0
LINE
8
F.Cu
6
CONTINUOUS
10
4.1318700787401577
20
-2.3984705905511809
11
4.1318700787401577
21
-2.5363659448818896
0
LINE
8
F.Cu
6
CONTINUOUS
10
4.1318700787401577
20
-2.5363659448818896
11
4.1310950787401577
21
-2.5390052755905512
0
LINE
8
F.Cu
6
CONTINUOUS
10
4.1310950787401577
20
-2.5390052755905512
11
4.1298577165354331
21
-2.5403154330708659
0
LINE
8
F.Cu
6
CONTINUOUS
10
4.1298577165354331
20
-2.5403154330708659
11
4.1249014173228344
21
-2.5439164566929131
0
LINE
8
F.Cu
6
CONTINUOUS
10
4.1249014173228344
20
-2.5439164566929131
11
4.1249010629921257
21
-2.5439167322834644
0
LINE
8
F.Cu
6
CONTINUOUS
10
4.1249010629921257
20
-2.5439167322834644
11
4.1183261811023621
21
-2.5504916141732283
0
LINE
8
F.Cu
6
CONTINUOUS
10
4.1183261811023621
20
-2.5504916141732283
11
4.1183261811023621
21
-2.5504916535433071
0
LINE
8
F.Cu
6
CONTINUOUS
10
4.1183261811023621
20
-2.5504916535433071
11
4.1183261023622046
21
-2.5504917322834646
0
LINE
8
F.Cu
6
CONTINUOUS
10
4.1183261023622046
20
-2.5504917322834646
11
4.1177984251968507
21
-2.5512180314960631
0
LINE
8
F.Cu
6
CONTINUOUS
10
4.1177984251968507
20
-2.5512180314960631
11
4.1128605118110233
21
-2.5580144094488189
0
LINE
8
F.Cu
6
CONTINUOUS
10
4.1128605118110233
20
-2.5580144094488189
11
4.108639094488189
21
-2.5662993307086612
0
LINE
8
F.Cu
6
CONTINUOUS
10
4.108639094488189
20
-2.5662993307086612
11
4.1057655905511812
21
-2.5751429527559053
0
LINE
8
F.Cu
6
CONTINUOUS
10
4.1057655905511812
20
-2.5751429527559053
11
4.1043110236220475
21
-2.5843268503937007
0
LINE
8
F.Cu
6
CONTINUOUS
10
4.1043110236220475
20
-2.5843268503937007
11
4.1043110236220475
21
-2.5936258661417324
0
LINE
8
F.Cu
6
CONTINUOUS
10
4.1043110236220475
20
-2.5936258661417324
11
4.1057655905511812
21
-2.6028097637795273
0
LINE
8
F.Cu
6
CONTINUOUS
10
4.1057655905511812
20
-2.6028097637795273
11
4.1069008267716534
21
-2.6063035433070865
0
LINE
8
F.Cu
6
CONTINUOUS
10
4.1069008267716534
20
-2.6063035433070865
11
4.1086390551181102
21
-2.6116532283464564
0
LINE
8
F.Cu
6
CONTINUOUS
10
4.1086390551181102
20
-2.6116532283464564
11
4.1128605118110233
21
-2.6199383070866142
0
LINE
8
F.Cu
6
CONTINUOUS
10
4.1128605118110233
20
-2.6199383070866142
11
4.1183261023622046
21
-2.6274610236220473
0
LINE
8
F.Cu
6
CONTINUOUS
10
4.1183261023622046
20
-2.6274610236220473
11
4.1249011811023619
21
-2.6340361023622045
0
LINE
8
F.Cu
6
CONTINUOUS
10
4.1249011811023619
20
-2.6340361023622045
11
4.1298577952755906
21
-2.6376372834645667
0
LINE
8
F.Cu
6
CONTINUOUS
10
4.1298577952755906
20
-2.6376372834645667
11
4.1315374409448822
21
-2.6398154724409446
0
LINE
8
F.Cu
6
CONTINUOUS
10
4.1315374409448822
20
-2.6398154724409446
11
4.1318700787401577
21
-2.6415866929133855
0
LINE
8
F.Cu
6
CONTINUOUS
10
4.1318700787401577
20
-2.6415866929133855
11
4.1318700787401577
21
-2.7922714566929132
0
LINE
8
F.Cu
6
CONTINUOUS
10
4.1318700787401577
20
-2.7922714566929132
11
4.1310950787401577
21
-2.7949107874015748
0
LINE
8
F.Cu
6
CONTINUOUS
10
4.1310950787401577
20
-2.7949107874015748
11
4.1298577165354331
21
-2.7962209448818895
0
LINE
8
F.Cu
6
CONTINUOUS
10
4.1298577165354331
20
-2.7962209448818895
11
4.1249014173228344
21
-2.7998219685039372
0
LINE
8
F.Cu
6
CONTINUOUS
10
4.1249014173228344
20
-2.7998219685039372
11
4.1249010629921257
21
-2.799822244094488
0
LINE
8
F.Cu
6
CONTINUOUS
10
4.1249010629921257
20
-2.799822244094488
11
4.1183261811023621
21
-2.806397125984252
0
LINE
8
F.Cu
6
CONTINUOUS
10
4.1183261811023621
20
-2.806397125984252
11
4.1183261811023621
21
-2.8063971653543307
0
LINE
8
F.Cu
6
CONTINUOUS
10
4.1183261811023621
20
-2.8063971653543307
11
4.1183261023622046
21
-2.8063972440944882
0
LINE
8
F.Cu
6
CONTINUOUS
10
4.1183261023622046
20
-2.8063972440944882
11
4.1177984251968507
21
-2.8071235433070867
0
LINE
8
F.Cu
6
CONTINUOUS
10
4.1177984251968507
20
-2.8071235433070867
11
4.1128605118110233
21
-2.8139199212598425
0
LINE
8
F.Cu
6
CONTINUOUS
10
4.1128605118110233
20
-2.8139199212598425
11
4.108639094488189
21
-2.8222048425196848
0
LINE
8
F.Cu
6
CONTINUOUS
10
4.108639094488189
20
-2.8222048425196848
11
4.1057655905511812
21
-2.8310484645669289
0
LINE
8
F.Cu
6
CONTINUOUS
10
4.1057655905511812
20
-2.8310484645669289
11
4.1043110236220475
21
-2.8402323622047243
0
LINE
8
F.Cu
6
CONTINUOUS
10
4.1043110236220475
20
-2.8402323622047243
11
4.1043110236220475
21
-2.849531377952756
0
LINE
8
F.Cu
6
CONTINUOUS
10
4.1043110236220475
20
-2.849531377952756
11
4.1057655905511812
21
-2.8587152755905509
0
LINE
8
F.Cu
6
CONTINUOUS
10
4.1057655905511812
20
-2.8587152755905509
11
4.1069008267716534
21
-2.8622090551181101
0
LINE
8
F.Cu
6
CONTINUOUS
10
4.1069008267716534
20
-2.8622090551181101
11
4.1086390551181102
21
-2.8675587401574805
0
LINE
8
F.Cu
6
CONTINUOUS
10
4.1086390551181102
20
-2.8675587401574805
11
4.1128605118110233
21
-2.8758438188976378
0
LINE
8
F.Cu
6
CONTINUOUS
10
4.1128605118110233
20
-2.8758438188976378
11
4.1183261023622046
21
-2.8833665354330709
0
LINE
8
F.Cu
6
CONTINUOUS
10
4.1183261023622046
20
-2.8833665354330709
11
4.1249011811023619
21
-2.8899416141732281
0
LINE
8
F.Cu
6
CONTINUOUS
10
4.1249011811023619
20
-2.8899416141732281
11
4.1324238976377954
21
-2.8954072047244095
0
LINE
8
F.Cu
6
CONTINUOUS
10
4.1324238976377954
20
-2.8954072047244095
11
4.1363382283464567
21
-2.8974016535433069
0
LINE
8
F.Cu
6
CONTINUOUS
10
4.1363382283464567
20
-2.8974016535433069
11
4.140708779527559
21
-2.8996285826771655
0
LINE
8
F.Cu
6
CONTINUOUS
10
4.140708779527559
20
-2.8996285826771655
11
4.1407088582677165
21
-2.8996285826771655
0
LINE
8
F.Cu
6
CONTINUOUS
10
4.1407088582677165
20
-2.8996285826771655
11
4.1407089763779528
21
-2.8996286614173226
0
LINE
8
F.Cu
6
CONTINUOUS
10
4.1407089763779528
20
-2.8996286614173226
11
4.1454492913385828
21
-2.9011688582677166
0
LINE
8
F.Cu
6
CONTINUOUS
10
4.1454492913385828
20
-2.9011688582677166
11
4.1495524015748027
21
-2.9025020866141733
0
LINE
8
F.Cu
6
CONTINUOUS
10
4.1495524015748027
20
-2.9025020866141733
11
4.1587363385826768
21
-2.9039566929133858
0
LINE
8
F.Cu
6
CONTINUOUS
10
4.1587363385826768
20
-2.9039566929133858
11
4.1587365354330705
21
-2.9039566929133858
0
LINE
8
F.Cu
6
CONTINUOUS
10
4.1587365354330705
20
-2.9039566929133858
11
4.1680353149606297
21
-2.9039566929133858
0
LINE
8
F.Cu
6
CONTINUOUS
10
4.1680353149606297
20
-2.9039566929133858
11
4.1772192125984251
21
-2.9025020866141733
0
LINE
8
F.Cu
6
CONTINUOUS
10
4.1772192125984251
20
-2.9025020866141733
11
4.179062047244094
21
-2.9019033070866143
0
LINE
8
F.Cu
6
CONTINUOUS
10
4.179062047244094
20
-2.9019033070866143
11
4.1860626771653546
21
-2.8996286614173226
0
LINE
8
F.Cu
6
CONTINUOUS
10
4.1860626771653546
20
-2.8996286614173226
11
4.194347755905512
21
-2.8954072047244095
0
LINE
8
F.Cu
6
CONTINUOUS
10
4.194347755905512
20
-2.8954072047244095
11
4.2018704724409446
21
-2.8899416141732281
0
LINE
8
F.Cu
6
CONTINUOUS
10
4.2018704724409446
20
-2.8899416141732281
11
4.2022763385826769
21
-2.8895357480314958
0
LINE
8
F.Cu
6
CONTINUOUS
10
4.2022763385826769
20
-2.8895357480314958
11
4.2046906299212594
21
-2.888217440944882
0
LINE
8
F.Cu
6
CONTINUOUS
10
4.2046906299212594
20
-2.888217440944882
11
4.207434409448819
21
-2.8884136614173226
0
LINE
8
F.Cu
6
CONTINUOUS
10
4.207434409448819
20
-2.8884136614173226
11
4.2096364960629922
21
-2.8900621653543306
0
LINE
8
F.Cu
6
CONTINUOUS
10
4.2096364960629922
20
-2.8900621653543306
11
4.2105977952755902
21
-2.8926394881889763
0
LINE
8
F.Cu
6
CONTINUOUS
10
4.2105977952755902
20
-2.8926394881889763
11
4.2106102362204725
21
-2.8929877559055117
0
LINE
8
F.Cu
6
CONTINUOUS
10
4.2106102362204725
20
-2.8929877559055117
11
4.2106102362204725
21
-3.0593330314960627
0
LINE
8
F.Cu
6
CONTINUOUS
10
4.2106102362204725
20
-3.0593330314960627
11
4.2098352362204725
21
-3.0619723622047244
0
LINE
8
F.Cu
6
CONTINUOUS
10
4.2098352362204725
20
-3.0619723622047244
11
4.2091803543307087
21
-3.0627850393700786
0
LINE
8
F.Cu
6
CONTINUOUS
10
4.2091803543307087
20
-3.0627850393700786
11
4.1783019291338581
21
-3.0936634251968504
0
LINE
8
F.Cu
6
CONTINUOUS
10
4.1783019291338581
20
-3.0936634251968504
11
4.1758876377952756
21
-3.0949817322834643
0
LINE
8
F.Cu
6
CONTINUOUS
10
4.1758876377952756
20
-3.0949817322834643
11
4.1740862204724412
21
-3.095033188976378
0
LINE
8
F.Cu
6
CONTINUOUS
10
4.1740862204724412
20
-3.095033188976378
11
4.1680353149606297
21
-3.0940748031496064
0
LINE
8
F.Cu
6
CONTINUOUS
10
4.1680353149606297
20
-3.0940748031496064
11
4.168035118110236
21
-3.0940748031496064
0
LINE
8
F.Cu
6
CONTINUOUS
10
4.168035118110236
20
-3.0940748031496064
11
4.1587365354330705
21
-3.0940748031496064
0
LINE
8
F.Cu
6
CONTINUOUS
10
4.1587365354330705
20
-3.0940748031496064
11
4.1587363385826768
21
-3.0940748031496064
0
LINE
8
F.Cu
6
CONTINUOUS
10
4.1587363385826768
20
-3.0940748031496064
11
4.1495524015748027
21
-3.0955293700787401
0
LINE
8
F.Cu
6
CONTINUOUS
10
4.1495524015748027
20
-3.0955293700787401
11
4.140708779527559
21
-3.0984028740157479
0
LINE
8
F.Cu
6
CONTINUOUS
10
4.140708779527559
20
-3.0984028740157479
11
4.1324238582677166
21
-3.1026242913385826
0
LINE
8
F.Cu
6
CONTINUOUS
10
4.1324238582677166
20
-3.1026242913385826
11
4.1281318897637798
21
-3.1057425984251967
0
LINE
8
F.Cu
6
CONTINUOUS
10
4.1281318897637798
20
-3.1057425984251967
11
4.1249011811023619
21
-3.1080898818897635
0
LINE
8
F.Cu
6
CONTINUOUS
10
4.1249011811023619
20
-3.1080898818897635
11
4.1249011023622044
21
-3.108089960629921
0
LINE
8
F.Cu
6
CONTINUOUS
10
4.1249011023622044
20
-3.108089960629921
11
4.1249010629921257
21
-3.108089960629921
0
LINE
8
F.Cu
6
CONTINUOUS
10
4.1249010629921257
20
-3.108089960629921
11
4.1183261811023621
21
-3.114664842519685
0
LINE
8
F.Cu
6
CONTINUOUS
10
4.1183261811023621
20
-3.114664842519685
11
4.1183261811023621
21
-3.1146648818897638
0
LINE
8
F.Cu
6
CONTINUOUS
10
4.1183261811023621
20
-3.1146648818897638
11
4.1183261023622046
21
-3.1146649606299213
0
LINE
8
F.Cu
6
CONTINUOUS
10
4.1183261023622046
20
-3.1146649606299213
11
4.1177984251968507
21
-3.1153912598425197
0
LINE
8
F.Cu
6
CONTINUOUS
10
4.1177984251968507
20
-3.1153912598425197
11
4.1128605118110233
21
-3.1221876377952755
0
LINE
8
F.Cu
6
CONTINUOUS
10
4.1128605118110233
20
-3.1221876377952755
11
4.108639094488189
21
-3.1304725590551179
0
LINE
8
F.Cu
6
CONTINUOUS
10
4.108639094488189
20
-3.1304725590551179
11
4.1057655905511812
21
-3.139316181102362
0
LINE
8
F.Cu
6
CONTINUOUS
10
4.1057655905511812
20
-3.139316181102362
11
4.1043110236220475
21
-3.1485000787401574
0
LINE
8
F.Cu
6
CONTINUOUS
10
4.1043110236220475
20
-3.1485000787401574
11
4.1043110236220475
21
-3.1577990944881891
0
LINE
8
F.Cu
6
CONTINUOUS
10
4.1043110236220475
20
-3.1577990944881891
11
4.1057655905511812
21
-3.166982992125984
0
LINE
8
F.Cu
6
CONTINUOUS
10
4.1057655905511812
20
-3.166982992125984
11
4.1069008267716534
21
-3.1704767716535431
0
LINE
8
F.Cu
6
CONTINUOUS
10
4.1069008267716534
20
-3.1704767716535431
11
4.1086390551181102
21
-3.1758264566929135
0
LINE
8
F.Cu
6
CONTINUOUS
10
4.1086390551181102
20
-3.1758264566929135
11
4.1128605118110233
21
-3.1841115354330709
0
LINE
8
F.Cu
6
CONTINUOUS
10
4.1128605118110233
20
-3.1841115354330709
11
4.1183261023622046
21
-3.1916342519685039
0
LINE
8
F.Cu
6
CONTINUOUS
10
4.1183261023622046
20
-3.1916342519685039
11
4.1249011811023619
21
-3.1982093307086612
0
LINE
8
F.Cu
6
CONTINUOUS
10
4.1249011811023619
20
-3.1982093307086612
11
4.1298577952755906
21
-3.2018105118110234
0
LINE
8
F.Cu
6
CONTINUOUS
10
4.1298577952755906
20
-3.2018105118110234
11
4.1315374409448822
21
-3.2039887007874017
0
LINE
8
F.Cu
6
CONTINUOUS
10
4.1315374409448822
20
-3.2039887007874017
11
4.1318700787401577
21
-3.2057599212598427
0
LINE
8
F.Cu
6
CONTINUOUS
10
4.1318700787401577
20
-3.2057599212598427
11
4.1318700787401577
21
-3.3564446850393699
0
LINE
8
F.Cu
6
CONTINUOUS
10
4.1318700787401577
20
-3.3564446850393699
11
4.1310950787401577
21
-3.3590840157480315
0
LINE
8
F.Cu
6
CONTINUOUS
10
4.1310950787401577
20
-3.3590840157480315
11
4.1298577165354331
21
-3.3603941732283462
0
LINE
8
F.Cu
6
CONTINUOUS
10
4.1298577165354331
20
-3.3603941732283462
11
4.1249014173228344
21
-3.3639951968503938
0
LINE
8
F.Cu
6
CONTINUOUS
10
4.1249014173228344
20
-3.3639951968503938
11
4.1249010629921257
21
-3.3639954724409447
0
LINE
8
F.Cu
6
CONTINUOUS
10
4.1249010629921257
20
-3.3639954724409447
11
4.1183261811023621
21
-3.3705703543307086
0
LINE
8
F.Cu
6
CONTINUOUS
10
4.1183261811023621
20
-3.3705703543307086
11
4.1183261811023621
21
-3.3705703937007874
0
LINE
8
F.Cu
6
CONTINUOUS
10
4.1183261811023621
20
-3.3705703937007874
11
4.1183261023622046
21
-3.3705704724409449
0
LINE
8
F.Cu
6
CONTINUOUS
10
4.1183261023622046
20
-3.3705704724409449
11
4.1177984251968507
21
-3.3712967716535434
0
LINE
8
F.Cu
6
CONTINUOUS
10
4.1177984251968507
20
-3.3712967716535434
11
4.1128605118110233
21
-3.3780931496062991
0
LINE
8
F.Cu
6
CONTINUOUS
10
4.1128605118110233
20
-3.3780931496062991
11
4.108639094488189
21
-3.3863780708661415
0
LINE
8
F.Cu
6
CONTINUOUS
10
4.108639094488189
20
-3.3863780708661415
11
4.1057655905511812
21
-3.3952216929133856
0
LINE
8
F.Cu
6
CONTINUOUS
10
4.1057655905511812
20
-3.3952216929133856
11
4.1043110236220475
21
-3.404405590551181
0
LINE
8
F.Cu
6
CONTINUOUS
10
4.1043110236220475
20
-3.404405590551181
11
4.1043110236220475
21
-3.4137046062992127
0
LINE
8
F.Cu
6
CONTINUOUS
10
4.1043110236220475
20
-3.4137046062992127
11
4.1057655905511812
21
-3.4228885039370076
0
LINE
8
F.Cu
6
CONTINUOUS
10
4.1057655905511812
20
-3.4228885039370076
11
4.1069008267716534
21
-3.4263822834645667
0
LINE
8
F.Cu
6
CONTINUOUS
10
4.1069008267716534
20
-3.4263822834645667
11
4.1086390551181102
21
-3.4317319685039371
0
LINE
8
F.Cu
6
CONTINUOUS
10
4.1086390551181102
20
-3.4317319685039371
11
4.1128605118110233
21
-3.4400170472440945
0
LINE
8
F.Cu
6
CONTINUOUS
10
4.1128605118110233
20
-3.4400170472440945
11
4.1183261023622046
21
-3.4475397637795275
0
LINE
8
F.Cu
6
CONTINUOUS
10
4.1183261023622046
20
-3.4475397637795275
11
4.1249011811023619
21
-3.4541148425196848
0
LINE
8
F.Cu
6
CONTINUOUS
10
4.1249011811023619
20
-3.4541148425196848
11
4.1324238976377954
21
-3.4595804330708662
0
LINE
8
F.Cu
6
CONTINUOUS
10
4.1324238976377954
20
-3.4595804330708662
11
4.1363382283464567
21
-3.4615748818897636
0
LINE
8
F.Cu
6
CONTINUOUS
10
4.1363382283464567
20
-3.4615748818897636
11
4.140708779527559
21
-3.4638018110236222
0
LINE
8
F.Cu
6
CONTINUOUS
10
4.140708779527559
20
-3.4638018110236222
11
4.1407088582677165
21
-3.4638018110236222
0
LINE
8
F.Cu
6
CONTINUOUS
10
4.1407088582677165
20
-3.4638018110236222
11
4.1407089763779528
21
-3.4638018897637792
0
LINE
8
F.Cu
6
CONTINUOUS
10
4.1407089763779528
20
-3.4638018897637792
11
4.1454492913385828
21
-3.4653420866141733
0
LINE
8
F.Cu
6
CONTINUOUS
10
4.1454492913385828
20
-3.4653420866141733
11
4.1495524015748027
21
-3.46667531496063
0
LINE
8
F.Cu
6
CONTINUOUS
10
4.1495524015748027
20
-3.46667531496063
11
4.1587363385826768
21
-3.4681299212598424
0
LINE
8
F.Cu
6
CONTINUOUS
10
4.1587363385826768
20
-3.4681299212598424
11
4.1587365354330705
21
-3.4681299212598424
0
LINE
8
F.Cu
6
CONTINUOUS
10
4.1587365354330705
20
-3.4681299212598424
11
4.1680353149606297
21
-3.4681299212598424
0
LINE
8
F.Cu
6
CONTINUOUS
10
4.1680353149606297
20
-3.4681299212598424
11
4.1772192125984251
21
-3.46667531496063
0
LINE
8
F.Cu
6
CONTINUOUS
10
4.1772192125984251
20
-3.46667531496063
11
4.179062047244094
21
-3.4660765354330709
0
LINE
8
F.Cu
6
CONTINUOUS
10
4.179062047244094
20
-3.4660765354330709
11
4.1860626771653546
21
-3.4638018897637792
0
LINE
8
F.Cu
6
CONTINUOUS
10
4.1860626771653546
20
-3.4638018897637792
11
4.194347755905512
21
-3.4595804330708662
0
LINE
8
F.Cu
6
CONTINUOUS
10
4.194347755905512
20
-3.4595804330708662
11
4.2018704724409446
21
-3.4541148425196848
0
LINE
8
F.Cu
6
CONTINUOUS
10
4.2018704724409446
20
-3.4541148425196848
11
4.2084455511811019
21
-3.4475397637795275
0
LINE
8
F.Cu
6
CONTINUOUS
10
4.2084455511811019
20
-3.4475397637795275
11
4.2139111417322832
21
-3.4400170472440945
0
LINE
8
F.Cu
6
CONTINUOUS
10
4.2139111417322832
20
-3.4400170472440945
11
4.2181325984251972
21
-3.4317319685039371
0
LINE
8
F.Cu
6
CONTINUOUS
10
4.2181325984251972
20
-3.4317319685039371
11
4.2210060236220475
21
-3.4228885039370076
0
LINE
8
F.Cu
6
CONTINUOUS
10
4.2210060236220475
20
-3.4228885039370076
11
4.2217035433070862
21
-3.4184845669291337
0
LINE
8
F.Cu
6
CONTINUOUS
10
4.2217035433070862
20
-3.4184845669291337
11
4.2224606299212599
21
-3.4137046062992127
0
LINE
8
F.Cu
6
CONTINUOUS
10
4.2224606299212599
20
-3.4137046062992127
11
4.2224606299212599
21
-3.404405590551181
0
LINE
8
F.Cu
6
CONTINUOUS
10
4.2224606299212599
20
-3.404405590551181
11
4.2210060236220475
21
-3.3952216929133856
0
LINE
8
F.Cu
6
CONTINUOUS
10
4.2210060236220475
20
-3.3952216929133856
11
4.2181325196850397
21
-3.3863780708661415
0
LINE
8
F.Cu
6
CONTINUOUS
10
4.2181325196850397
20
-3.3863780708661415
11
4.2139111023622045
21
-3.3780931496062991
0
LINE
8
F.Cu
6
CONTINUOUS
10
4.2139111023622045
20
-3.3780931496062991
11
4.2084455511811019
21
-3.3705704724409449
0
LINE
8
F.Cu
6
CONTINUOUS
10
4.2084455511811019
20
-3.3705704724409449
11
4.2018704724409446
21
-3.3639953937007872
0
LINE
8
F.Cu
6
CONTINUOUS
10
4.2018704724409446
20
-3.3639953937007872
11
4.2016318503937011
21
-3.3638220078740155
0
LINE
8
F.Cu
6
CONTINUOUS
10
4.2016318503937011
20
-3.3638220078740155
11
4.1969139370078743
21
-3.3603941732283462
0
LINE
8
F.Cu
6
CONTINUOUS
10
4.1969139370078743
20
-3.3603941732283462
11
4.1952341732283465
21
-3.3582158267716533
0
LINE
8
F.Cu
6
CONTINUOUS
10
4.1952341732283465
20
-3.3582158267716533
11
4.1949015748031497
21
-3.3564446850393699
0
LINE
8
F.Cu
6
CONTINUOUS
10
4.1949015748031497
20
-3.3564446850393699
11
4.1949015748031497
21
-3.2057599212598427
0
LINE
8
F.Cu
6
CONTINUOUS
10
4.1949015748031497
20
-3.2057599212598427
11
4.1956765748031497
21
-3.203120590551181
0
LINE
8
F.Cu
6
CONTINUOUS
10
4.1956765748031497
20
-3.203120590551181
11
4.1969137401574805
21
-3.2018105511811021
0
LINE
8
F.Cu
6
CONTINUOUS
10
4.1969137401574805
20
-3.2018105511811021
11
4.2018704724409446
21
-3.1982093307086612
0
LINE
8
F.Cu
6
CONTINUOUS
10
4.2018704724409446
20
-3.1982093307086612
11
4.2084455511811019
21
-3.1916342519685039
0
LINE
8
F.Cu
6
CONTINUOUS
10
4.2084455511811019
20
-3.1916342519685039
11
4.2139111417322832
21
-3.1841115354330709
0
LINE
8
F.Cu
6
CONTINUOUS
10
4.2139111417322832
20
-3.1841115354330709
11
4.2181325984251972
21
-3.1758264566929135
0
LINE
8
F.Cu
6
CONTINUOUS
10
4.2181325984251972
20
-3.1758264566929135
11
4.2210060236220475
21
-3.166982992125984
0
LINE
8
F.Cu
6
CONTINUOUS
10
4.2210060236220475
20
-3.166982992125984
11
4.2217035433070862
21
-3.1625790551181101
0
LINE
8
F.Cu
6
CONTINUOUS
10
4.2217035433070862
20
-3.1625790551181101
11
4.2224606299212599
21
-3.1577990944881891
0
LINE
8
F.Cu
6
CONTINUOUS
10
4.2224606299212599
20
-3.1577990944881891
11
4.2224606299212599
21
-3.1485003937007874
0
LINE
8
F.Cu
6
CONTINUOUS
10
4.2224606299212599
20
-3.1485003937007874
11
4.2224605905511812
21
-3.1485000787401574
0
LINE
8
F.Cu
6
CONTINUOUS
10
4.2224605905511812
20
-3.1485000787401574
11
4.2215021653543303
21
-3.1424490157480314
0
LINE
8
F.Cu
6
CONTINUOUS
10
4.2215021653543303
20
-3.1424490157480314
11
4.2218546850393697
21
-3.1397210629921259
0
LINE
8
F.Cu
6
CONTINUOUS
10
4.2218546850393697
20
-3.1397210629921259
11
4.2228718110236221
21
-3.1382335433070865
0
LINE
8
F.Cu
6
CONTINUOUS
10
4.2228718110236221
20
-3.1382335433070865
11
4.261331456692913
21
-3.0997739763779526
0
LINE
8
F.Cu
6
CONTINUOUS
10
4.261331456692913
20
-3.0997739763779526
11
4.2637457480314955
21
-3.0984556692913383
0
LINE
8
F.Cu
6
CONTINUOUS
10
4.2637457480314955
20
-3.0984556692913383
11
4.2664895275590551
21
-3.0986518897637794
0
LINE
8
F.Cu
6
CONTINUOUS
10
4.2664895275590551
20
-3.0986518897637794
11
4.2686916141732283
21
-3.1003003937007874
0
LINE
8
F.Cu
6
CONTINUOUS
10
4.2686916141732283
20
-3.1003003937007874
11
4.2696529133858263
21
-3.1028777165354331
0
LINE
8
F.Cu
6
CONTINUOUS
10
4.2696529133858263
20
-3.1028777165354331
11
4.2696653543307086
21
-3.1032259842519685
0
LINE
8
F.Cu
6
CONTINUOUS
10
4.2696653543307086
20
-3.1032259842519685
11
4.2696653543307086
21
-3.5644511417322833
0
LINE
8
F.Cu
6
CONTINUOUS
10
4.2696653543307086
20
-3.5644511417322833
11
4.2688903543307086
21
-3.5670904724409449
0
LINE
8
F.Cu
6
CONTINUOUS
10
4.2688903543307086
20
-3.5670904724409449
11
4.2682354724409448
21
-3.5679031496062992
0
LINE
8
F.Cu
6
CONTINUOUS
10
4.2682354724409448
20
-3.5679031496062992
11
4.1783019291338581
21
-3.6578366535433071
0
LINE
8
F.Cu
6
CONTINUOUS
10
4.1783019291338581
20
-3.6578366535433071
11
4.1758876377952756
21
-3.659154960629921
0
LINE
8
F.Cu
6
CONTINUOUS
10
4.1758876377952756
20
-3.659154960629921
11
4.1740862204724412
21
-3.6592064173228347
0
LINE
8
F.Cu
6
CONTINUOUS
10
4.1740862204724412
20
-3.6592064173228347
11
4.1680353149606297
21
-3.658248031496063
0
LINE
8
F.Cu
6
CONTINUOUS
10
4.1680353149606297
20
-3.658248031496063
11
4.168035118110236
21
-3.658248031496063
0
LINE
8
F.Cu
6
CONTINUOUS
10
4.168035118110236
20
-3.658248031496063
11
4.1587365354330705
21
-3.658248031496063
0
LINE
8
F.Cu
6
CONTINUOUS
10
4.1587365354330705
20
-3.658248031496063
11
4.1587363385826768
21
-3.658248031496063
0
LINE
8
F.Cu
6
CONTINUOUS
10
4.1587363385826768
20
-3.658248031496063
11
4.1495524015748027
21
-3.6597025984251967
0
LINE
8
F.Cu
6
CONTINUOUS
10
4.1495524015748027
20
-3.6597025984251967
11
4.140708779527559
21
-3.6625761023622045
0
LINE
8
F.Cu
6
CONTINUOUS
10
4.140708779527559
20
-3.6625761023622045
11
4.1324238582677166
21
-3.6667975196850393
0
LINE
8
F.Cu
6
CONTINUOUS
10
4.1324238582677166
20
-3.6667975196850393
11
4.1281318897637798
21
-3.6699158267716534
0
LINE
8
F.Cu
6
CONTINUOUS
10
4.1281318897637798
20
-3.6699158267716534
11
4.1249011811023619
21
-3.6722631102362202
0
LINE
8
F.Cu
6
CONTINUOUS
10
4.1249011811023619
20
-3.6722631102362202
11
4.1249011023622044
21
-3.6722631889763777
0
LINE
8
F.Cu
6
CONTINUOUS
10
4.1249011023622044
20
-3.6722631889763777
11
4.1249010629921257
21
-3.6722631889763777
0
LINE
8
F.Cu
6
CONTINUOUS
10
4.1249010629921257
20
-3.6722631889763777
11
4.1183261811023621
21
-3.6788380708661417
0
LINE
8
F.Cu
6
CONTINUOUS
10
4.1183261811023621
20
-3.6788380708661417
11
4.1183261811023621
21
-3.6788381102362204
0
LINE
8
F.Cu
6
CONTINUOUS
10
4.1183261811023621
20
-3.6788381102362204
11
4.1183261023622046
21
-3.6788381889763779
0
LINE
8
F.Cu
6
CONTINUOUS
10
4.1183261023622046
20
-3.6788381889763779
11
4.1177984251968507
21
-3.6795644881889764
0
LINE
8
F.Cu
6
CONTINUOUS
10
4.1177984251968507
20
-3.6795644881889764
11
4.1128605118110233
21
-3.6863608661417322
0
LINE
8
F.Cu
6
CONTINUOUS
10
4.1128605118110233
20
-3.6863608661417322
11
4.108639094488189
21
-3.6946457874015746
0
LINE
8
F.Cu
6
CONTINUOUS
10
4.108639094488189
20
-3.6946457874015746
11
4.1057655905511812
21
-3.7034894094488187
0
LINE
8
F.Cu
6
CONTINUOUS
10
4.1057655905511812
20
-3.7034894094488187
11
4.1043110236220475
21
-3.712673307086614
0
LINE
8
F.Cu
6
CONTINUOUS
10
4.1043110236220475
20
-3.712673307086614
11
4.1043110236220475
21
-3.7219723228346457
0
LINE
8
F.Cu
6
CONTINUOUS
10
4.1043110236220475
20
-3.7219723228346457
11
4.1057655905511812
21
-3.7311562204724407
0
LINE
8
F.Cu
6
CONTINUOUS
10
4.1057655905511812
20
-3.7311562204724407
11
4.1069008267716534
21
-3.7346499999999998
0
LINE
8
F.Cu
6
CONTINUOUS
10
4.1069008267716534
20
-3.7346499999999998
11
4.1086390551181102
21
-3.7399996850393702
0
LINE
8
F.Cu
6
CONTINUOUS
10
4.1086390551181102
20
-3.7399996850393702
11
4.1128605118110233
21
-3.7482847637795276
0
LINE
8
F.Cu
6
CONTINUOUS
10
4.1128605118110233
20
-3.7482847637795276
11
4.1183261023622046
21
-3.7558074803149606
0
LINE
8
F.Cu
6
CONTINUOUS
10
4.1183261023622046
20
-3.7558074803149606
11
4.1249011811023619
21
-3.7623825590551179
0
LINE
8
F.Cu
6
CONTINUOUS
10
4.1249011811023619
20
-3.7623825590551179
11
4.1298577952755906
21
-3.7659837401574801
0
LINE
8
F.Cu
6
CONTINUOUS
10
4.1298577952755906
20
-3.7659837401574801
11
4.1315374409448822
21
-3.7681619291338584
0
LINE
8
F.Cu
6
CONTINUOUS
10
4.1315374409448822
20
-3.7681619291338584
11
4.1318700787401577
21
-3.7699331496062993
0
LINE
8
F.Cu
6
CONTINUOUS
10
4.1318700787401577
20
-3.7699331496062993
11
4.1318700787401577
21
-3.9206179133858265
0
LINE
8
F.Cu
6
CONTINUOUS
10
4.1318700787401577
20
-3.9206179133858265
11
4.1310950787401577
21
-3.9232572440944882
0
LINE
8
F.Cu
6
CONTINUOUS
10
4.1310950787401577
20
-3.9232572440944882
11
4.1298577165354331
21
-3.9245674015748029
0
LINE
8
F.Cu
6
CONTINUOUS
10
4.1298577165354331
20
-3.9245674015748029
11
4.1249014173228344
21
-3.9281684251968505
0
LINE
8
F.Cu
6
CONTINUOUS
10
4.1249014173228344
20
-3.9281684251968505
11
4.1249010629921257
21
-3.9281687007874013
0
LINE
8
F.Cu
6
CONTINUOUS
10
4.1249010629921257
20
-3.9281687007874013
11
4.1183261811023621
21
-3.9347435826771653
0
LINE
8
F.Cu
6
CONTINUOUS
10
4.1183261811023621
20
-3.9347435826771653
11
4.1183261811023621
21
-3.934743622047244
0
LINE
8
F.Cu
6
CONTINUOUS
10
4.1183261811023621
20
-3.934743622047244
11
4.1183261023622046
21
-3.9347437007874015
0
LINE
8
F.Cu
6
CONTINUOUS
10
4.1183261023622046
20
-3.9347437007874015
11
4.1177984251968507
21
-3.93547
0
LINE
8
F.Cu
6
CONTINUOUS
10
4.1177984251968507
20
-3.93547
11
4.1128605118110233
21
-3.9422663779527558
0
LINE
8
F.Cu
6
CONTINUOUS
10
4.1128605118110233
20
-3.9422663779527558
11
4.108639094488189
21
-3.9505512992125982
0
LINE
8
F.Cu
6
CONTINUOUS
10
4.108639094488189
20
-3.9505512992125982
11
4.1057655905511812
21
-3.9593949212598423
0
LINE
8
F.Cu
6
CONTINUOUS
10
4.1057655905511812
20
-3.9593949212598423
11
4.1043110236220475
21
-3.9685788188976376
0
LINE
8
F.Cu
6
CONTINUOUS
10
4.1043110236220475
20
-3.9685788188976376
11
4.1043110236220475
21
-3.9778778346456694
0
LINE
8
F.Cu
6
CONTINUOUS
10
4.1043110236220475
20
-3.9778778346456694
11
4.1057655905511812
21
-3.9870617322834643
0
LINE
8
F.Cu
6
CONTINUOUS
10
4.1057655905511812
20
-3.9870617322834643
11
4.1069008267716534
21
-3.9905555118110234
0
LINE
8
F.Cu
6
CONTINUOUS
10
4.1069008267716534
20
-3.9905555118110234
11
4.1086390551181102
21
-3.9959051968503938
0
LINE
8
F.Cu
6
CONTINUOUS
10
4.1086390551181102
20
-3.9959051968503938
11
4.1128605118110233
21
-4.0041902755905507
0
LINE
8
F.Cu
6
CONTINUOUS
10
4.1128605118110233
20
-4.0041902755905507
11
4.1183261023622046
21
-4.0117129921259842
0
LINE
8
F.Cu
6
CONTINUOUS
10
4.1183261023622046
20
-4.0117129921259842
11
4.1249011811023619
21
-4.0182880708661415
0
LINE
8
F.Cu
6
CONTINUOUS
10
4.1249011811023619
20
-4.0182880708661415
11
4.1324238976377954
21
-4.0237536614173228
0
LINE
8
F.Cu
6
CONTINUOUS
10
4.1324238976377954
20
-4.0237536614173228
11
4.1363382283464567
21
-4.0257481102362203
0
LINE
8
F.Cu
6
CONTINUOUS
10
4.1363382283464567
20
-4.0257481102362203
11
4.140708779527559
21
-4.0279750393700784
0
LINE
8
F.Cu
6
CONTINUOUS
10
4.140708779527559
20
-4.0279750393700784
11
4.1407088582677165
21
-4.0279750393700784
0
LINE
8
F.Cu
6
CONTINUOUS
10
4.1407088582677165
20
-4.0279750393700784
11
4.1407089763779528
21
-4.0279751181102359
0
LINE
8
F.Cu
6
CONTINUOUS
10
4.1407089763779528
20
-4.0279751181102359
11
4.1454492913385828
21
-4.02951531496063
0
LINE
8
F.Cu
6
CONTINUOUS
10
4.1454492913385828
20
-4.02951531496063
11
4.1495524015748027
21
-4.0308485433070862
0
LINE
8
F.Cu
6
CONTINUOUS
10
4.1495524015748027
20
-4.0308485433070862
11
4.1587363385826768
21
-4.0323031496062995
0
LINE
8
F.Cu
6
CONTINUOUS
10
4.1587363385826768
20
-4.0323031496062995
11
4.1587365354330705
21
-4.0323031496062995
0
LINE
8
F.Cu
6
CONTINUOUS
10
4.1587365354330705
20
-4.0323031496062995
11
4.1680353149606297
21
-4.0323031496062995
0
LINE
8
F.Cu
6
CONTINUOUS
10
4.1680353149606297
20
-4.0323031496062995
11
4.1772192125984251
21
-4.0308485433070862
0
LINE
8
F.Cu
6
CONTINUOUS
10
4.1772192125984251
20
-4.0308485433070862
11
4.179062047244094
21
-4.0302497637795272
0
LINE
8
F.Cu
6
CONTINUOUS
10
4.179062047244094
20
-4.0302497637795272
11
4.1860626771653546
21
-4.0279751181102359
0
LINE
8
F.Cu
6
CONTINUOUS
10
4.1860626771653546
20
-4.0279751181102359
11
4.194347755905512
21
-4.0237536614173228
0
LINE
8
F.Cu
6
CONTINUOUS
10
4.194347755905512
20
-4.0237536614173228
11
4.2018704724409446
21
-4.0182880708661415
0
LINE
8
F.Cu
6
CONTINUOUS
10
4.2018704724409446
20
-4.0182880708661415
11
4.2084455511811019
21
-4.0117129921259842
0
LINE
8
F.Cu
6
CONTINUOUS
10
4.2084455511811019
20
-4.0117129921259842
11
4.2139111417322832
21
-4.0041902755905507
0
LINE
8
F.Cu
6
CONTINUOUS
10
4.2139111417322832
20
-4.0041902755905507
11
4.2181325984251972
21
-3.9959051968503938
0
LINE
8
F.Cu
6
CONTINUOUS
10
4.2181325984251972
20
-3.9959051968503938
11
4.2210060236220475
21
-3.9870617322834643
0
LINE
8
F.Cu
6
CONTINUOUS
10
4.2210060236220475
20
-3.9870617322834643
11
4.2217035433070862
21
-3.9826577952755904
0
LINE
8
F.Cu
6
CONTINUOUS
10
4.2217035433070862
20
-3.9826577952755904
11
4.2224606299212599
21
-3.9778778346456694
0
LINE
8
F.Cu
6
CONTINUOUS
10
4.2224606299212599
20
-3.9778778346456694
11
4.2224606299212599
21
-3.9685788188976376
0
LINE
8
F.Cu
6
CONTINUOUS
10
4.2224606299212599
20
-3.9685788188976376
11
4.2210060236220475
21
-3.9593949212598423
0
LINE
8
F.Cu
6
CONTINUOUS
10
4.2210060236220475
20
-3.9593949212598423
11
4.2181325196850397
21
-3.9505512992125982
0
LINE
8
F.Cu
6
CONTINUOUS
10
4.2181325196850397
20
-3.9505512992125982
11
4.2139111023622045
21
-3.9422663779527558
0
LINE
8
F.Cu
6
CONTINUOUS
10
4.2139111023622045
20
-3.9422663779527558
11
4.2084455511811019
21
-3.9347437007874015
0
LINE
8
F.Cu
6
CONTINUOUS
10
4.2084455511811019
20
-3.9347437007874015
11
4.2018704724409446
21
-3.9281686220472438
0
LINE
8
F.Cu
6
CONTINUOUS
10
4.2018704724409446
20
-3.9281686220472438
11
4.2016318503937011
21
-3.9279952362204722
0
LINE
8
F.Cu
6
CONTINUOUS
10
4.2016318503937011
20
-3.9279952362204722
11
4.1969139370078743
21
-3.9245674015748029
0
LINE
8
F.Cu
6
CONTINUOUS
10
4.1969139370078743
20
-3.9245674015748029
11
4.1952341732283465
21
-3.92238905511811
0
LINE
8
F.Cu
6
CONTINUOUS
10
4.1952341732283465
20
-3.92238905511811
11
4.1949015748031497
21
-3.9206179133858265
0
LINE
8
F.Cu
6
CONTINUOUS
10
4.1949015748031497
20
-3.9206179133858265
11
4.1949015748031497
21
-3.7699331496062993
0
LINE
8
F.Cu
6
CONTINUOUS
10
4.1949015748031497
20
-3.7699331496062993
11
4.1956765748031497
21
-3.7672938188976377
0
LINE
8
F.Cu
6
CONTINUOUS
10
4.1956765748031497
20
-3.7672938188976377
11
4.1969137401574805
21
-3.7659837795275588
0
LINE
8
F.Cu
6
CONTINUOUS
10
4.1969137401574805
20
-3.7659837795275588
11
4.2018704724409446
21
-3.7623825590551179
0
LINE
8
F.Cu
6
CONTINUOUS
10
4.2018704724409446
20
-3.7623825590551179
11
4.2084455511811019
21
-3.7558074803149606
0
LINE
8
F.Cu
6
CONTINUOUS
10
4.2084455511811019
20
-3.7558074803149606
11
4.2139111417322832
21
-3.7482847637795276
0
LINE
8
F.Cu
6
CONTINUOUS
10
4.2139111417322832
20
-3.7482847637795276
11
4.2181325984251972
21
-3.7399996850393702
0
LINE
8
F.Cu
6
CONTINUOUS
10
4.2181325984251972
20
-3.7399996850393702
11
4.2210060236220475
21
-3.7311562204724407
0
LINE
8
F.Cu
6
CONTINUOUS
10
4.2210060236220475
20
-3.7311562204724407
11
4.2217035433070862
21
-3.7267522834645668
0
LINE
8
F.Cu
6
CONTINUOUS
10
4.2217035433070862
20
-3.7267522834645668
11
4.2224606299212599
21
-3.7219723228346457
0
LINE
8
F.Cu
6
CONTINUOUS
10
4.2224606299212599
20
-3.7219723228346457
11
4.2224606299212599
21
-3.712673622047244
0
LINE
8
F.Cu
6
CONTINUOUS
10
4.2224606299212599
20
-3.712673622047244
11
4.2224605905511812
21
-3.712673307086614
0
LINE
8
F.Cu
6
CONTINUOUS
10
4.2224605905511812
20
-3.712673307086614
11
4.2215021653543303
21
-3.706622244094488
0
LINE
8
F.Cu
6
CONTINUOUS
10
4.2215021653543303
20
-3.706622244094488
11
4.2218546850393697
21
-3.7038942913385826
0
LINE
8
F.Cu
6
CONTINUOUS
10
4.2218546850393697
20
-3.7038942913385826
11
4.2228718110236221
21
-3.7024067716535431
0
LINE
8
F.Cu
6
CONTINUOUS
10
4.2228718110236221
20
-3.7024067716535431
11
4.3256609448818892
21
-3.5996177165354331
0
LINE
8
F.Cu
6
CONTINUOUS
10
4.3256609448818892
20
-3.5996177165354331
11
4.325660984251968
21
-3.5996176771653543
0
LINE
8
F.Cu
6
CONTINUOUS
10
4.325660984251968
20
-3.5996176771653543
11
4.32911
21
-3.5944558661417321
0
LINE
8
F.Cu
6
CONTINUOUS
10
4.32911
20
-3.5944558661417321
11
4.3293512992125986
21
-3.5938732283464567
0
LINE
8
F.Cu
6
CONTINUOUS
10
4.3293512992125986
20
-3.5938732283464567
11
4.3296118110236224
21
-3.5934802362204725
0
LINE
8
F.Cu
6
CONTINUOUS
10
4.3296118110236224
20
-3.5934802362204725
11
4.3303177165354327
21
-3.5928857480314962
0
LINE
8
F.Cu
6
CONTINUOUS
10
4.3303177165354327
20
-3.5928857480314962
11
4.3308967716535429
21
-3.5921672047244093
0
LINE
8
F.Cu
6
CONTINUOUS
10
4.3308967716535429
20
-3.5921672047244093
11
4.3313502362204721
21
-3.5920162598425196
0
LINE
8
F.Cu
6
CONTINUOUS
10
4.3313502362204721
20
-3.5920162598425196
11
4.3317159055118113
21
-3.5917083464566928
0
LINE
8
F.Cu
6
CONTINUOUS
10
4.3317159055118113
20
-3.5917083464566928
11
4.3326311811023617
21
-3.5915898818897638
0
LINE
8
F.Cu
6
CONTINUOUS
10
4.3326311811023617
20
-3.5915898818897638
11
4.3335067716535436
21
-3.591298464566929
0
LINE
8
F.Cu
6
CONTINUOUS
10
4.3335067716535436
20
-3.591298464566929
11
4.3339698818897636
21
-3.5914166535433072
0
LINE
8
F.Cu
6
CONTINUOUS
10
4.3339698818897636
20
-3.5914166535433072
11
4.3344439370078742
21
-3.5913553149606297
0
LINE
8
F.Cu
6
CONTINUOUS
10
4.3344439370078742
20
-3.5913553149606297
11
4.3352778740157483
21
-3.5917504724409448
0
LINE
8
F.Cu
6
CONTINUOUS
10
4.3352778740157483
20
-3.5917504724409448
11
4.3361720866141731
21
-3.5919787007874016
0
LINE
8
F.Cu
6
CONTINUOUS
10
4.3361720866141731
20
-3.5919787007874016
11
4.3364977952755908
21
-3.5923285433070866
0
LINE
8
F.Cu
6
CONTINUOUS
10
4.3364977952755908
20
-3.5923285433070866
11
4.3369297637795272
21
-3.5925332283464568
0
LINE
8
F.Cu
6
CONTINUOUS
10
4.3369297637795272
20
-3.5925332283464568
11
4.3374176377952756
21
-3.5933164173228347
0
LINE
8
F.Cu
6
CONTINUOUS
10
4.3374176377952756
20
-3.5933164173228347
11
4.3380465748031494
21
-3.5939919291338582
0
LINE
8
F.Cu
6
CONTINUOUS
10
4.3380465748031494
20
-3.5939919291338582
11
4.3381737795275592
21
-3.5945303543307086
0
LINE
8
F.Cu
6
CONTINUOUS
10
4.3381737795275592
20
-3.5945303543307086
11
4.3383841732283468
21
-3.5948680708661418
0
LINE
8
F.Cu
6
CONTINUOUS
10
4.3383841732283468
20
-3.5948680708661418
11
4.3383768110236218
21
-3.5953894094488188
0
LINE
8
F.Cu
6
CONTINUOUS
10
4.3383768110236218
20
-3.5953894094488188
11
4.3385629921259845
21
-3.5961772440944881
0
LINE
8
F.Cu
6
CONTINUOUS
10
4.3385629921259845
20
-3.5961772440944881
11
4.3385629921259845
21
-4.0597267322834645
0
LINE
8
F.Cu
6
CONTINUOUS
10
4.3385629921259845
20
-4.0597267322834645
11
4.3377879921259845
21
-4.0623660629921261
0
LINE
8
F.Cu
6
CONTINUOUS
10
4.3377879921259845
20
-4.0623660629921261
11
4.3371331102362207
21
-4.0631787401574799
0
LINE
8
F.Cu
6
CONTINUOUS
10
4.3371331102362207
20
-4.0631787401574799
11
4.1783019291338581
21
-4.2220098818897638
0
LINE
8
F.Cu
6
CONTINUOUS
10
4.1783019291338581
20
-4.2220098818897638
11
4.1758876377952756
21
-4.2233281889763781
0
LINE
8
F.Cu
6
CONTINUOUS
10
4.1758876377952756
20
-4.2233281889763781
11
4.1740862204724412
21
-4.2233796456692909
0
LINE
8
F.Cu
6
CONTINUOUS
10
4.1740862204724412
20
-4.2233796456692909
11
4.1680353149606297
21
-4.2224212598425197
0
LINE
8
F.Cu
6
CONTINUOUS
10
4.1680353149606297
20
-4.2224212598425197
11
4.168035118110236
21
-4.2224212598425197
0
LINE
8
F.Cu
6
CONTINUOUS
10
4.168035118110236
20
-4.2224212598425197
11
4.1587365354330705
21
-4.2224212598425197
0
LINE
8
F.Cu
6
CONTINUOUS
10
4.1587365354330705
20
-4.2224212598425197
11
4.1587363385826768
21
-4.2224212598425197
0
LINE
8
F.Cu
6
CONTINUOUS
10
4.1587363385826768
20
-4.2224212598425197
11
4.1495524015748027
21
-4.2238758267716534
0
LINE
8
F.Cu
6
CONTINUOUS
10
4.1495524015748027
20
-4.2238758267716534
11
4.140708779527559
21
-4.2267493307086612
0
LINE
8
F.Cu
6
CONTINUOUS
10
4.140708779527559
20
-4.2267493307086612
11
4.1324238582677166
21
-4.2309707480314955
0
LINE
8
F.Cu
6
CONTINUOUS
10
4.1324238582677166
20
-4.2309707480314955
11
4.1281318897637798
21
-4.2340890551181101
0
LINE
8
F.Cu
6
CONTINUOUS
10
4.1281318897637798
20
-4.2340890551181101
11
4.1249011811023619
21
-4.2364363385826769
0
LINE
8
F.Cu
6
CONTINUOUS
10
4.1249011811023619
20
-4.2364363385826769
11
4.1249011023622044
21
-4.2364364173228344
0
LINE
8
F.Cu
6
CONTINUOUS
10
4.1249011023622044
20
-4.2364364173228344
11
4.1249010629921257
21
-4.2364364173228344
0
LINE
8
F.Cu
6
CONTINUOUS
10
4.1249010629921257
20
-4.2364364173228344
11
4.1183261811023621
21
-4.2430112992125979
0
LINE
8
F.Cu
6
CONTINUOUS
10
4.1183261811023621
20
-4.2430112992125979
11
4.1183261811023621
21
-4.2430113385826767
0
LINE
8
F.Cu
6
CONTINUOUS
10
4.1183261811023621
20
-4.2430113385826767
11
4.1183261023622046
21
-4.2430114173228342
0
LINE
8
F.Cu
6
CONTINUOUS
10
4.1183261023622046
20
-4.2430114173228342
11
4.1177984251968507
21
-4.2437377165354331
0
LINE
8
F.Cu
6
CONTINUOUS
10
4.1177984251968507
20
-4.2437377165354331
11
4.1128605118110233
21
-4.2505340944881889
0
LINE
8
F.Cu
6
CONTINUOUS
10
4.1128605118110233
20
-4.2505340944881889
11
4.108639094488189
21
-4.2588190157480312
0
LINE
8
F.Cu
6
CONTINUOUS
10
4.108639094488189
20
-4.2588190157480312
11
4.1057655905511812
21
-4.2676626377952758
0
LINE
8
F.Cu
6
CONTINUOUS
10
4.1057655905511812
20
-4.2676626377952758
11
4.1043110236220475
21
-4.2768465354330711
0
LINE
8
F.Cu
6
CONTINUOUS
10
4.1043110236220475
20
-4.2768465354330711
11
4.1043110236220475
21
-4.286145551181102
0
LINE
8
F.Cu
6
CONTINUOUS
10
4.1043110236220475
20
-4.286145551181102
11
4.1057655905511812
21
-4.2953294488188973
0
LINE
8
F.Cu
6
CONTINUOUS
10
4.1057655905511812
20
-4.2953294488188973
11
4.1069008267716534
21
-4.2988232283464569
0
LINE
8
F.Cu
6
CONTINUOUS
10
4.1069008267716534
20
-4.2988232283464569
11
4.1086390551181102
21
-4.3041729133858269
0
LINE
8
F.Cu
6
CONTINUOUS
10
4.1086390551181102
20
-4.3041729133858269
11
4.1128605118110233
21
-4.3124579921259842
0
LINE
8
F.Cu
6
CONTINUOUS
10
4.1128605118110233
20
-4.3124579921259842
11
4.1183261023622046
21
-4.3199807086614168
0
LINE
8
F.Cu
6
CONTINUOUS
10
4.1183261023622046
20
-4.3199807086614168
11
4.1249011811023619
21
-4.326555787401575
0
LINE
8
F.Cu
6
CONTINUOUS
10
4.1249011811023619
20
-4.326555787401575
11
4.1298577952755906
21
-4.3301569685039372
0
LINE
8
F.Cu
6
CONTINUOUS
10
4.1298577952755906
20
-4.3301569685039372
11
4.1315374409448822
21
-4.3323351574803146
0
LINE
8
F.Cu
6
CONTINUOUS
10
4.1315374409448822
20
-4.3323351574803146
11
4.1318700787401577
21
-4.3341063779527556
0
LINE
8
F.Cu
6
CONTINUOUS
10
4.1318700787401577
20
-4.3341063779527556
11
4.1318700787401577
21
-4.4847911417322832
0
LINE
8
F.Cu
6
CONTINUOUS
10
4.1318700787401577
20
-4.4847911417322832
11
4.1310950787401577
21
-4.4874304724409448
0
LINE
8
F.Cu
6
CONTINUOUS
10
4.1310950787401577
20
-4.4874304724409448
11
4.1298577165354331
21
-4.48874062992126
0
LINE
8
F.Cu
6
CONTINUOUS
10
4.1298577165354331
20
-4.48874062992126
11
4.1249014173228344
21
-4.4923416535433072
0
LINE
8
F.Cu
6
CONTINUOUS
10
4.1249014173228344
20
-4.4923416535433072
11
4.1249010629921257
21
-4.4923419291338584
0
LINE
8
F.Cu
6
CONTINUOUS
10
4.1249010629921257
20
-4.4923419291338584
11
4.1183261811023621
21
-4.498916811023622
0
LINE
8
F.Cu
6
CONTINUOUS
10
4.1183261811023621
20
-4.498916811023622
11
4.1183261811023621
21
-4.4989168503937007
0
LINE
8
F.Cu
6
CONTINUOUS
10
4.1183261811023621
20
-4.4989168503937007
11
4.1183261023622046
21
-4.4989169291338582
0
LINE
8
F.Cu
6
CONTINUOUS
10
4.1183261023622046
20
-4.4989169291338582
11
4.1177984251968507
21
-4.4996432283464562
0
LINE
8
F.Cu
6
CONTINUOUS
10
4.1177984251968507
20
-4.4996432283464562
11
4.1128605118110233
21
-4.5064396062992129
0
LINE
8
F.Cu
6
CONTINUOUS
10
4.1128605118110233
20
-4.5064396062992129
11
4.108639094488189
21
-4.5147245275590553
0
LINE
8
F.Cu
6
CONTINUOUS
10
4.108639094488189
20
-4.5147245275590553
11
4.1057655905511812
21
-4.5235681496062989
0
LINE
8
F.Cu
6
CONTINUOUS
10
4.1057655905511812
20
-4.5235681496062989
11
4.1043110236220475
21
-4.5327520472440943
0
LINE
8
F.Cu
6
CONTINUOUS
10
4.1043110236220475
20
-4.5327520472440943
11
4.1043110236220475
21
-4.542051062992126
0
LINE
8
F.Cu
6
CONTINUOUS
10
4.1043110236220475
20
-4.542051062992126
11
4.1057655905511812
21
-4.5512349606299214
0
LINE
8
F.Cu
6
CONTINUOUS
10
4.1057655905511812
20
-4.5512349606299214
11
4.1069008267716534
21
-4.5547287401574801
0
LINE
8
F.Cu
6
CONTINUOUS
10
4.1069008267716534
20
-4.5547287401574801
11
4.1086390551181102
21
-4.56007842519685
0
LINE
8
F.Cu
6
CONTINUOUS
10
4.1086390551181102
20
-4.56007842519685
11
4.1128605118110233
21
-4.5683635039370074
0
LINE
8
F.Cu
6
CONTINUOUS
10
4.1128605118110233
20
-4.5683635039370074
11
4.1183261023622046
21
-4.5758862204724409
0
LINE
8
F.Cu
6
CONTINUOUS
10
4.1183261023622046
20
-4.5758862204724409
11
4.1249011811023619
21
-4.5824612992125981
0
LINE
8
F.Cu
6
CONTINUOUS
10
4.1249011811023619
20
-4.5824612992125981
11
4.1324238976377954
21
-4.5879268897637795
0
LINE
8
F.Cu
6
CONTINUOUS
10
4.1324238976377954
20
-4.5879268897637795
11
4.1363382283464567
21
-4.5899213385826769
0
LINE
8
F.Cu
6
CONTINUOUS
10
4.1363382283464567
20
-4.5899213385826769
11
4.140708779527559
21
-4.5921482677165351
0
LINE
8
F.Cu
6
CONTINUOUS
10
4.140708779527559
20
-4.5921482677165351
11
4.1407088582677165
21
-4.5921482677165351
0
LINE
8
F.Cu
6
CONTINUOUS
10
4.1407088582677165
20
-4.5921482677165351
11
4.1407089763779528
21
-4.5921483464566926
0
LINE
8
F.Cu
6
CONTINUOUS
10
4.1407089763779528
20
-4.5921483464566926
11
4.1454492913385828
21
-4.5936885433070866
0
LINE
8
F.Cu
6
CONTINUOUS
10
4.1454492913385828
20
-4.5936885433070866
11
4.1495524015748027
21
-4.5950217716535429
0
LINE
8
F.Cu
6
CONTINUOUS
10
4.1495524015748027
20
-4.5950217716535429
11
4.1587363385826768
21
-4.5964763779527562
0
LINE
8
F.Cu
6
CONTINUOUS
10
4.1587363385826768
20
-4.5964763779527562
11
4.1587365354330705
21
-4.5964763779527562
0
LINE
8
F.Cu
6
CONTINUOUS
10
4.1587365354330705
20
-4.5964763779527562
11
4.1680353149606297
21
-4.5964763779527562
0
LINE
8
F.Cu
6
CONTINUOUS
10
4.1680353149606297
20
-4.5964763779527562
11
4.1772192125984251
21
-4.5950217716535429
0
LINE
8
F.Cu
6
CONTINUOUS
10
4.1772192125984251
20
-4.5950217716535429
11
4.179062047244094
21
-4.5944229921259838
0
LINE
8
F.Cu
6
CONTINUOUS
10
4.179062047244094
20
-4.5944229921259838
11
4.1860626771653546
21
-4.5921483464566926
0
LINE
8
F.Cu
6
CONTINUOUS
10
4.1860626771653546
20
-4.5921483464566926
11
4.194347755905512
21
-4.5879268897637795
0
LINE
8
F.Cu
6
CONTINUOUS
10
4.194347755905512
20
-4.5879268897637795
11
4.2018704724409446
21
-4.5824612992125981
0
LINE
8
F.Cu
6
CONTINUOUS
10
4.2018704724409446
20
-4.5824612992125981
11
4.2084455511811019
21
-4.5758862204724409
0
LINE
8
F.Cu
6
CONTINUOUS
10
4.2084455511811019
20
-4.5758862204724409
11
4.2139111417322832
21
-4.5683635039370074
0
LINE
8
F.Cu
6
CONTINUOUS
10
4.2139111417322832
20
-4.5683635039370074
11
4.2181325984251972
21
-4.56007842519685
0
LINE
8
F.Cu
6
CONTINUOUS
10
4.2181325984251972
20
-4.56007842519685
11
4.2210060236220475
21
-4.5512349606299214
0
LINE
8
F.Cu
6
CONTINUOUS
10
4.2210060236220475
20
-4.5512349606299214
11
4.2217035433070862
21
-4.5468310236220475
0
LINE
8
F.Cu
6
CONTINUOUS
10
4.2217035433070862
20
-4.5468310236220475
11
4.2224606299212599
21
-4.542051062992126
0
LINE
8
F.Cu
6
CONTINUOUS
10
4.2224606299212599
20
-4.542051062992126
11
4.2224606299212599
21
-4.5327520472440943
0
LINE
8
F.Cu
6
CONTINUOUS
10
4.2224606299212599
20
-4.5327520472440943
11
4.2210060236220475
21
-4.5235681496062989
0
LINE
8
F.Cu
6
CONTINUOUS
10
4.2210060236220475
20
-4.5235681496062989
11
4.2181325196850397
21
-4.5147245275590553
0
LINE
8
F.Cu
6
CONTINUOUS
10
4.2181325196850397
20
-4.5147245275590553
11
4.2139111023622045
21
-4.5064396062992129
0
LINE
8
F.Cu
6
CONTINUOUS
10
4.2139111023622045
20
-4.5064396062992129
11
4.2084455511811019
21
-4.4989169291338582
0
LINE
8
F.Cu
6
CONTINUOUS
10
4.2084455511811019
20
-4.4989169291338582
11
4.2018704724409446
21
-4.4923418503937009
0
LINE
8
F.Cu
6
CONTINUOUS
10
4.2018704724409446
20
-4.4923418503937009
11
4.2016318503937011
21
-4.4921684645669293
0
LINE
8
F.Cu
6
CONTINUOUS
10
4.2016318503937011
20
-4.4921684645669293
11
4.1969139370078743
21
-4.48874062992126
0
LINE
8
F.Cu
6
CONTINUOUS
10
4.1969139370078743
20
-4.48874062992126
11
4.1952341732283465
21
-4.4865622834645666
0
LINE
8
F.Cu
6
CONTINUOUS
10
4.1952341732283465
20
-4.4865622834645666
11
4.1949015748031497
21
-4.4847911417322832
0
LINE
8
F.Cu
6
CONTINUOUS
10
4.1949015748031497
20
-4.4847911417322832
11
4.1949015748031497
21
-4.3341063779527556
0
LINE
8
F.Cu
6
CONTINUOUS
10
4.1949015748031497
20
-4.3341063779527556
11
4.1956765748031497
21
-4.3314670472440948
0
LINE
8
F.Cu
6
CONTINUOUS
10
4.1956765748031497
20
-4.3314670472440948
11
4.1969137401574805
21
-4.3301570078740159
0
LINE
8
F.Cu
6
CONTINUOUS
10
4.1969137401574805
20
-4.3301570078740159
11
4.2018704724409446
21
-4.326555787401575
0
LINE
8
F.Cu
6
CONTINUOUS
10
4.2018704724409446
20
-4.326555787401575
11
4.2084455511811019
21
-4.3199807086614168
0
LINE
8
F.Cu
6
CONTINUOUS
10
4.2084455511811019
20
-4.3199807086614168
11
4.2139111417322832
21
-4.3124579921259842
0
LINE
8
F.Cu
6
CONTINUOUS
10
4.2139111417322832
20
-4.3124579921259842
11
4.2181325984251972
21
-4.3041729133858269
0
LINE
8
F.Cu
6
CONTINUOUS
10
4.2181325984251972
20
-4.3041729133858269
11
4.2210060236220475
21
-4.2953294488188973
0
LINE
8
F.Cu
6
CONTINUOUS
10
4.2210060236220475
20
-4.2953294488188973
11
4.2217035433070862
21
-4.2909255118110234
0
LINE
8
F.Cu
6
CONTINUOUS
10
4.2217035433070862
20
-4.2909255118110234
11
4.2224606299212599
21
-4.286145551181102
0
LINE
8
F.Cu
6
CONTINUOUS
10
4.2224606299212599
20
-4.286145551181102
11
4.2224606299212599
21
-4.2768468503937003
0
LINE
8
F.Cu
6
CONTINUOUS
10
4.2224606299212599
20
-4.2768468503937003
11
4.2224605905511812
21
-4.2768465354330711
0
LINE
8
F.Cu
6
CONTINUOUS
10
4.2224605905511812
20
-4.2768465354330711
11
4.2215021653543303
21
-4.2707954724409447
0
LINE
8
F.Cu
6
CONTINUOUS
10
4.2215021653543303
20
-4.2707954724409447
11
4.2218546850393697
21
-4.2680675196850393
0
LINE
8
F.Cu
6
CONTINUOUS
10
4.2218546850393697
20
-4.2680675196850393
11
4.2228718110236221
21
-4.2665800000000003
0
LINE
8
F.Cu
6
CONTINUOUS
10
4.2228718110236221
20
-4.2665800000000003
11
4.3945586220472439
21
-4.0948932677165351
0
LINE
8
F.Cu
6
CONTINUOUS
10
4.3945586220472439
20
-4.0948932677165351
11
4.3980076377952759
21
-4.0897314566929133
0
LINE
8
F.Cu
6
CONTINUOUS
10
4.3980076377952759
20
-4.0897314566929133
11
4.4000566535433068
21
-4.0847846850393701
0
LINE
8
F.Cu
6
CONTINUOUS
10
4.4000566535433068
20
-4.0847846850393701
11
4.4017826771653539
21
-4.0826427952755902
0
LINE
8
F.Cu
6
CONTINUOUS
10
4.4017826771653539
20
-4.0826427952755902
11
4.4043926771653545
21
-4.0817740944881891
0
LINE
8
F.Cu
6
CONTINUOUS
10
4.4043926771653545
20
-4.0817740944881891
11
4.407057992125984
21
-4.0824543700787403
0
LINE
8
F.Cu
6
CONTINUOUS
10
4.407057992125984
20
-4.0824543700787403
11
4.4089324409448816
21
-4.0844676377952753
0
LINE
8
F.Cu
6
CONTINUOUS
10
4.4089324409448816
20
-4.0844676377952753
11
4.4092519685039369
21
-4.0858198031496062
0
LINE
8
F.Cu
6
CONTINUOUS
10
4.4092519685039369
20
-4.0858198031496062
11
4.4092519685039369
21
-2.1355522440944883
0
LINE
8
F.Cu
6
CONTINUOUS
10
4.4092519685039369
20
-2.1355522440944883
11
4.408673818897638
21
-2.1375212204724408
0
LINE
8
F.Cu
6
CONTINUOUS
10
4.0227309448818893
20
-4.5231620866141728
11
4.0238952755905508
21
-4.5259730314960631
0
LINE
8
F.Cu
6
CONTINUOUS
10
4.0238952755905508
20
-4.5259730314960631
11
4.0254009842519682
21
-4.5335426377952759
0
LINE
8
F.Cu
6
CONTINUOUS
10
4.0254009842519682
20
-4.5335426377952759
11
4.0254009842519682
21
-4.5412605118110232
0
LINE
8
F.Cu
6
CONTINUOUS
10
4.0254009842519682
20
-4.5412605118110232
11
4.0238952755905508
21
-4.548830118110236
0
LINE
8
F.Cu
6
CONTINUOUS
10
4.0238952755905508
20
-4.548830118110236
11
4.0227309448818893
21
-4.5516409842519687
0
LINE
8
F.Cu
6
CONTINUOUS
10
4.0227309448818893
20
-4.5516409842519687
11
4.0462498031496059
21
-4.5751598425196853
0
LINE
8
F.Cu
6
CONTINUOUS
10
4.0462498031496059
20
-4.5751598425196853
11
4.0499147637795279
21
-4.568812086614173
0
LINE
8
F.Cu
6
CONTINUOUS
10
4.0499147637795279
20
-4.568812086614173
11
4.0499149212598429
21
-4.568811771653543
0
LINE
8
F.Cu
6
CONTINUOUS
10
4.0499149212598429
20
-4.568811771653543
11
4.0534696456692911
21
-4.560229803149606
0
LINE
8
F.Cu
6
CONTINUOUS
10
4.0534696456692911
20
-4.560229803149606
11
4.0558740157480315
21
-4.5512564566929132
0
LINE
8
F.Cu
6
CONTINUOUS
10
4.0558740157480315
20
-4.5512564566929132
11
4.0570865748031499
21
-4.5420466535433066
0
LINE
8
F.Cu
6
CONTINUOUS
10
4.0570865748031499
20
-4.5420466535433066
11
4.0570866141732287
21
-4.542046102362205
0
LINE
8
F.Cu
6
CONTINUOUS
10
4.0570866141732287
20
-4.542046102362205
11
4.0570866141732287
21
-4.5327570078740154
0
LINE
8
F.Cu
6
CONTINUOUS
10
4.0570866141732287
20
-4.5327570078740154
11
4.0570865748031499
21
-4.5327564566929137
0
LINE
8
F.Cu
6
CONTINUOUS
10
4.0570865748031499
20
-4.5327564566929137
11
4.0558740157480315
21
-4.5235466535433071
0
LINE
8
F.Cu
6
CONTINUOUS
10
4.0558740157480315
20
-4.5235466535433071
11
4.0534696456692911
21
-4.5145733070866143
0
LINE
8
F.Cu
6
CONTINUOUS
10
4.0534696456692911
20
-4.5145733070866143
11
4.0499149212598429
21
-4.5059913385826773
0
LINE
8
F.Cu
6
CONTINUOUS
10
4.0499149212598429
20
-4.5059913385826773
11
4.0499147244094491
21
-4.5059909842519685
0
LINE
8
F.Cu
6
CONTINUOUS
10
4.0499147244094491
20
-4.5059909842519685
11
4.0462498031496059
21
-4.4996432283464562
0
LINE
8
F.Cu
6
CONTINUOUS
10
4.0462498031496059
20
-4.4996432283464562
11
4.0227309448818893
21
-4.5231620866141728
0
LINE
8
F.Cu
6
CONTINUOUS
10
3.9723655511811025
20
-4.2118424803149601
11
3.9633922047244092
21
-4.2142468503937005
0
LINE
8
F.Cu
6
CONTINUOUS
10
3.9633922047244092
20
-4.2142468503937005
11
3.9548102362204722
21
-4.2178015748031497
0
LINE
8
F.Cu
6
CONTINUOUS
10
3.9548102362204722
20
-4.2178015748031497
11
3.9548098818897639
21
-4.2178017716535434
0
LINE
8
F.Cu
6
CONTINUOUS
10
3.9548098818897639
20
-4.2178017716535434
11
3.9467648818897638
21
-4.2224466141732284
0
LINE
8
F.Cu
6
CONTINUOUS
10
3.9467648818897638
20
-4.2224466141732284
11
3.9467645669291338
21
-4.2224468110236222
0
LINE
8
F.Cu
6
CONTINUOUS
10
3.9467645669291338
20
-4.2224468110236222
11
3.9448616141732282
21
-4.2239070078740157
0
LINE
8
F.Cu
6
CONTINUOUS
10
3.9448616141732282
20
-4.2239070078740157
11
3.942295905511811
21
-4.2248988582677161
0
LINE
8
F.Cu
6
CONTINUOUS
10
3.942295905511811
20
-4.2248988582677161
11
3.9396012204724409
21
-4.2243461417322834
0
LINE
8
F.Cu
6
CONTINUOUS
10
3.9396012204724409
20
-4.2243461417322834
11
3.9376331496062993
21
-4.2224243307086615
0
LINE
8
F.Cu
6
CONTINUOUS
10
3.9376331496062993
20
-4.2224243307086615
11
3.9372047244094488
21
-4.2207864566929132
0
LINE
8
F.Cu
6
CONTINUOUS
10
3.9372047244094488
20
-4.2207864566929132
11
3.9372047244094488
21
-4.3422877952755901
0
LINE
8
F.Cu
6
CONTINUOUS
10
3.9372047244094488
20
-4.3422877952755901
11
3.9377828740157481
21
-4.3403188582677164
0
LINE
8
F.Cu
6
CONTINUOUS
10
3.9377828740157481
20
-4.3403188582677164
11
3.9398617716535433
21
-4.3385174803149607
0
LINE
8
F.Cu
6
CONTINUOUS
10
3.9398617716535433
20
-4.3385174803149607
11
3.9425845275590552
21
-4.3381259842519686
0
LINE
8
F.Cu
6
CONTINUOUS
10
3.9425845275590552
20
-4.3381259842519686
11
3.9448616929133857
21
-4.3390851181102361
0
LINE
8
F.Cu
6
CONTINUOUS
10
3.9448616929133857
20
-4.3390851181102361
11
3.9467648425196851
21
-4.3405454330708659
0
LINE
8
F.Cu
6
CONTINUOUS
10
3.9467648425196851
20
-4.3405454330708659
11
3.9467648818897638
21
-4.3405454724409447
0
LINE
8
F.Cu
6
CONTINUOUS
10
3.9467648818897638
20
-4.3405454724409447
11
3.9548098818897639
21
-4.3451903149606297
0
LINE
8
F.Cu
6
CONTINUOUS
10
3.9548098818897639
20
-4.3451903149606297
11
3.9548102362204722
21
-4.3451905118110234
0
LINE
8
F.Cu
6
CONTINUOUS
10
3.9548102362204722
20
-4.3451905118110234
11
3.963392244094488
21
-4.3487452362204726
0
LINE
8
F.Cu
6
CONTINUOUS
10
3.963392244094488
20
-4.3487452362204726
11
3.9633921653543305
21
-4.3487452362204726
0
LINE
8
F.Cu
6
CONTINUOUS
10
3.9633921653543305
20
-4.3487452362204726
11
3.9723655511811025
21
-4.3511496062992121
0
LINE
8
F.Cu
6
CONTINUOUS
10
3.9723655511811025
20
-4.3511496062992121
11
3.9815753543307086
21
-4.3523621653543305
0
LINE
8
F.Cu
6
CONTINUOUS
10
3.9815753543307086
20
-4.3523621653543305
11
3.9815759448818895
21
-4.3523622047244093
0
LINE
8
F.Cu
6
CONTINUOUS
10
3.9815759448818895
20
-4.3523622047244093
11
3.9908649999999999
21
-4.3523622047244093
0
LINE
8
F.Cu
6
CONTINUOUS
10
3.9908649999999999
20
-4.3523622047244093
11
3.9908655511811024
21
-4.3523621653543305
0
LINE
8
F.Cu
6
CONTINUOUS
10
3.9908655511811024
20
-4.3523621653543305
11
4.0000753543307086
21
-4.3511496062992121
0
LINE
8
F.Cu
6
CONTINUOUS
10
4.0000753543307086
20
-4.3511496062992121
11
4.0090487007874014
21
-4.3487452362204726
0
LINE
8
F.Cu
6
CONTINUOUS
10
4.0090487007874014
20
-4.3487452362204726
11
4.0176306692913384
21
-4.3451905118110234
0
LINE
8
F.Cu
6
CONTINUOUS
10
4.0176306692913384
20
-4.3451905118110234
11
4.0176309842519684
21
-4.3451903543307084
0
LINE
8
F.Cu
6
CONTINUOUS
10
4.0176309842519684
20
-4.3451903543307084
11
4.0239787401574798
21
-4.3415253937007874
0
LINE
8
F.Cu
6
CONTINUOUS
10
4.0239787401574798
20
-4.3415253937007874
11
4.0004598818897641
21
-4.3180065354330708
0
LINE
8
F.Cu
6
CONTINUOUS
10
4.0004598818897641
20
-4.3180065354330708
11
3.9976490157480313
21
-4.3191708661417323
0
LINE
8
F.Cu
6
CONTINUOUS
10
3.9976490157480313
20
-4.3191708661417323
11
3.990079409448819
21
-4.3206765748031497
0
LINE
8
F.Cu
6
CONTINUOUS
10
3.990079409448819
20
-4.3206765748031497
11
3.9823615354330708
21
-4.3206765748031497
0
LINE
8
F.Cu
6
CONTINUOUS
10
3.9823615354330708
20
-4.3206765748031497
11
3.974791929133858
21
-4.3191708661417323
0
LINE
8
F.Cu
6
CONTINUOUS
10
3.974791929133858
20
-4.3191708661417323
11
3.9676615354330709
21
-4.316217362204724
0
LINE
8
F.Cu
6
CONTINUOUS
10
3.9676615354330709
20
-4.316217362204724
11
3.9612443700787399
21
-4.3119295275590552
0
LINE
8
F.Cu
6
CONTINUOUS
10
3.9612443700787399
20
-4.3119295275590552
11
3.9557870078740156
21
-4.3064721653543305
0
LINE
8
F.Cu
6
CONTINUOUS
10
3.9557870078740156
20
-4.3064721653543305
11
3.9514991732283464
21
-4.3000549999999995
0
LINE
8
F.Cu
6
CONTINUOUS
10
3.9514991732283464
20
-4.3000549999999995
11
3.9485456692913385
21
-4.2929246062992128
0
LINE
8
F.Cu
6
CONTINUOUS
10
3.9485456692913385
20
-4.2929246062992128
11
3.9470399606299211
21
-4.285355
0
LINE
8
F.Cu
6
CONTINUOUS
10
3.9470399606299211
20
-4.285355
11
3.9470399606299211
21
-4.2776371259842518
0
LINE
8
F.Cu
6
CONTINUOUS
10
3.9470399606299211
20
-4.2776371259842518
11
3.9485456692913385
21
-4.2700675196850391
0
LINE
8
F.Cu
6
CONTINUOUS
10
3.9485456692913385
20
-4.2700675196850391
11
3.9514991732283464
21
-4.2629371259842515
0
LINE
8
F.Cu
6
CONTINUOUS
10
3.9514991732283464
20
-4.2629371259842515
11
3.9557870078740156
21
-4.2565199606299213
0
LINE
8
F.Cu
6
CONTINUOUS
10
3.9557870078740156
20
-4.2565199606299213
11
3.9612443700787399
21
-4.2510625984251966
0
LINE
8
F.Cu
6
CONTINUOUS
10
3.9612443700787399
20
-4.2510625984251966
11
3.9676615354330709
21
-4.2467747637795279
0
LINE
8
F.Cu
6
CONTINUOUS
10
3.9676615354330709
20
-4.2467747637795279
11
3.974791929133858
21
-4.2438212598425196
0
LINE
8
F.Cu
6
CONTINUOUS
10
3.974791929133858
20
-4.2438212598425196
11
3.9823615354330708
21
-4.2423155511811022
0
LINE
8
F.Cu
6
CONTINUOUS
10
3.9823615354330708
20
-4.2423155511811022
11
3.990079409448819
21
-4.2423155511811022
0
LINE
8
F.Cu
6
CONTINUOUS
10
3.990079409448819
20
-4.2423155511811022
11
3.9976490157480313
21
-4.2438212598425196
0
LINE
8
F.Cu
6
CONTINUOUS
10
3.9976490157480313
20
-4.2438212598425196
11
4.0004598425196853
21
-4.2449855511811023
0
LINE
8
F.Cu
6
CONTINUOUS
10
4.0004598425196853
20
-4.2449855511811023
11
4.0239787401574798
21
-4.221466653543307
0
LINE
8
F.Cu
6
CONTINUOUS
10
4.0239787401574798
20
-4.221466653543307
11
4.0239787401574798
21
-4.2214666141732282
0
LINE
8
F.Cu
6
CONTINUOUS
10
4.0239787401574798
20
-4.2214666141732282
11
4.0176312992125984
21
-4.2178018897637797
0
LINE
8
F.Cu
6
CONTINUOUS
10
4.0176312992125984
20
-4.2178018897637797
11
4.0176306692913384
21
-4.2178015748031497
0
LINE
8
F.Cu
6
CONTINUOUS
10
4.0176306692913384
20
-4.2178015748031497
11
4.0090486614173226
21
-4.2142468503937005
0
LINE
8
F.Cu
6
CONTINUOUS
10
4.0090486614173226
20
-4.2142468503937005
11
4.0090487401574801
21
-4.2142468503937005
0
LINE
8
F.Cu
6
CONTINUOUS
10
4.0090487401574801
20
-4.2142468503937005
11
4.0000753543307086
21
-4.2118424803149601
0
LINE
8
F.Cu
6
CONTINUOUS
10
4.0000753543307086
20
-4.2118424803149601
11
3.9908655511811024
21
-4.2106299212598426
0
LINE
8
F.Cu
6
CONTINUOUS
10
3.9908655511811024
20
-4.2106299212598426
11
3.9815753543307086
21
-4.2106299212598426
0
LINE
8
F.Cu
6
CONTINUOUS
10
3.9815753543307086
20
-4.2106299212598426
11
3.9723655511811025
21
-4.2118424803149601
0
LINE
8
F.Cu
6
CONTINUOUS
10
4.0227309448818893
20
-4.2672565748031497
11
4.0238952755905508
21
-4.2700675196850391
0
LINE
8
F.Cu
6
CONTINUOUS
10
4.0238952755905508
20
-4.2700675196850391
11
4.0254009842519682
21
-4.2776371259842518
0
LINE
8
F.Cu
6
CONTINUOUS
10
4.0254009842519682
20
-4.2776371259842518
11
4.0254009842519682
21
-4.285355
0
LINE
8
F.Cu
6
CONTINUOUS
10
4.0254009842519682
20
-4.285355
11
4.0238952755905508
21
-4.2929246062992128
0
LINE
8
F.Cu
6
CONTINUOUS
10
4.0238952755905508
20
-4.2929246062992128
11
4.0227309448818893
21
-4.2957354724409447
0
LINE
8
F.Cu
6
CONTINUOUS
10
4.0227309448818893
20
-4.2957354724409447
11
4.0462498031496059
21
-4.3192543307086613
0
LINE
8
F.Cu
6
CONTINUOUS
10
4.0462498031496059
20
-4.3192543307086613
11
4.0499147637795279
21
-4.3129065748031499
0
LINE
8
F.Cu
6
CONTINUOUS
10
4.0499147637795279
20
-4.3129065748031499
11
4.0499149212598429
21
-4.3129062598425199
0
LINE
8
F.Cu
6
CONTINUOUS
10
4.0499149212598429
20
-4.3129062598425199
11
4.0534696456692911
21
-4.3043242913385829
0
LINE
8
F.Cu
6
CONTINUOUS
10
4.0534696456692911
20
-4.3043242913385829
11
4.0558740157480315
21
-4.2953509448818901
0
LINE
8
F.Cu
6
CONTINUOUS
10
4.0558740157480315
20
-4.2953509448818901
11
4.0570865748031499
21
-4.2861411417322834
0
LINE
8
F.Cu
6
CONTINUOUS
10
4.0570865748031499
20
-4.2861411417322834
11
4.0570866141732287
21
-4.2861405905511809
0
LINE
8
F.Cu
6
CONTINUOUS
10
4.0570866141732287
20
-4.2861405905511809
11
4.0570866141732287
21
-4.2768514960629922
0
LINE
8
F.Cu
6
CONTINUOUS
10
4.0570866141732287
20
-4.2768514960629922
11
4.0570865748031499
21
-4.2768509448818897
0
LINE
8
F.Cu
6
CONTINUOUS
10
4.0570865748031499
20
-4.2768509448818897
11
4.0558740157480315
21
-4.267641141732283
0
LINE
8
F.Cu
6
CONTINUOUS
10
4.0558740157480315
20
-4.267641141732283
11
4.0534696456692911
21
-4.2586677952755903
0
LINE
8
F.Cu
6
CONTINUOUS
10
4.0534696456692911
20
-4.2586677952755903
11
4.0499149212598429
21
-4.2500858267716533
0
LINE
8
F.Cu
6
CONTINUOUS
10
4.0499149212598429
20
-4.2500858267716533
11
4.0499147244094491
21
-4.2500854724409445
0
LINE
8
F.Cu
6
CONTINUOUS
10
4.0499147244094491
20
-4.2500854724409445
11
4.0462498031496059
21
-4.2437377165354331
0
LINE
8
F.Cu
6
CONTINUOUS
10
4.0462498031496059
20
-4.2437377165354331
11
4.0227309448818893
21
-4.2672565748031497
0
LINE
8
F.Cu
6
CONTINUOUS
10
3.9723655511811025
20
-3.9035747637795275
11
3.9633922047244092
21
-3.9059791338582674
0
LINE
8
F.Cu
6
CONTINUOUS
10
3.9633922047244092
20
-3.9059791338582674
11
3.9548102362204722
21
-3.9095338582677166
0
LINE
8
F.Cu
6
CONTINUOUS
10
3.9548102362204722
20
-3.9095338582677166
11
3.9548098818897639
21
-3.9095340551181104
0
LINE
8
F.Cu
6
CONTINUOUS
10
3.9548098818897639
20
-3.9095340551181104
11
3.9467648818897638
21
-3.9141788976377954
0
LINE
8
F.Cu
6
CONTINUOUS
10
3.9467648818897638
20
-3.9141788976377954
11
3.9467645669291338
21
-3.9141790944881887
0
LINE
8
F.Cu
6
CONTINUOUS
10
3.9467645669291338
20
-3.9141790944881887
11
3.9448616141732282
21
-3.9156392913385827
0
LINE
8
F.Cu
6
CONTINUOUS
10
3.9448616141732282
20
-3.9156392913385827
11
3.942295905511811
21
-3.9166311417322834
0
LINE
8
F.Cu
6
CONTINUOUS
10
3.942295905511811
20
-3.9166311417322834
11
3.9396012204724409
21
-3.9160784251968503
0
LINE
8
F.Cu
6
CONTINUOUS
10
3.9396012204724409
20
-3.9160784251968503
11
3.9376331496062993
21
-3.9141566141732285
0
LINE
8
F.Cu
6
CONTINUOUS
10
3.9376331496062993
20
-3.9141566141732285
11
3.9372047244094488
21
-3.9125187401574801
0
LINE
8
F.Cu
6
CONTINUOUS
10
3.9372047244094488
20
-3.9125187401574801
11
3.9372047244094488
21
-4.0340200787401574
0
LINE
8
F.Cu
6
CONTINUOUS
10
3.9372047244094488
20
-4.0340200787401574
11
3.9377828740157481
21
-4.0320511417322837
0
LINE
8
F.Cu
6
CONTINUOUS
10
3.9377828740157481
20
-4.0320511417322837
11
3.9398617716535433
21
-4.0302497637795272
0
LINE
8
F.Cu
6
CONTINUOUS
10
3.9398617716535433
20
-4.0302497637795272
11
3.9425845275590552
21
-4.0298582677165351
0
LINE
8
F.Cu
6
CONTINUOUS
10
3.9425845275590552
20
-4.0298582677165351
11
3.9448616929133857
21
-4.0308174015748026
0
LINE
8
F.Cu
6
CONTINUOUS
10
3.9448616929133857
20
-4.0308174015748026
11
3.9467648425196851
21
-4.0322777165354333
0
LINE
8
F.Cu
6
CONTINUOUS
10
3.9467648425196851
20
-4.0322777165354333
11
3.9467648818897638
21
-4.0322777559055121
0
LINE
8
F.Cu
6
CONTINUOUS
10
3.9467648818897638
20
-4.0322777559055121
11
3.9548098818897639
21
-4.0369225984251971
0
LINE
8
F.Cu
6
CONTINUOUS
10
3.9548098818897639
20
-4.0369225984251971
11
3.9548102362204722
21
-4.0369227952755908
0
LINE
8
F.Cu
6
CONTINUOUS
10
3.9548102362204722
20
-4.0369227952755908
11
3.963392244094488
21
-4.0404775196850391
0
LINE
8
F.Cu
6
CONTINUOUS
10
3.963392244094488
20
-4.0404775196850391
11
3.9633921653543305
21
-4.0404775196850391
0
LINE
8
F.Cu
6
CONTINUOUS
10
3.9633921653543305
20
-4.0404775196850391
11
3.9723655511811025
21
-4.0428818897637795
0
LINE
8
F.Cu
6
CONTINUOUS
10
3.9723655511811025
20
-4.0428818897637795
11
3.9815753543307086
21
-4.0440944488188979
0
LINE
8
F.Cu
6
CONTINUOUS
10
3.9815753543307086
20
-4.0440944488188979
11
3.9815759448818895
21
-4.0440944881889767
0
LINE
8
F.Cu
6
CONTINUOUS
10
3.9815759448818895
20
-4.0440944881889767
11
3.9908649999999999
21
-4.0440944881889767
0
LINE
8
F.Cu
6
CONTINUOUS
10
3.9908649999999999
20
-4.0440944881889767
11
3.9908655511811024
21
-4.0440944488188979
0
LINE
8
F.Cu
6
CONTINUOUS
10
3.9908655511811024
20
-4.0440944488188979
11
4.0000753543307086
21
-4.0428818897637795
0
LINE
8
F.Cu
6
CONTINUOUS
10
4.0000753543307086
20
-4.0428818897637795
11
4.0090487007874014
21
-4.0404775196850391
0
LINE
8
F.Cu
6
CONTINUOUS
10
4.0090487007874014
20
-4.0404775196850391
11
4.0176306692913384
21
-4.0369227952755908
0
LINE
8
F.Cu
6
CONTINUOUS
10
4.0176306692913384
20
-4.0369227952755908
11
4.0176309842519684
21
-4.0369226377952758
0
LINE
8
F.Cu
6
CONTINUOUS
10
4.0176309842519684
20
-4.0369226377952758
11
4.0239787401574798
21
-4.0332576771653539
0
LINE
8
F.Cu
6
CONTINUOUS
10
4.0239787401574798
20
-4.0332576771653539
11
4.0004598818897641
21
-4.0097388188976373
0
LINE
8
F.Cu
6
CONTINUOUS
10
4.0004598818897641
20
-4.0097388188976373
11
3.9976490157480313
21
-4.0109031496062988
0
LINE
8
F.Cu
6
CONTINUOUS
10
3.9976490157480313
20
-4.0109031496062988
11
3.990079409448819
21
-4.0124088582677162
0
LINE
8
F.Cu
6
CONTINUOUS
10
3.990079409448819
20
-4.0124088582677162
11
3.9823615354330708
21
-4.0124088582677162
0
LINE
8
F.Cu
6
CONTINUOUS
10
3.9823615354330708
20
-4.0124088582677162
11
3.974791929133858
21
-4.0109031496062988
0
LINE
8
F.Cu
6
CONTINUOUS
10
3.974791929133858
20
-4.0109031496062988
11
3.9676615354330709
21
-4.0079496456692913
0
LINE
8
F.Cu
6
CONTINUOUS
10
3.9676615354330709
20
-4.0079496456692913
11
3.9612443700787399
21
-4.0036618110236217
0
LINE
8
F.Cu
6
CONTINUOUS
10
3.9612443700787399
20
-4.0036618110236217
11
3.9557870078740156
21
-3.9982044488188975
0
LINE
8
F.Cu
6
CONTINUOUS
10
3.9557870078740156
20
-3.9982044488188975
11
3.9514991732283464
21
-3.9917872834645669
0
LINE
8
F.Cu
6
CONTINUOUS
10
3.9514991732283464
20
-3.9917872834645669
11
3.9485456692913385
21
-3.9846568897637793
0
LINE
8
F.Cu
6
CONTINUOUS
10
3.9485456692913385
20
-3.9846568897637793
11
3.9470399606299211
21
-3.977087283464567
0
LINE
8
F.Cu
6
CONTINUOUS
10
3.9470399606299211
20
-3.977087283464567
11
3.9470399606299211
21
-3.9693694094488188
0
LINE
8
F.Cu
6
CONTINUOUS
10
3.9470399606299211
20
-3.9693694094488188
11
3.9485456692913385
21
-3.961799803149606
0
LINE
8
F.Cu
6
CONTINUOUS
10
3.9485456692913385
20
-3.961799803149606
11
3.9514991732283464
21
-3.9546694094488188
0
LINE
8
F.Cu
6
CONTINUOUS
10
3.9514991732283464
20
-3.9546694094488188
11
3.9557870078740156
21
-3.9482522440944883
0
LINE
8
F.Cu
6
CONTINUOUS
10
3.9557870078740156
20
-3.9482522440944883
11
3.9612443700787399
21
-3.9427948818897636
0
LINE
8
F.Cu
6
CONTINUOUS
10
3.9612443700787399
20
-3.9427948818897636
11
3.9676615354330709
21
-3.9385070472440944
0
LINE
8
F.Cu
6
CONTINUOUS
10
3.9676615354330709
20
-3.9385070472440944
11
3.974791929133858
21
-3.9355535433070865
0
LINE
8
F.Cu
6
CONTINUOUS
10
3.974791929133858
20
-3.9355535433070865
11
3.9823615354330708
21
-3.9340478346456691
0
LINE
8
F.Cu
6
CONTINUOUS
10
3.9823615354330708
20
-3.9340478346456691
11
3.990079409448819
21
-3.9340478346456691
0
LINE
8
F.Cu
6
CONTINUOUS
10
3.990079409448819
20
-3.9340478346456691
11
3.9976490157480313
21
-3.9355535433070865
0
LINE
8
F.Cu
6
CONTINUOUS
10
3.9976490157480313
20
-3.9355535433070865
11
4.0004598425196853
21
-3.9367178346456693
0
LINE
8
F.Cu
6
CONTINUOUS
10
4.0004598425196853
20
-3.9367178346456693
11
4.0239787401574798
21
-3.9131989370078739
0
LINE
8
F.Cu
6
CONTINUOUS
10
4.0239787401574798
20
-3.9131989370078739
11
4.0239787401574798
21
-3.9131988976377952
0
LINE
8
F.Cu
6
CONTINUOUS
10
4.0239787401574798
20
-3.9131988976377952
11
4.0176312992125984
21
-3.9095341732283462
0
LINE
8
F.Cu
6
CONTINUOUS
10
4.0176312992125984
20
-3.9095341732283462
11
4.0176306692913384
21
-3.9095338582677166
0
LINE
8
F.Cu
6
CONTINUOUS
10
4.0176306692913384
20
-3.9095338582677166
11
4.0090486614173226
21
-3.9059791338582674
0
LINE
8
F.Cu
6
CONTINUOUS
10
4.0090486614173226
20
-3.9059791338582674
11
4.0090487401574801
21
-3.9059791338582674
0
LINE
8
F.Cu
6
CONTINUOUS
10
4.0090487401574801
20
-3.9059791338582674
11
4.0000753543307086
21
-3.9035747637795275
0
LINE
8
F.Cu
6
CONTINUOUS
10
4.0000753543307086
20
-3.9035747637795275
11
3.9908655511811024
21
-3.9023622047244095
0
LINE
8
F.Cu
6
CONTINUOUS
10
3.9908655511811024
20
-3.9023622047244095
11
3.9815753543307086
21
-3.9023622047244095
0
LINE
8
F.Cu
6
CONTINUOUS
10
3.9815753543307086
20
-3.9023622047244095
11
3.9723655511811025
21
-3.9035747637795275
0
LINE
8
F.Cu
6
CONTINUOUS
10
4.0227309448818893
20
-3.9589888582677166
11
4.0238952755905508
21
-3.961799803149606
0
LINE
8
F.Cu
6
CONTINUOUS
10
4.0238952755905508
20
-3.961799803149606
11
4.0254009842519682
21
-3.9693694094488188
0
LINE
8
F.Cu
6
CONTINUOUS
10
4.0254009842519682
20
-3.9693694094488188
11
4.0254009842519682
21
-3.977087283464567
0
LINE
8
F.Cu
6
CONTINUOUS
10
4.0254009842519682
20
-3.977087283464567
11
4.0238952755905508
21
-3.9846568897637793
0
LINE
8
F.Cu
6
CONTINUOUS
10
4.0238952755905508
20
-3.9846568897637793
11
4.0227309448818893
21
-3.9874677559055116
0
LINE
8
F.Cu
6
CONTINUOUS
10
4.0227309448818893
20
-3.9874677559055116
11
4.0462498031496059
21
-4.0109866141732287
0
LINE
8
F.Cu
6
CONTINUOUS
10
4.0462498031496059
20
-4.0109866141732287
11
4.0499147637795279
21
-4.0046388582677164
0
LINE
8
F.Cu
6
CONTINUOUS
10
4.0499147637795279
20
-4.0046388582677164
11
4.0499149212598429
21
-4.0046385433070864
0
LINE
8
F.Cu
6
CONTINUOUS
10
4.0499149212598429
20
-4.0046385433070864
11
4.0534696456692911
21
-3.9960565748031494
0
LINE
8
F.Cu
6
CONTINUOUS
10
4.0534696456692911
20
-3.9960565748031494
11
4.0558740157480315
21
-3.9870832283464566
0
LINE
8
F.Cu
6
CONTINUOUS
10
4.0558740157480315
20
-3.9870832283464566
11
4.0570865748031499
21
-3.9778734251968504
0
LINE
8
F.Cu
6
CONTINUOUS
10
4.0570865748031499
20
-3.9778734251968504
11
4.0570866141732287
21
-3.9778728740157479
0
LINE
8
F.Cu
6
CONTINUOUS
10
4.0570866141732287
20
-3.9778728740157479
11
4.0570866141732287
21
-3.9685837795275591
0
LINE
8
F.Cu
6
CONTINUOUS
10
4.0570866141732287
20
-3.9685837795275591
11
4.0570865748031499
21
-3.9685832283464566
0
LINE
8
F.Cu
6
CONTINUOUS
10
4.0570865748031499
20
-3.9685832283464566
11
4.0558740157480315
21
-3.9593734251968504
0
LINE
8
F.Cu
6
CONTINUOUS
10
4.0558740157480315
20
-3.9593734251968504
11
4.0534696456692911
21
-3.9504000787401572
0
LINE
8
F.Cu
6
CONTINUOUS
10
4.0534696456692911
20
-3.9504000787401572
11
4.0499149212598429
21
-3.9418181102362202
0
LINE
8
F.Cu
6
CONTINUOUS
10
4.0499149212598429
20
-3.9418181102362202
11
4.0499147244094491
21
-3.9418177559055119
0
LINE
8
F.Cu
6
CONTINUOUS
10
4.0499147244094491
20
-3.9418177559055119
11
4.0462498031496059
21
-3.93547
0
LINE
8
F.Cu
6
CONTINUOUS
10
4.0462498031496059
20
-3.93547
11
4.0227309448818893
21
-3.9589888582677166
0
LINE
8
F.Cu
6
CONTINUOUS
10
3.9723655511811025
20
-3.6476692519685039
11
3.9633922047244092
21
-3.6500736220472438
0
LINE
8
F.Cu
6
CONTINUOUS
10
3.9633922047244092
20
-3.6500736220472438
11
3.9548102362204722
21
-3.653628346456693
0
LINE
8
F.Cu
6
CONTINUOUS
10
3.9548102362204722
20
-3.653628346456693
11
3.9548098818897639
21
-3.6536285433070868
0
LINE
8
F.Cu
6
CONTINUOUS
10
3.9548098818897639
20
-3.6536285433070868
11
3.9467648818897638
21
-3.6582733858267718
0
LINE
8
F.Cu
6
CONTINUOUS
10
3.9467648818897638
20
-3.6582733858267718
11
3.9467645669291338
21
-3.6582735826771651
0
LINE
8
F.Cu
6
CONTINUOUS
10
3.9467645669291338
20
-3.6582735826771651
11
3.9448616141732282
21
-3.6597337795275591
0
LINE
8
F.Cu
6
CONTINUOUS
10
3.9448616141732282
20
-3.6597337795275591
11
3.942295905511811
21
-3.6607256299212598
0
LINE
8
F.Cu
6
CONTINUOUS
10
3.942295905511811
20
-3.6607256299212598
11
3.9396012204724409
21
-3.6601729133858267
0
LINE
8
F.Cu
6
CONTINUOUS
10
3.9396012204724409
20
-3.6601729133858267
11
3.9376331496062993
21
-3.6582511023622049
0
LINE
8
F.Cu
6
CONTINUOUS
10
3.9376331496062993
20
-3.6582511023622049
11
3.9372047244094488
21
-3.6566132283464565
0
LINE
8
F.Cu
6
CONTINUOUS
10
3.9372047244094488
20
-3.6566132283464565
11
3.9372047244094488
21
-3.7781145669291338
0
LINE
8
F.Cu
6
CONTINUOUS
10
3.9372047244094488
20
-3.7781145669291338
11
3.9377828740157481
21
-3.7761456299212597
0
LINE
8
F.Cu
6
CONTINUOUS
10
3.9377828740157481
20
-3.7761456299212597
11
3.9398617716535433
21
-3.774344251968504
0
LINE
8
F.Cu
6
CONTINUOUS
10
3.9398617716535433
20
-3.774344251968504
11
3.9425845275590552
21
-3.7739527559055119
0
LINE
8
F.Cu
6
CONTINUOUS
10
3.9425845275590552
20
-3.7739527559055119
11
3.9448616929133857
21
-3.7749118897637794
0
LINE
8
F.Cu
6
CONTINUOUS
10
3.9448616929133857
20
-3.7749118897637794
11
3.9467648425196851
21
-3.7763722047244093
0
LINE
8
F.Cu
6
CONTINUOUS
10
3.9467648425196851
20
-3.7763722047244093
11
3.9467648818897638
21
-3.776372244094488
0
LINE
8
F.Cu
6
CONTINUOUS
10
3.9467648818897638
20
-3.776372244094488
11
3.9548098818897639
21
-3.781017086614173
0
LINE
8
F.Cu
6
CONTINUOUS
10
3.9548098818897639
20
-3.781017086614173
11
3.9548102362204722
21
-3.7810172834645668
0
LINE
8
F.Cu
6
CONTINUOUS
10
3.9548102362204722
20
-3.7810172834645668
11
3.963392244094488
21
-3.7845720078740155
0
LINE
8
F.Cu
6
CONTINUOUS
10
3.963392244094488
20
-3.7845720078740155
11
3.9633921653543305
21
-3.7845720078740155
0
LINE
8
F.Cu
6
CONTINUOUS
10
3.9633921653543305
20
-3.7845720078740155
11
3.9723655511811025
21
-3.7869763779527559
0
LINE
8
F.Cu
6
CONTINUOUS
10
3.9723655511811025
20
-3.7869763779527559
11
3.9815753543307086
21
-3.7881889370078738
0
LINE
8
F.Cu
6
CONTINUOUS
10
3.9815753543307086
20
-3.7881889370078738
11
3.9815759448818895
21
-3.7881889763779526
0
LINE
8
F.Cu
6
CONTINUOUS
10
3.9815759448818895
20
-3.7881889763779526
11
3.9908649999999999
21
-3.7881889763779526
0
LINE
8
F.Cu
6
CONTINUOUS
10
3.9908649999999999
20
-3.7881889763779526
11
3.9908655511811024
21
-3.7881889370078738
0
LINE
8
F.Cu
6
CONTINUOUS
10
3.9908655511811024
20
-3.7881889370078738
11
4.0000753543307086
21
-3.7869763779527559
0
LINE
8
F.Cu
6
CONTINUOUS
10
4.0000753543307086
20
-3.7869763779527559
11
4.0090487007874014
21
-3.7845720078740155
0
LINE
8
F.Cu
6
CONTINUOUS
10
4.0090487007874014
20
-3.7845720078740155
11
4.0176306692913384
21
-3.7810172834645668
0
LINE
8
F.Cu
6
CONTINUOUS
10
4.0176306692913384
20
-3.7810172834645668
11
4.0176309842519684
21
-3.7810171259842518
0
LINE
8
F.Cu
6
CONTINUOUS
10
4.0176309842519684
20
-3.7810171259842518
11
4.0239787401574798
21
-3.7773521653543307
0
LINE
8
F.Cu
6
CONTINUOUS
10
4.0239787401574798
20
-3.7773521653543307
11
4.0004598818897641
21
-3.7538333070866141
0
LINE
8
F.Cu
6
CONTINUOUS
10
4.0004598818897641
20
-3.7538333070866141
11
3.9976490157480313
21
-3.7549976377952756
0
LINE
8
F.Cu
6
CONTINUOUS
10
3.9976490157480313
20
-3.7549976377952756
11
3.990079409448819
21
-3.756503346456693
0
LINE
8
F.Cu
6
CONTINUOUS
10
3.990079409448819
20
-3.756503346456693
11
3.9823615354330708
21
-3.756503346456693
0
LINE
8
F.Cu
6
CONTINUOUS
10
3.9823615354330708
20
-3.756503346456693
11
3.974791929133858
21
-3.7549976377952756
0
LINE
8
F.Cu
6
CONTINUOUS
10
3.974791929133858
20
-3.7549976377952756
11
3.9676615354330709
21
-3.7520441338582677
0
LINE
8
F.Cu
6
CONTINUOUS
10
3.9676615354330709
20
-3.7520441338582677
11
3.9612443700787399
21
-3.7477562992125981
0
LINE
8
F.Cu
6
CONTINUOUS
10
3.9612443700787399
20
-3.7477562992125981
11
3.9557870078740156
21
-3.7422989370078739
0
LINE
8
F.Cu
6
CONTINUOUS
10
3.9557870078740156
20
-3.7422989370078739
11
3.9514991732283464
21
-3.7358817716535433
0
LINE
8
F.Cu
6
CONTINUOUS
10
3.9514991732283464
20
-3.7358817716535433
11
3.9485456692913385
21
-3.7287513779527557
0
LINE
8
F.Cu
6
CONTINUOUS
10
3.9485456692913385
20
-3.7287513779527557
11
3.9470399606299211
21
-3.7211817716535434
0
LINE
8
F.Cu
6
CONTINUOUS
10
3.9470399606299211
20
-3.7211817716535434
11
3.9470399606299211
21
-3.7134638976377952
0
LINE
8
F.Cu
6
CONTINUOUS
10
3.9470399606299211
20
-3.7134638976377952
11
3.9485456692913385
21
-3.7058942913385824
0
LINE
8
F.Cu
6
CONTINUOUS
10
3.9485456692913385
20
-3.7058942913385824
11
3.9514991732283464
21
-3.6987638976377952
0
LINE
8
F.Cu
6
CONTINUOUS
10
3.9514991732283464
20
-3.6987638976377952
11
3.9557870078740156
21
-3.6923467322834647
0
LINE
8
F.Cu
6
CONTINUOUS
10
3.9557870078740156
20
-3.6923467322834647
11
3.9612443700787399
21
-3.68688937007874
0
LINE
8
F.Cu
6
CONTINUOUS
10
3.9612443700787399
20
-3.68688937007874
11
3.9676615354330709
21
-3.6826015354330708
0
LINE
8
F.Cu
6
CONTINUOUS
10
3.9676615354330709
20
-3.6826015354330708
11
3.974791929133858
21
-3.6796480314960629
0
LINE
8
F.Cu
6
CONTINUOUS
10
3.974791929133858
20
-3.6796480314960629
11
3.9823615354330708
21
-3.6781423228346455
0
LINE
8
F.Cu
6
CONTINUOUS
10
3.9823615354330708
20
-3.6781423228346455
11
3.990079409448819
21
-3.6781423228346455
0
LINE
8
F.Cu
6
CONTINUOUS
10
3.990079409448819
20
-3.6781423228346455
11
3.9976490157480313
21
-3.6796480314960629
0
LINE
8
F.Cu
6
CONTINUOUS
10
3.9976490157480313
20
-3.6796480314960629
11
4.0004598425196853
21
-3.6808123228346457
0
LINE
8
F.Cu
6
CONTINUOUS
10
4.0004598425196853
20
-3.6808123228346457
11
4.0239787401574798
21
-3.6572934251968503
0
LINE
8
F.Cu
6
CONTINUOUS
10
4.0239787401574798
20
-3.6572934251968503
11
4.0239787401574798
21
-3.6572933858267715
0
LINE
8
F.Cu
6
CONTINUOUS
10
4.0239787401574798
20
-3.6572933858267715
11
4.0176312992125984
21
-3.6536286614173226
0
LINE
8
F.Cu
6
CONTINUOUS
10
4.0176312992125984
20
-3.6536286614173226
11
4.0176306692913384
21
-3.653628346456693
0
LINE
8
F.Cu
6
CONTINUOUS
10
4.0176306692913384
20
-3.653628346456693
11
4.0090486614173226
21
-3.6500736220472438
0
LINE
8
F.Cu
6
CONTINUOUS
10
4.0090486614173226
20
-3.6500736220472438
11
4.0090487401574801
21
-3.6500736220472438
0
LINE
8
F.Cu
6
CONTINUOUS
10
4.0090487401574801
20
-3.6500736220472438
11
4.0000753543307086
21
-3.6476692519685039
0
LINE
8
F.Cu
6
CONTINUOUS
10
4.0000753543307086
20
-3.6476692519685039
11
3.9908655511811024
21
-3.6464566929133859
0
LINE
8
F.Cu
6
CONTINUOUS
10
3.9908655511811024
20
-3.6464566929133859
11
3.9815753543307086
21
-3.6464566929133859
0
LINE
8
F.Cu
6
CONTINUOUS
10
3.9815753543307086
20
-3.6464566929133859
11
3.9723655511811025
21
-3.6476692519685039
0
LINE
8
F.Cu
6
CONTINUOUS
10
4.0227309448818893
20
-3.703083346456693
11
4.0238952755905508
21
-3.7058942913385824
0
LINE
8
F.Cu
6
CONTINUOUS
10
4.0238952755905508
20
-3.7058942913385824
11
4.0254009842519682
21
-3.7134638976377952
0
LINE
8
F.Cu
6
CONTINUOUS
10
4.0254009842519682
20
-3.7134638976377952
11
4.0254009842519682
21
-3.7211817716535434
0
LINE
8
F.Cu
6
CONTINUOUS
10
4.0254009842519682
20
-3.7211817716535434
11
4.0238952755905508
21
-3.7287513779527557
0
LINE
8
F.Cu
6
CONTINUOUS
10
4.0238952755905508
20
-3.7287513779527557
11
4.0227309448818893
21
-3.731562244094488
0
LINE
8
F.Cu
6
CONTINUOUS
10
4.0227309448818893
20
-3.731562244094488
11
4.0462498031496059
21
-3.7550811023622046
0
LINE
8
F.Cu
6
CONTINUOUS
10
4.0462498031496059
20
-3.7550811023622046
11
4.0499147637795279
21
-3.7487333464566928
0
LINE
8
F.Cu
6
CONTINUOUS
10
4.0499147637795279
20
-3.7487333464566928
11
4.0499149212598429
21
-3.7487330314960627
0
LINE
8
F.Cu
6
CONTINUOUS
10
4.0499149212598429
20
-3.7487330314960627
11
4.0534696456692911
21
-3.7401510629921257
0
LINE
8
F.Cu
6
CONTINUOUS
10
4.0534696456692911
20
-3.7401510629921257
11
4.0558740157480315
21
-3.731177716535433
0
LINE
8
F.Cu
6
CONTINUOUS
10
4.0558740157480315
20
-3.731177716535433
11
4.0570865748031499
21
-3.7219679133858268
0
LINE
8
F.Cu
6
CONTINUOUS
10
4.0570865748031499
20
-3.7219679133858268
11
4.0570866141732287
21
-3.7219673622047242
0
LINE
8
F.Cu
6
CONTINUOUS
10
4.0570866141732287
20
-3.7219673622047242
11
4.0570866141732287
21
-3.7126782677165355
0
LINE
8
F.Cu
6
CONTINUOUS
10
4.0570866141732287
20
-3.7126782677165355
11
4.0570865748031499
21
-3.712677716535433
0
LINE
8
F.Cu
6
CONTINUOUS
10
4.0570865748031499
20
-3.712677716535433
11
4.0558740157480315
21
-3.7034679133858268
0
LINE
8
F.Cu
6
CONTINUOUS
10
4.0558740157480315
20
-3.7034679133858268
11
4.0534696456692911
21
-3.6944945669291336
0
LINE
8
F.Cu
6
CONTINUOUS
10
4.0534696456692911
20
-3.6944945669291336
11
4.0499149212598429
21
-3.6859125984251966
0
LINE
8
F.Cu
6
CONTINUOUS
10
4.0499149212598429
20
-3.6859125984251966
11
4.0499147244094491
21
-3.6859122440944883
0
LINE
8
F.Cu
6
CONTINUOUS
10
4.0499147244094491
20
-3.6859122440944883
11
4.0462498031496059
21
-3.6795644881889764
0
LINE
8
F.Cu
6
CONTINUOUS
10
4.0462498031496059
20
-3.6795644881889764
11
4.0227309448818893
21
-3.703083346456693
0
LINE
8
F.Cu
6
CONTINUOUS
10
3.9723655511811025
20
-3.3394015354330708
11
3.9633922047244092
21
-3.3418059055118108
0
LINE
8
F.Cu
6
CONTINUOUS
10
3.9633922047244092
20
-3.3418059055118108
11
3.9548102362204722
21
-3.3453606299212599
0
LINE
8
F.Cu
6
CONTINUOUS
10
3.9548102362204722
20
-3.3453606299212599
11
3.9548098818897639
21
-3.3453608267716533
0
LINE
8
F.Cu
6
CONTINUOUS
10
3.9548098818897639
20
-3.3453608267716533
11
3.9467648818897638
21
-3.3500056692913387
0
LINE
8
F.Cu
6
CONTINUOUS
10
3.9467648818897638
20
-3.3500056692913387
11
3.9467645669291338
21
-3.350005866141732
0
LINE
8
F.Cu
6
CONTINUOUS
10
3.9467645669291338
20
-3.350005866141732
11
3.9448616141732282
21
-3.351466062992126
0
LINE
8
F.Cu
6
CONTINUOUS
10
3.9448616141732282
20
-3.351466062992126
11
3.942295905511811
21
-3.3524579133858268
0
LINE
8
F.Cu
6
CONTINUOUS
10
3.942295905511811
20
-3.3524579133858268
11
3.9396012204724409
21
-3.3519051968503937
0
LINE
8
F.Cu
6
CONTINUOUS
10
3.9396012204724409
20
-3.3519051968503937
11
3.9376331496062993
21
-3.3499833858267718
0
LINE
8
F.Cu
6
CONTINUOUS
10
3.9376331496062993
20
-3.3499833858267718
11
3.9372047244094488
21
-3.3483455118110235
0
LINE
8
F.Cu
6
CONTINUOUS
10
3.9372047244094488
20
-3.3483455118110235
11
3.9372047244094488
21
-3.4698468503937008
0
LINE
8
F.Cu
6
CONTINUOUS
10
3.9372047244094488
20
-3.4698468503937008
11
3.9377828740157481
21
-3.4678779133858266
0
LINE
8
F.Cu
6
CONTINUOUS
10
3.9377828740157481
20
-3.4678779133858266
11
3.9398617716535433
21
-3.4660765354330709
0
LINE
8
F.Cu
6
CONTINUOUS
10
3.9398617716535433
20
-3.4660765354330709
11
3.9425845275590552
21
-3.4656850393700789
0
LINE
8
F.Cu
6
CONTINUOUS
10
3.9425845275590552
20
-3.4656850393700789
11
3.9448616929133857
21
-3.4666441732283464
0
LINE
8
F.Cu
6
CONTINUOUS
10
3.9448616929133857
20
-3.4666441732283464
11
3.9467648425196851
21
-3.4681044881889762
0
LINE
8
F.Cu
6
CONTINUOUS
10
3.9467648425196851
20
-3.4681044881889762
11
3.9467648818897638
21
-3.468104527559055
0
LINE
8
F.Cu
6
CONTINUOUS
10
3.9467648818897638
20
-3.468104527559055
11
3.9548098818897639
21
-3.47274937007874
0
LINE
8
F.Cu
6
CONTINUOUS
10
3.9548098818897639
20
-3.47274937007874
11
3.9548102362204722
21
-3.4727495669291337
0
LINE
8
F.Cu
6
CONTINUOUS
10
3.9548102362204722
20
-3.4727495669291337
11
3.963392244094488
21
-3.4763042913385824
0
LINE
8
F.Cu
6
CONTINUOUS
10
3.963392244094488
20
-3.4763042913385824
11
3.9633921653543305
21
-3.4763042913385824
0
LINE
8
F.Cu
6
CONTINUOUS
10
3.9633921653543305
20
-3.4763042913385824
11
3.9723655511811025
21
-3.4787086614173228
0
LINE
8
F.Cu
6
CONTINUOUS
10
3.9723655511811025
20
-3.4787086614173228
11
3.9815753543307086
21
-3.4799212204724408
0
LINE
8
F.Cu
6
CONTINUOUS
10
3.9815753543307086
20
-3.4799212204724408
11
3.9815759448818895
21
-3.4799212598425195
0
LINE
8
F.Cu
6
CONTINUOUS
10
3.9815759448818895
20
-3.4799212598425195
11
3.9908649999999999
21
-3.4799212598425195
0
LINE
8
F.Cu
6
CONTINUOUS
10
3.9908649999999999
20
-3.4799212598425195
11
3.9908655511811024
21
-3.4799212204724408
0
LINE
8
F.Cu
6
CONTINUOUS
10
3.9908655511811024
20
-3.4799212204724408
11
4.0000753543307086
21
-3.4787086614173228
0
LINE
8
F.Cu
6
CONTINUOUS
10
4.0000753543307086
20
-3.4787086614173228
11
4.0090487007874014
21
-3.4763042913385824
0
LINE
8
F.Cu
6
CONTINUOUS
10
4.0090487007874014
20
-3.4763042913385824
11
4.0176306692913384
21
-3.4727495669291337
0
LINE
8
F.Cu
6
CONTINUOUS
10
4.0176306692913384
20
-3.4727495669291337
11
4.0176309842519684
21
-3.4727494094488187
0
LINE
8
F.Cu
6
CONTINUOUS
10
4.0176309842519684
20
-3.4727494094488187
11
4.0239787401574798
21
-3.4690844488188977
0
LINE
8
F.Cu
6
CONTINUOUS
10
4.0239787401574798
20
-3.4690844488188977
11
4.0004598818897641
21
-3.4455655905511811
0
LINE
8
F.Cu
6
CONTINUOUS
10
4.0004598818897641
20
-3.4455655905511811
11
3.9976490157480313
21
-3.4467299212598426
0
LINE
8
F.Cu
6
CONTINUOUS
10
3.9976490157480313
20
-3.4467299212598426
11
3.990079409448819
21
-3.44823562992126
0
LINE
8
F.Cu
6
CONTINUOUS
10
3.990079409448819
20
-3.44823562992126
11
3.9823615354330708
21
-3.44823562992126
0
LINE
8
F.Cu
6
CONTINUOUS
10
3.9823615354330708
20
-3.44823562992126
11
3.974791929133858
21
-3.4467299212598426
0
LINE
8
F.Cu
6
CONTINUOUS
10
3.974791929133858
20
-3.4467299212598426
11
3.9676615354330709
21
-3.4437764173228347
0
LINE
8
F.Cu
6
CONTINUOUS
10
3.9676615354330709
20
-3.4437764173228347
11
3.9612443700787399
21
-3.4394885826771651
0
LINE
8
F.Cu
6
CONTINUOUS
10
3.9612443700787399
20
-3.4394885826771651
11
3.9557870078740156
21
-3.4340312204724408
0
LINE
8
F.Cu
6
CONTINUOUS
10
3.9557870078740156
20
-3.4340312204724408
11
3.9514991732283464
21
-3.4276140551181102
0
LINE
8
F.Cu
6
CONTINUOUS
10
3.9514991732283464
20
-3.4276140551181102
11
3.9485456692913385
21
-3.4204836614173226
0
LINE
8
F.Cu
6
CONTINUOUS
10
3.9485456692913385
20
-3.4204836614173226
11
3.9470399606299211
21
-3.4129140551181103
0
LINE
8
F.Cu
6
CONTINUOUS
10
3.9470399606299211
20
-3.4129140551181103
11
3.9470399606299211
21
-3.4051961811023621
0
LINE
8
F.Cu
6
CONTINUOUS
10
3.9470399606299211
20
-3.4051961811023621
11
3.9485456692913385
21
-3.3976265748031493
0
LINE
8
F.Cu
6
CONTINUOUS
10
3.9485456692913385
20
-3.3976265748031493
11
3.9514991732283464
21
-3.3904961811023622
0
LINE
8
F.Cu
6
CONTINUOUS
10
3.9514991732283464
20
-3.3904961811023622
11
3.9557870078740156
21
-3.3840790157480316
0
LINE
8
F.Cu
6
CONTINUOUS
10
3.9557870078740156
20
-3.3840790157480316
11
3.9612443700787399
21
-3.3786216535433069
0
LINE
8
F.Cu
6
CONTINUOUS
10
3.9612443700787399
20
-3.3786216535433069
11
3.9676615354330709
21
-3.3743338188976377
0
LINE
8
F.Cu
6
CONTINUOUS
10
3.9676615354330709
20
-3.3743338188976377
11
3.974791929133858
21
-3.3713803149606298
0
LINE
8
F.Cu
6
CONTINUOUS
10
3.974791929133858
20
-3.3713803149606298
11
3.9823615354330708
21
-3.3698746062992124
0
LINE
8
F.Cu
6
CONTINUOUS
10
3.9823615354330708
20
-3.3698746062992124
11
3.990079409448819
21
-3.3698746062992124
0
LINE
8
F.Cu
6
CONTINUOUS
10
3.990079409448819
20
-3.3698746062992124
11
3.9976490157480313
21
-3.3713803149606298
0
LINE
8
F.Cu
6
CONTINUOUS
10
3.9976490157480313
20
-3.3713803149606298
11
4.0004598425196853
21
-3.3725446062992126
0
LINE
8
F.Cu
6
CONTINUOUS
10
4.0004598425196853
20
-3.3725446062992126
11
4.0239787401574798
21
-3.3490257086614172
0
LINE
8
F.Cu
6
CONTINUOUS
10
4.0239787401574798
20
-3.3490257086614172
11
4.0239787401574798
21
-3.3490256692913385
0
LINE
8
F.Cu
6
CONTINUOUS
10
4.0239787401574798
20
-3.3490256692913385
11
4.0176312992125984
21
-3.3453609448818895
0
LINE
8
F.Cu
6
CONTINUOUS
10
4.0176312992125984
20
-3.3453609448818895
11
4.0176306692913384
21
-3.3453606299212599
0
LINE
8
F.Cu
6
CONTINUOUS
10
4.0176306692913384
20
-3.3453606299212599
11
4.0090486614173226
21
-3.3418059055118108
0
LINE
8
F.Cu
6
CONTINUOUS
10
4.0090486614173226
20
-3.3418059055118108
11
4.0090487401574801
21
-3.3418059055118108
0
LINE
8
F.Cu
6
CONTINUOUS
10
4.0090487401574801
20
-3.3418059055118108
11
4.0000753543307086
21
-3.3394015354330708
0
LINE
8
F.Cu
6
CONTINUOUS
10
4.0000753543307086
20
-3.3394015354330708
11
3.9908655511811024
21
-3.3381889763779529
0
LINE
8
F.Cu
6
CONTINUOUS
10
3.9908655511811024
20
-3.3381889763779529
11
3.9815753543307086
21
-3.3381889763779529
0
LINE
8
F.Cu
6
CONTINUOUS
10
3.9815753543307086
20
-3.3381889763779529
11
3.9723655511811025
21
-3.3394015354330708
0
LINE
8
F.Cu
6
CONTINUOUS
10
4.0227309448818893
20
-3.39481562992126
11
4.0238952755905508
21
-3.3976265748031493
0
LINE
8
F.Cu
6
CONTINUOUS
10
4.0238952755905508
20
-3.3976265748031493
11
4.0254009842519682
21
-3.4051961811023621
0
LINE
8
F.Cu
6
CONTINUOUS
10
4.0254009842519682
20
-3.4051961811023621
11
4.0254009842519682
21
-3.4129140551181103
0
LINE
8
F.Cu
6
CONTINUOUS
10
4.0254009842519682
20
-3.4129140551181103
11
4.0238952755905508
21
-3.4204836614173226
0
LINE
8
F.Cu
6
CONTINUOUS
10
4.0238952755905508
20
-3.4204836614173226
11
4.0227309448818893
21
-3.4232945275590549
0
LINE
8
F.Cu
6
CONTINUOUS
10
4.0227309448818893
20
-3.4232945275590549
11
4.0462498031496059
21
-3.4468133858267715
0
LINE
8
F.Cu
6
CONTINUOUS
10
4.0462498031496059
20
-3.4468133858267715
11
4.0499147637795279
21
-3.4404656299212597
0
LINE
8
F.Cu
6
CONTINUOUS
10
4.0499147637795279
20
-3.4404656299212597
11
4.0499149212598429
21
-3.4404653149606297
0
LINE
8
F.Cu
6
CONTINUOUS
10
4.0499149212598429
20
-3.4404653149606297
11
4.0534696456692911
21
-3.4318833464566927
0
LINE
8
F.Cu
6
CONTINUOUS
10
4.0534696456692911
20
-3.4318833464566927
11
4.0558740157480315
21
-3.4229099999999999
0
LINE
8
F.Cu
6
CONTINUOUS
10
4.0558740157480315
20
-3.4229099999999999
11
4.0570865748031499
21
-3.4137001968503937
0
LINE
8
F.Cu
6
CONTINUOUS
10
4.0570865748031499
20
-3.4137001968503937
11
4.0570866141732287
21
-3.4136996456692912
0
LINE
8
F.Cu
6
CONTINUOUS
10
4.0570866141732287
20
-3.4136996456692912
11
4.0570866141732287
21
-3.4044105511811025
0
LINE
8
F.Cu
6
CONTINUOUS
10
4.0570866141732287
20
-3.4044105511811025
11
4.0570865748031499
21
-3.4044099999999999
0
LINE
8
F.Cu
6
CONTINUOUS
10
4.0570865748031499
20
-3.4044099999999999
11
4.0558740157480315
21
-3.3952001968503938
0
LINE
8
F.Cu
6
CONTINUOUS
10
4.0558740157480315
20
-3.3952001968503938
11
4.0534696456692911
21
-3.3862268503937005
0
LINE
8
F.Cu
6
CONTINUOUS
10
4.0534696456692911
20
-3.3862268503937005
11
4.0499149212598429
21
-3.3776448818897635
0
LINE
8
F.Cu
6
CONTINUOUS
10
4.0499149212598429
20
-3.3776448818897635
11
4.0499147244094491
21
-3.3776445275590552
0
LINE
8
F.Cu
6
CONTINUOUS
10
4.0499147244094491
20
-3.3776445275590552
11
4.0462498031496059
21
-3.3712967716535434
0
LINE
8
F.Cu
6
CONTINUOUS
10
4.0462498031496059
20
-3.3712967716535434
11
4.0227309448818893
21
-3.39481562992126
0
LINE
8
F.Cu
6
CONTINUOUS
10
3.9723655511811025
20
-3.0834960236220472
11
3.9633922047244092
21
-3.0859003937007872
0
LINE
8
F.Cu
6
CONTINUOUS
10
3.9633922047244092
20
-3.0859003937007872
11
3.9548102362204722
21
-3.0894551181102363
0
LINE
8
F.Cu
6
CONTINUOUS
10
3.9548102362204722
20
-3.0894551181102363
11
3.9548098818897639
21
-3.0894553149606296
0
LINE
8
F.Cu
6
CONTINUOUS
10
3.9548098818897639
20
-3.0894553149606296
11
3.9467648818897638
21
-3.0941001574803151
0
LINE
8
F.Cu
6
CONTINUOUS
10
3.9467648818897638
20
-3.0941001574803151
11
3.9467645669291338
21
-3.0941003543307084
0
LINE
8
F.Cu
6
CONTINUOUS
10
3.9467645669291338
20
-3.0941003543307084
11
3.9448616141732282
21
-3.0955605511811024
0
LINE
8
F.Cu
6
CONTINUOUS
10
3.9448616141732282
20
-3.0955605511811024
11
3.942295905511811
21
-3.0965524015748032
0
LINE
8
F.Cu
6
CONTINUOUS
10
3.942295905511811
20
-3.0965524015748032
11
3.9396012204724409
21
-3.0959996850393701
0
LINE
8
F.Cu
6
CONTINUOUS
10
3.9396012204724409
20
-3.0959996850393701
11
3.9376331496062993
21
-3.0940778740157477
0
LINE
8
F.Cu
6
CONTINUOUS
10
3.9376331496062993
20
-3.0940778740157477
11
3.9372047244094488
21
-3.0924399999999999
0
LINE
8
F.Cu
6
CONTINUOUS
10
3.9372047244094488
20
-3.0924399999999999
11
3.9372047244094488
21
-3.2139413385826772
0
LINE
8
F.Cu
6
CONTINUOUS
10
3.9372047244094488
20
-3.2139413385826772
11
3.9377828740157481
21
-3.211972401574803
0
LINE
8
F.Cu
6
CONTINUOUS
10
3.9377828740157481
20
-3.211972401574803
11
3.9398617716535433
21
-3.2101710236220473
0
LINE
8
F.Cu
6
CONTINUOUS
10
3.9398617716535433
20
-3.2101710236220473
11
3.9425845275590552
21
-3.2097795275590548
0
LINE
8
F.Cu
6
CONTINUOUS
10
3.9425845275590552
20
-3.2097795275590548
11
3.9448616929133857
21
-3.2107386614173228
0
LINE
8
F.Cu
6
CONTINUOUS
10
3.9448616929133857
20
-3.2107386614173228
11
3.9467648425196851
21
-3.2121989763779526
0
LINE
8
F.Cu
6
CONTINUOUS
10
3.9467648425196851
20
-3.2121989763779526
11
3.9467648818897638
21
-3.2121990157480313
0
LINE
8
F.Cu
6
CONTINUOUS
10
3.9467648818897638
20
-3.2121990157480313
11
3.9548098818897639
21
-3.2168438582677163
0
LINE
8
F.Cu
6
CONTINUOUS
10
3.9548098818897639
20
-3.2168438582677163
11
3.9548102362204722
21
-3.2168440551181101
0
LINE
8
F.Cu
6
CONTINUOUS
10
3.9548102362204722
20
-3.2168440551181101
11
3.963392244094488
21
-3.2203987795275588
0
LINE
8
F.Cu
6
CONTINUOUS
10
3.963392244094488
20
-3.2203987795275588
11
3.9633921653543305
21
-3.2203987795275588
0
LINE
8
F.Cu
6
CONTINUOUS
10
3.9633921653543305
20
-3.2203987795275588
11
3.9723655511811025
21
-3.2228031496062992
0
LINE
8
F.Cu
6
CONTINUOUS
10
3.9723655511811025
20
-3.2228031496062992
11
3.9815753543307086
21
-3.2240157086614172
0
LINE
8
F.Cu
6
CONTINUOUS
10
3.9815753543307086
20
-3.2240157086614172
11
3.9815759448818895
21
-3.2240157480314959
0
LINE
8
F.Cu
6
CONTINUOUS
10
3.9815759448818895
20
-3.2240157480314959
11
3.9908649999999999
21
-3.2240157480314959
0
LINE
8
F.Cu
6
CONTINUOUS
10
3.9908649999999999
20
-3.2240157480314959
11
3.9908655511811024
21
-3.2240157086614172
0
LINE
8
F.Cu
6
CONTINUOUS
10
3.9908655511811024
20
-3.2240157086614172
11
4.0000753543307086
21
-3.2228031496062992
0
LINE
8
F.Cu
6
CONTINUOUS
10
4.0000753543307086
20
-3.2228031496062992
11
4.0090487007874014
21
-3.2203987795275588
0
LINE
8
F.Cu
6
CONTINUOUS
10
4.0090487007874014
20
-3.2203987795275588
11
4.0176306692913384
21
-3.2168440551181101
0
LINE
8
F.Cu
6
CONTINUOUS
10
4.0176306692913384
20
-3.2168440551181101
11
4.0176309842519684
21
-3.2168438976377951
0
LINE
8
F.Cu
6
CONTINUOUS
10
4.0176309842519684
20
-3.2168438976377951
11
4.0239787401574798
21
-3.213178937007874
0
LINE
8
F.Cu
6
CONTINUOUS
10
4.0239787401574798
20
-3.213178937007874
11
4.0004598818897641
21
-3.1896600787401574
0
LINE
8
F.Cu
6
CONTINUOUS
10
4.0004598818897641
20
-3.1896600787401574
11
3.9976490157480313
21
-3.190824409448819
0
LINE
8
F.Cu
6
CONTINUOUS
10
3.9976490157480313
20
-3.190824409448819
11
3.990079409448819
21
-3.1923301181102359
0
LINE
8
F.Cu
6
CONTINUOUS
10
3.990079409448819
20
-3.1923301181102359
11
3.9823615354330708
21
-3.1923301181102359
0
LINE
8
F.Cu
6
CONTINUOUS
10
3.9823615354330708
20
-3.1923301181102359
11
3.974791929133858
21
-3.190824409448819
0
LINE
8
F.Cu
6
CONTINUOUS
10
3.974791929133858
20
-3.190824409448819
11
3.9676615354330709
21
-3.1878709055118111
0
LINE
8
F.Cu
6
CONTINUOUS
10
3.9676615354330709
20
-3.1878709055118111
11
3.9612443700787399
21
-3.1835830708661415
0
LINE
8
F.Cu
6
CONTINUOUS
10
3.9612443700787399
20
-3.1835830708661415
11
3.9557870078740156
21
-3.1781257086614172
0
LINE
8
F.Cu
6
CONTINUOUS
10
3.9557870078740156
20
-3.1781257086614172
11
3.9514991732283464
21
-3.1717085433070866
0
LINE
8
F.Cu
6
CONTINUOUS
10
3.9514991732283464
20
-3.1717085433070866
11
3.9485456692913385
21
-3.164578149606299
0
LINE
8
F.Cu
6
CONTINUOUS
10
3.9485456692913385
20
-3.164578149606299
11
3.9470399606299211
21
-3.1570085433070867
0
LINE
8
F.Cu
6
CONTINUOUS
10
3.9470399606299211
20
-3.1570085433070867
11
3.9470399606299211
21
-3.1492906692913385
0
LINE
8
F.Cu
6
CONTINUOUS
10
3.9470399606299211
20
-3.1492906692913385
11
3.9485456692913385
21
-3.1417210629921257
0
LINE
8
F.Cu
6
CONTINUOUS
10
3.9485456692913385
20
-3.1417210629921257
11
3.9514991732283464
21
-3.1345906692913386
0
LINE
8
F.Cu
6
CONTINUOUS
10
3.9514991732283464
20
-3.1345906692913386
11
3.9557870078740156
21
-3.128173503937008
0
LINE
8
F.Cu
6
CONTINUOUS
10
3.9557870078740156
20
-3.128173503937008
11
3.9612443700787399
21
-3.1227161417322833
0
LINE
8
F.Cu
6
CONTINUOUS
10
3.9612443700787399
20
-3.1227161417322833
11
3.9676615354330709
21
-3.1184283070866141
0
LINE
8
F.Cu
6
CONTINUOUS
10
3.9676615354330709
20
-3.1184283070866141
11
3.974791929133858
21
-3.1154748031496062
0
LINE
8
F.Cu
6
CONTINUOUS
10
3.974791929133858
20
-3.1154748031496062
11
3.9823615354330708
21
-3.1139690944881888
0
LINE
8
F.Cu
6
CONTINUOUS
10
3.9823615354330708
20
-3.1139690944881888
11
3.990079409448819
21
-3.1139690944881888
0
LINE
8
F.Cu
6
CONTINUOUS
10
3.990079409448819
20
-3.1139690944881888
11
3.9976490157480313
21
-3.1154748031496062
0
LINE
8
F.Cu
6
CONTINUOUS
10
3.9976490157480313
20
-3.1154748031496062
11
4.0004598425196853
21
-3.116639094488189
0
LINE
8
F.Cu
6
CONTINUOUS
10
4.0004598425196853
20
-3.116639094488189
11
4.0239787401574798
21
-3.0931201968503936
0
LINE
8
F.Cu
6
CONTINUOUS
10
4.0239787401574798
20
-3.0931201968503936
11
4.0239787401574798
21
-3.0931201574803149
0
LINE
8
F.Cu
6
CONTINUOUS
10
4.0239787401574798
20
-3.0931201574803149
11
4.0176312992125984
21
-3.0894554330708659
0
LINE
8
F.Cu
6
CONTINUOUS
10
4.0176312992125984
20
-3.0894554330708659
11
4.0176306692913384
21
-3.0894551181102363
0
LINE
8
F.Cu
6
CONTINUOUS
10
4.0176306692913384
20
-3.0894551181102363
11
4.0090486614173226
21
-3.0859003937007872
0
LINE
8
F.Cu
6
CONTINUOUS
10
4.0090486614173226
20
-3.0859003937007872
11
4.0090487401574801
21
-3.0859003937007872
0
LINE
8
F.Cu
6
CONTINUOUS
10
4.0090487401574801
20
-3.0859003937007872
11
4.0000753543307086
21
-3.0834960236220472
0
LINE
8
F.Cu
6
CONTINUOUS
10
4.0000753543307086
20
-3.0834960236220472
11
3.9908655511811024
21
-3.0822834645669293
0
LINE
8
F.Cu
6
CONTINUOUS
10
3.9908655511811024
20
-3.0822834645669293
11
3.9815753543307086
21
-3.0822834645669293
0
LINE
8
F.Cu
6
CONTINUOUS
10
3.9815753543307086
20
-3.0822834645669293
11
3.9723655511811025
21
-3.0834960236220472
0
LINE
8
F.Cu
6
CONTINUOUS
10
4.0227309448818893
20
-3.1389101181102363
11
4.0238952755905508
21
-3.1417210629921257
0
LINE
8
F.Cu
6
CONTINUOUS
10
4.0238952755905508
20
-3.1417210629921257
11
4.0254009842519682
21
-3.1492906692913385
0
LINE
8
F.Cu
6
CONTINUOUS
10
4.0254009842519682
20
-3.1492906692913385
11
4.0254009842519682
21
-3.1570085433070867
0
LINE
8
F.Cu
6
CONTINUOUS
10
4.0254009842519682
20
-3.1570085433070867
11
4.0238952755905508
21
-3.164578149606299
0
LINE
8
F.Cu
6
CONTINUOUS
10
4.0238952755905508
20
-3.164578149606299
11
4.0227309448818893
21
-3.1673890157480313
0
LINE
8
F.Cu
6
CONTINUOUS
10
4.0227309448818893
20
-3.1673890157480313
11
4.0462498031496059
21
-3.1909078740157479
0
LINE
8
F.Cu
6
CONTINUOUS
10
4.0462498031496059
20
-3.1909078740157479
11
4.0499147637795279
21
-3.1845601181102361
0
LINE
8
F.Cu
6
CONTINUOUS
10
4.0499147637795279
20
-3.1845601181102361
11
4.0499149212598429
21
-3.1845598031496061
0
LINE
8
F.Cu
6
CONTINUOUS
10
4.0499149212598429
20
-3.1845598031496061
11
4.0534696456692911
21
-3.1759778346456691
0
LINE
8
F.Cu
6
CONTINUOUS
10
4.0534696456692911
20
-3.1759778346456691
11
4.0558740157480315
21
-3.1670044881889763
0
LINE
8
F.Cu
6
CONTINUOUS
10
4.0558740157480315
20
-3.1670044881889763
11
4.0570865748031499
21
-3.1577946850393701
0
LINE
8
F.Cu
6
CONTINUOUS
10
4.0570865748031499
20
-3.1577946850393701
11
4.0570866141732287
21
-3.1577941338582676
0
LINE
8
F.Cu
6
CONTINUOUS
10
4.0570866141732287
20
-3.1577941338582676
11
4.0570866141732287
21
-3.1485050393700789
0
LINE
8
F.Cu
6
CONTINUOUS
10
4.0570866141732287
20
-3.1485050393700789
11
4.0570865748031499
21
-3.1485044881889763
0
LINE
8
F.Cu
6
CONTINUOUS
10
4.0570865748031499
20
-3.1485044881889763
11
4.0558740157480315
21
-3.1392946850393701
0
LINE
8
F.Cu
6
CONTINUOUS
10
4.0558740157480315
20
-3.1392946850393701
11
4.0534696456692911
21
-3.1303213385826769
0
LINE
8
F.Cu
6
CONTINUOUS
10
4.0534696456692911
20
-3.1303213385826769
11
4.0499149212598429
21
-3.1217393700787399
0
LINE
8
F.Cu
6
CONTINUOUS
10
4.0499149212598429
20
-3.1217393700787399
11
4.0499147244094491
21
-3.1217390157480316
0
LINE
8
F.Cu
6
CONTINUOUS
10
4.0499147244094491
20
-3.1217390157480316
11
4.0462498031496059
21
-3.1153912598425197
0
LINE
8
F.Cu
6
CONTINUOUS
10
4.0462498031496059
20
-3.1153912598425197
11
4.0227309448818893
21
-3.1389101181102363
0
LINE
8
F.Cu
6
CONTINUOUS
10
3.9723655511811025
20
-2.7752283070866142
11
3.9633922047244092
21
-2.7776326771653541
0
LINE
8
F.Cu
6
CONTINUOUS
10
3.9633922047244092
20
-2.7776326771653541
11
3.9548102362204722
21
-2.7811874015748033
0
LINE
8
F.Cu
6
CONTINUOUS
10
3.9548102362204722
20
-2.7811874015748033
11
3.9548098818897639
21
-2.7811875984251966
0
LINE
8
F.Cu
6
CONTINUOUS
10
3.9548098818897639
20
-2.7811875984251966
11
3.9467648818897638
21
-2.785832440944882
0
LINE
8
F.Cu
6
CONTINUOUS
10
3.9467648818897638
20
-2.785832440944882
11
3.9467645669291338
21
-2.7858326377952753
0
LINE
8
F.Cu
6
CONTINUOUS
10
3.9467645669291338
20
-2.7858326377952753
11
3.9448616141732282
21
-2.7872928346456693
0
LINE
8
F.Cu
6
CONTINUOUS
10
3.9448616141732282
20
-2.7872928346456693
11
3.942295905511811
21
-2.7882846850393701
0
LINE
8
F.Cu
6
CONTINUOUS
10
3.942295905511811
20
-2.7882846850393701
11
3.9396012204724409
21
-2.787731968503937
0
LINE
8
F.Cu
6
CONTINUOUS
10
3.9396012204724409
20
-2.787731968503937
11
3.9376331496062993
21
-2.7858101574803147
0
LINE
8
F.Cu
6
CONTINUOUS
10
3.9376331496062993
20
-2.7858101574803147
11
3.9372047244094488
21
-2.7841722834645668
0
LINE
8
F.Cu
6
CONTINUOUS
10
3.9372047244094488
20
-2.7841722834645668
11
3.9372047244094488
21
-2.9056736220472441
0
LINE
8
F.Cu
6
CONTINUOUS
10
3.9372047244094488
20
-2.9056736220472441
11
3.9377828740157481
21
-2.90370468503937
0
LINE
8
F.Cu
6
CONTINUOUS
10
3.9377828740157481
20
-2.90370468503937
11
3.9398617716535433
21
-2.9019033070866143
0
LINE
8
F.Cu
6
CONTINUOUS
10
3.9398617716535433
20
-2.9019033070866143
11
3.9425845275590552
21
-2.9015118110236218
0
LINE
8
F.Cu
6
CONTINUOUS
10
3.9425845275590552
20
-2.9015118110236218
11
3.9448616929133857
21
-2.9024709448818897
0
LINE
8
F.Cu
6
CONTINUOUS
10
3.9448616929133857
20
-2.9024709448818897
11
3.9467648425196851
21
-2.9039312598425195
0
LINE
8
F.Cu
6
CONTINUOUS
10
3.9467648425196851
20
-2.9039312598425195
11
3.9467648818897638
21
-2.9039312992125983
0
LINE
8
F.Cu
6
CONTINUOUS
10
3.9467648818897638
20
-2.9039312992125983
11
3.9548098818897639
21
-2.9085761417322833
0
LINE
8
F.Cu
6
CONTINUOUS
10
3.9548098818897639
20
-2.9085761417322833
11
3.9548102362204722
21
-2.9085763385826771
0
LINE
8
F.Cu
6
CONTINUOUS
10
3.9548102362204722
20
-2.9085763385826771
11
3.963392244094488
21
-2.9121310629921258
0
LINE
8
F.Cu
6
CONTINUOUS
10
3.963392244094488
20
-2.9121310629921258
11
3.9633921653543305
21
-2.9121310629921258
0
LINE
8
F.Cu
6
CONTINUOUS
10
3.9633921653543305
20
-2.9121310629921258
11
3.9723655511811025
21
-2.9145354330708662
0
LINE
8
F.Cu
6
CONTINUOUS
10
3.9723655511811025
20
-2.9145354330708662
11
3.9815753543307086
21
-2.9157479921259841
0
LINE
8
F.Cu
6
CONTINUOUS
10
3.9815753543307086
20
-2.9157479921259841
11
3.9815759448818895
21
-2.9157480314960629
0
LINE
8
F.Cu
6
CONTINUOUS
10
3.9815759448818895
20
-2.9157480314960629
11
3.9908649999999999
21
-2.9157480314960629
0
LINE
8
F.Cu
6
CONTINUOUS
10
3.9908649999999999
20
-2.9157480314960629
11
3.9908655511811024
21
-2.9157479921259841
0
LINE
8
F.Cu
6
CONTINUOUS
10
3.9908655511811024
20
-2.9157479921259841
11
4.0000753543307086
21
-2.9145354330708662
0
LINE
8
F.Cu
6
CONTINUOUS
10
4.0000753543307086
20
-2.9145354330708662
11
4.0090487007874014
21
-2.9121310629921258
0
LINE
8
F.Cu
6
CONTINUOUS
10
4.0090487007874014
20
-2.9121310629921258
11
4.0176306692913384
21
-2.9085763385826771
0
LINE
8
F.Cu
6
CONTINUOUS
10
4.0176306692913384
20
-2.9085763385826771
11
4.0176309842519684
21
-2.908576181102362
0
LINE
8
F.Cu
6
CONTINUOUS
10
4.0176309842519684
20
-2.908576181102362
11
4.0239787401574798
21
-2.904911220472441
0
LINE
8
F.Cu
6
CONTINUOUS
10
4.0239787401574798
20
-2.904911220472441
11
4.0004598818897641
21
-2.8813923622047244
0
LINE
8
F.Cu
6
CONTINUOUS
10
4.0004598818897641
20
-2.8813923622047244
11
3.9976490157480313
21
-2.8825566929133859
0
LINE
8
F.Cu
6
CONTINUOUS
10
3.9976490157480313
20
-2.8825566929133859
11
3.990079409448819
21
-2.8840624015748029
0
LINE
8
F.Cu
6
CONTINUOUS
10
3.990079409448819
20
-2.8840624015748029
11
3.9823615354330708
21
-2.8840624015748029
0
LINE
8
F.Cu
6
CONTINUOUS
10
3.9823615354330708
20
-2.8840624015748029
11
3.974791929133858
21
-2.8825566929133859
0
LINE
8
F.Cu
6
CONTINUOUS
10
3.974791929133858
20
-2.8825566929133859
11
3.9676615354330709
21
-2.879603188976378
0
LINE
8
F.Cu
6
CONTINUOUS
10
3.9676615354330709
20
-2.879603188976378
11
3.9612443700787399
21
-2.8753153543307084
0
LINE
8
F.Cu
6
CONTINUOUS
10
3.9612443700787399
20
-2.8753153543307084
11
3.9557870078740156
21
-2.8698579921259841
0
LINE
8
F.Cu
6
CONTINUOUS
10
3.9557870078740156
20
-2.8698579921259841
11
3.9514991732283464
21
-2.8634408267716536
0
LINE
8
F.Cu
6
CONTINUOUS
10
3.9514991732283464
20
-2.8634408267716536
11
3.9485456692913385
21
-2.856310433070866
0
LINE
8
F.Cu
6
CONTINUOUS
10
3.9485456692913385
20
-2.856310433070866
11
3.9470399606299211
21
-2.8487408267716536
0
LINE
8
F.Cu
6
CONTINUOUS
10
3.9470399606299211
20
-2.8487408267716536
11
3.9470399606299211
21
-2.8410229527559054
0
LINE
8
F.Cu
6
CONTINUOUS
10
3.9470399606299211
20
-2.8410229527559054
11
3.9485456692913385
21
-2.8334533464566927
0
LINE
8
F.Cu
6
CONTINUOUS
10
3.9485456692913385
20
-2.8334533464566927
11
3.9514991732283464
21
-2.8263229527559055
0
LINE
8
F.Cu
6
CONTINUOUS
10
3.9514991732283464
20
-2.8263229527559055
11
3.9557870078740156
21
-2.8199057874015749
0
LINE
8
F.Cu
6
CONTINUOUS
10
3.9557870078740156
20
-2.8199057874015749
11
3.9612443700787399
21
-2.8144484251968502
0
LINE
8
F.Cu
6
CONTINUOUS
10
3.9612443700787399
20
-2.8144484251968502
11
3.9676615354330709
21
-2.8101605905511811
0
LINE
8
F.Cu
6
CONTINUOUS
10
3.9676615354330709
20
-2.8101605905511811
11
3.974791929133858
21
-2.8072070866141732
0
LINE
8
F.Cu
6
CONTINUOUS
10
3.974791929133858
20
-2.8072070866141732
11
3.9823615354330708
21
-2.8057013779527558
0
LINE
8
F.Cu
6
CONTINUOUS
10
3.9823615354330708
20
-2.8057013779527558
11
3.990079409448819
21
-2.8057013779527558
0
LINE
8
F.Cu
6
CONTINUOUS
10
3.990079409448819
20
-2.8057013779527558
11
3.9976490157480313
21
-2.8072070866141732
0
LINE
8
F.Cu
6
CONTINUOUS
10
3.9976490157480313
20
-2.8072070866141732
11
4.0004598425196853
21
-2.8083713779527559
0
LINE
8
F.Cu
6
CONTINUOUS
10
4.0004598425196853
20
-2.8083713779527559
11
4.0239787401574798
21
-2.7848524803149606
0
LINE
8
F.Cu
6
CONTINUOUS
10
4.0239787401574798
20
-2.7848524803149606
11
4.0239787401574798
21
-2.7848524409448818
0
LINE
8
F.Cu
6
CONTINUOUS
10
4.0239787401574798
20
-2.7848524409448818
11
4.0176312992125984
21
-2.7811877165354328
0
LINE
8
F.Cu
6
CONTINUOUS
10
4.0176312992125984
20
-2.7811877165354328
11
4.0176306692913384
21
-2.7811874015748033
0
LINE
8
F.Cu
6
CONTINUOUS
10
4.0176306692913384
20
-2.7811874015748033
11
4.0090486614173226
21
-2.7776326771653541
0
LINE
8
F.Cu
6
CONTINUOUS
10
4.0090486614173226
20
-2.7776326771653541
11
4.0090487401574801
21
-2.7776326771653541
0
LINE
8
F.Cu
6
CONTINUOUS
10
4.0090487401574801
20
-2.7776326771653541
11
4.0000753543307086
21
-2.7752283070866142
0
LINE
8
F.Cu
6
CONTINUOUS
10
4.0000753543307086
20
-2.7752283070866142
11
3.9908655511811024
21
-2.7740157480314962
0
LINE
8
F.Cu
6
CONTINUOUS
10
3.9908655511811024
20
-2.7740157480314962
11
3.9815753543307086
21
-2.7740157480314962
0
LINE
8
F.Cu
6
CONTINUOUS
10
3.9815753543307086
20
-2.7740157480314962
11
3.9723655511811025
21
-2.7752283070866142
0
LINE
8
F.Cu
6
CONTINUOUS
10
4.0227309448818893
20
-2.8306424015748033
11
4.0238952755905508
21
-2.8334533464566927
0
LINE
8
F.Cu
6
CONTINUOUS
10
4.0238952755905508
20
-2.8334533464566927
11
4.0254009842519682
21
-2.8410229527559054
0
LINE
8
F.Cu
6
CONTINUOUS
10
4.0254009842519682
20
-2.8410229527559054
11
4.0254009842519682
21
-2.8487408267716536
0
LINE
8
F.Cu
6
CONTINUOUS
10
4.0254009842519682
20
-2.8487408267716536
11
4.0238952755905508
21
-2.856310433070866
0
LINE
8
F.Cu
6
CONTINUOUS
10
4.0238952755905508
20
-2.856310433070866
11
4.0227309448818893
21
-2.8591212992125983
0
LINE
8
F.Cu
6
CONTINUOUS
10
4.0227309448818893
20
-2.8591212992125983
11
4.0462498031496059
21
-2.8826401574803149
0
LINE
8
F.Cu
6
CONTINUOUS
10
4.0462498031496059
20
-2.8826401574803149
11
4.0499147637795279
21
-2.876292401574803
0
LINE
8
F.Cu
6
CONTINUOUS
10
4.0499147637795279
20
-2.876292401574803
11
4.0499149212598429
21
-2.876292086614173
0
LINE
8
F.Cu
6
CONTINUOUS
10
4.0499149212598429
20
-2.876292086614173
11
4.0534696456692911
21
-2.867710118110236
0
LINE
8
F.Cu
6
CONTINUOUS
10
4.0534696456692911
20
-2.867710118110236
11
4.0558740157480315
21
-2.8587367716535432
0
LINE
8
F.Cu
6
CONTINUOUS
10
4.0558740157480315
20
-2.8587367716535432
11
4.0570865748031499
21
-2.8495269685039371
0
LINE
8
F.Cu
6
CONTINUOUS
10
4.0570865748031499
20
-2.8495269685039371
11
4.0570866141732287
21
-2.8495264173228345
0
LINE
8
F.Cu
6
CONTINUOUS
10
4.0570866141732287
20
-2.8495264173228345
11
4.0570866141732287
21
-2.8402373228346458
0
LINE
8
F.Cu
6
CONTINUOUS
10
4.0570866141732287
20
-2.8402373228346458
11
4.0570865748031499
21
-2.8402367716535433
0
LINE
8
F.Cu
6
CONTINUOUS
10
4.0570865748031499
20
-2.8402367716535433
11
4.0558740157480315
21
-2.8310269685039371
0
LINE
8
F.Cu
6
CONTINUOUS
10
4.0558740157480315
20
-2.8310269685039371
11
4.0534696456692911
21
-2.8220536220472439
0
LINE
8
F.Cu
6
CONTINUOUS
10
4.0534696456692911
20
-2.8220536220472439
11
4.0499149212598429
21
-2.8134716535433069
0
LINE
8
F.Cu
6
CONTINUOUS
10
4.0499149212598429
20
-2.8134716535433069
11
4.0499147244094491
21
-2.8134712992125985
0
LINE
8
F.Cu
6
CONTINUOUS
10
4.0499147244094491
20
-2.8134712992125985
11
4.0462498031496059
21
-2.8071235433070867
0
LINE
8
F.Cu
6
CONTINUOUS
10
4.0462498031496059
20
-2.8071235433070867
11
4.0227309448818893
21
-2.8306424015748033
0
LINE
8
F.Cu
6
CONTINUOUS
10
3.9723655511811025
20
-2.5193227952755906
11
3.9633922047244092
21
-2.5217271653543305
0
LINE
8
F.Cu
6
CONTINUOUS
10
3.9633922047244092
20
-2.5217271653543305
11
3.9548102362204722
21
-2.5252818897637797
0
LINE
8
F.Cu
6
CONTINUOUS
10
3.9548102362204722
20
-2.5252818897637797
11
3.9548098818897639
21
-2.525282086614173
0
LINE
8
F.Cu
6
CONTINUOUS
10
3.9548098818897639
20
-2.525282086614173
11
3.9467648818897638
21
-2.5299269291338584
0
LINE
8
F.Cu
6
CONTINUOUS
10
3.9467648818897638
20
-2.5299269291338584
11
3.9467645669291338
21
-2.5299271259842517
0
LINE
8
F.Cu
6
CONTINUOUS
10
3.9467645669291338
20
-2.5299271259842517
11
3.9448616141732282
21
-2.5313873228346457
0
LINE
8
F.Cu
6
CONTINUOUS
10
3.9448616141732282
20
-2.5313873228346457
11
3.942295905511811
21
-2.5323791732283465
0
LINE
8
F.Cu
6
CONTINUOUS
10
3.942295905511811
20
-2.5323791732283465
11
3.9396012204724409
21
-2.5318264566929134
0
LINE
8
F.Cu
6
CONTINUOUS
10
3.9396012204724409
20
-2.5318264566929134
11
3.9376331496062993
21
-2.5299046456692911
0
LINE
8
F.Cu
6
CONTINUOUS
10
3.9376331496062993
20
-2.5299046456692911
11
3.9372047244094488
21
-2.5282667716535432
0
LINE
8
F.Cu
6
CONTINUOUS
10
3.9372047244094488
20
-2.5282667716535432
11
3.9372047244094488
21
-2.6497681102362205
0
LINE
8
F.Cu
6
CONTINUOUS
10
3.9372047244094488
20
-2.6497681102362205
11
3.9377828740157481
21
-2.6477991732283463
0
LINE
8
F.Cu
6
CONTINUOUS
10
3.9377828740157481
20
-2.6477991732283463
11
3.9398617716535433
21
-2.6459977952755906
0
LINE
8
F.Cu
6
CONTINUOUS
10
3.9398617716535433
20
-2.6459977952755906
11
3.9425845275590552
21
-2.6456062992125982
0
LINE
8
F.Cu
6
CONTINUOUS
10
3.9425845275590552
20
-2.6456062992125982
11
3.9448616929133857
21
-2.6465654330708661
0
LINE
8
F.Cu
6
CONTINUOUS
10
3.9448616929133857
20
-2.6465654330708661
11
3.9467648425196851
21
-2.6480257480314959
0
LINE
8
F.Cu
6
CONTINUOUS
10
3.9467648425196851
20
-2.6480257480314959
11
3.9467648818897638
21
-2.6480257874015747
0
LINE
8
F.Cu
6
CONTINUOUS
10
3.9467648818897638
20
-2.6480257874015747
11
3.9548098818897639
21
-2.6526706299212597
0
LINE
8
F.Cu
6
CONTINUOUS
10
3.9548098818897639
20
-2.6526706299212597
11
3.9548102362204722
21
-2.6526708267716534
0
LINE
8
F.Cu
6
CONTINUOUS
10
3.9548102362204722
20
-2.6526708267716534
11
3.963392244094488
21
-2.6562255511811022
0
LINE
8
F.Cu
6
CONTINUOUS
10
3.963392244094488
20
-2.6562255511811022
11
3.9633921653543305
21
-2.6562255511811022
0
LINE
8
F.Cu
6
CONTINUOUS
10
3.9633921653543305
20
-2.6562255511811022
11
3.9723655511811025
21
-2.6586299212598425
0
LINE
8
F.Cu
6
CONTINUOUS
10
3.9723655511811025
20
-2.6586299212598425
11
3.9815753543307086
21
-2.6598424803149605
0
LINE
8
F.Cu
6
CONTINUOUS
10
3.9815753543307086
20
-2.6598424803149605
11
3.9815759448818895
21
-2.6598425196850393
0
LINE
8
F.Cu
6
CONTINUOUS
10
3.9815759448818895
20
-2.6598425196850393
11
3.9908649999999999
21
-2.6598425196850393
0
LINE
8
F.Cu
6
CONTINUOUS
10
3.9908649999999999
20
-2.6598425196850393
11
3.9908655511811024
21
-2.6598424803149605
0
LINE
8
F.Cu
6
CONTINUOUS
10
3.9908655511811024
20
-2.6598424803149605
11
4.0000753543307086
21
-2.6586299212598425
0
LINE
8
F.Cu
6
CONTINUOUS
10
4.0000753543307086
20
-2.6586299212598425
11
4.0090487007874014
21
-2.6562255511811022
0
LINE
8
F.Cu
6
CONTINUOUS
10
4.0090487007874014
20
-2.6562255511811022
11
4.0176306692913384
21
-2.6526708267716534
0
LINE
8
F.Cu
6
CONTINUOUS
10
4.0176306692913384
20
-2.6526708267716534
11
4.0176309842519684
21
-2.6526706692913384
0
LINE
8
F.Cu
6
CONTINUOUS
10
4.0176309842519684
20
-2.6526706692913384
11
4.0239787401574798
21
-2.6490057086614174
0
LINE
8
F.Cu
6
CONTINUOUS
10
4.0239787401574798
20
-2.6490057086614174
11
4.0004598818897641
21
-2.6254868503937008
0
LINE
8
F.Cu
6
CONTINUOUS
10
4.0004598818897641
20
-2.6254868503937008
11
3.9976490157480313
21
-2.6266511811023623
0
LINE
8
F.Cu
6
CONTINUOUS
10
3.9976490157480313
20
-2.6266511811023623
11
3.990079409448819
21
-2.6281568897637793
0
LINE
8
F.Cu
6
CONTINUOUS
10
3.990079409448819
20
-2.6281568897637793
11
3.9823615354330708
21
-2.6281568897637793
0
LINE
8
F.Cu
6
CONTINUOUS
10
3.9823615354330708
20
-2.6281568897637793
11
3.974791929133858
21
-2.6266511811023623
0
LINE
8
F.Cu
6
CONTINUOUS
10
3.974791929133858
20
-2.6266511811023623
11
3.9676615354330709
21
-2.6236976771653544
0
LINE
8
F.Cu
6
CONTINUOUS
10
3.9676615354330709
20
-2.6236976771653544
11
3.9612443700787399
21
-2.6194098425196848
0
LINE
8
F.Cu
6
CONTINUOUS
10
3.9612443700787399
20
-2.6194098425196848
11
3.9557870078740156
21
-2.6139524803149605
0
LINE
8
F.Cu
6
CONTINUOUS
10
3.9557870078740156
20
-2.6139524803149605
11
3.9514991732283464
21
-2.60753531496063
0
LINE
8
F.Cu
6
CONTINUOUS
10
3.9514991732283464
20
-2.60753531496063
11
3.9485456692913385
21
-2.6004049212598424
0
LINE
8
F.Cu
6
CONTINUOUS
10
3.9485456692913385
20
-2.6004049212598424
11
3.9470399606299211
21
-2.59283531496063
0
LINE
8
F.Cu
6
CONTINUOUS
10
3.9470399606299211
20
-2.59283531496063
11
3.9470399606299211
21
-2.5851174409448818
0
LINE
8
F.Cu
6
CONTINUOUS
10
3.9470399606299211
20
-2.5851174409448818
11
3.9485456692913385
21
-2.5775478346456691
0
LINE
8
F.Cu
6
CONTINUOUS
10
3.9485456692913385
20
-2.5775478346456691
11
3.9514991732283464
21
-2.5704174409448819
0
LINE
8
F.Cu
6
CONTINUOUS
10
3.9514991732283464
20
-2.5704174409448819
11
3.9557870078740156
21
-2.5640002755905513
0
LINE
8
F.Cu
6
CONTINUOUS
10
3.9557870078740156
20
-2.5640002755905513
11
3.9612443700787399
21
-2.5585429133858266
0
LINE
8
F.Cu
6
CONTINUOUS
10
3.9612443700787399
20
-2.5585429133858266
11
3.9676615354330709
21
-2.5542550787401574
0
LINE
8
F.Cu
6
CONTINUOUS
10
3.9676615354330709
20
-2.5542550787401574
11
3.974791929133858
21
-2.5513015748031496
0
LINE
8
F.Cu
6
CONTINUOUS
10
3.974791929133858
20
-2.5513015748031496
11
3.9823615354330708
21
-2.5497958661417321
0
LINE
8
F.Cu
6
CONTINUOUS
10
3.9823615354330708
20
-2.5497958661417321
11
3.990079409448819
21
-2.5497958661417321
0
LINE
8
F.Cu
6
CONTINUOUS
10
3.990079409448819
20
-2.5497958661417321
11
3.9976490157480313
21
-2.5513015748031496
0
LINE
8
F.Cu
6
CONTINUOUS
10
3.9976490157480313
20
-2.5513015748031496
11
4.0004598425196853
21
-2.5524658661417323
0
LINE
8
F.Cu
6
CONTINUOUS
10
4.0004598425196853
20
-2.5524658661417323
11
4.0239787401574798
21
-2.528946968503937
0
LINE
8
F.Cu
6
CONTINUOUS
10
4.0239787401574798
20
-2.528946968503937
11
4.0239787401574798
21
-2.5289469291338582
0
LINE
8
F.Cu
6
CONTINUOUS
10
4.0239787401574798
20
-2.5289469291338582
11
4.0176312992125984
21
-2.5252822047244092
0
LINE
8
F.Cu
6
CONTINUOUS
10
4.0176312992125984
20
-2.5252822047244092
11
4.0176306692913384
21
-2.5252818897637797
0
LINE
8
F.Cu
6
CONTINUOUS
10
4.0176306692913384
20
-2.5252818897637797
11
4.0090486614173226
21
-2.5217271653543305
0
LINE
8
F.Cu
6
CONTINUOUS
10
4.0090486614173226
20
-2.5217271653543305
11
4.0090487401574801
21
-2.5217271653543305
0
LINE
8
F.Cu
6
CONTINUOUS
10
4.0090487401574801
20
-2.5217271653543305
11
4.0000753543307086
21
-2.5193227952755906
0
LINE
8
F.Cu
6
CONTINUOUS
10
4.0000753543307086
20
-2.5193227952755906
11
3.9908655511811024
21
-2.5181102362204726
0
LINE
8
F.Cu
6
CONTINUOUS
10
3.9908655511811024
20
-2.5181102362204726
11
3.9815753543307086
21
-2.5181102362204726
0
LINE
8
F.Cu
6
CONTINUOUS
10
3.9815753543307086
20
-2.5181102362204726
11
3.9723655511811025
21
-2.5193227952755906
0
LINE
8
F.Cu
6
CONTINUOUS
10
4.0227309448818893
20
-2.5747368897637797
11
4.0238952755905508
21
-2.5775478346456691
0
LINE
8
F.Cu
6
CONTINUOUS
10
4.0238952755905508
20
-2.5775478346456691
11
4.0254009842519682
21
-2.5851174409448818
0
LINE
8
F.Cu
6
CONTINUOUS
10
4.0254009842519682
20
-2.5851174409448818
11
4.0254009842519682
21
-2.59283531496063
0
LINE
8
F.Cu
6
CONTINUOUS
10
4.0254009842519682
20
-2.59283531496063
11
4.0238952755905508
21
-2.6004049212598424
0
LINE
8
F.Cu
6
CONTINUOUS
10
4.0238952755905508
20
-2.6004049212598424
11
4.0227309448818893
21
-2.6032157874015747
0
LINE
8
F.Cu
6
CONTINUOUS
10
4.0227309448818893
20
-2.6032157874015747
11
4.0462498031496059
21
-2.6267346456692913
0
LINE
8
F.Cu
6
CONTINUOUS
10
4.0462498031496059
20
-2.6267346456692913
11
4.0499147637795279
21
-2.6203868897637794
0
LINE
8
F.Cu
6
CONTINUOUS
10
4.0499147637795279
20
-2.6203868897637794
11
4.0499149212598429
21
-2.6203865748031494
0
LINE
8
F.Cu
6
CONTINUOUS
10
4.0499149212598429
20
-2.6203865748031494
11
4.0534696456692911
21
-2.6118046062992124
0
LINE
8
F.Cu
6
CONTINUOUS
10
4.0534696456692911
20
-2.6118046062992124
11
4.0558740157480315
21
-2.6028312598425196
0
LINE
8
F.Cu
6
CONTINUOUS
10
4.0558740157480315
20
-2.6028312598425196
11
4.0570865748031499
21
-2.5936214566929134
0
LINE
8
F.Cu
6
CONTINUOUS
10
4.0570865748031499
20
-2.5936214566929134
11
4.0570866141732287
21
-2.5936209055118109
0
LINE
8
F.Cu
6
CONTINUOUS
10
4.0570866141732287
20
-2.5936209055118109
11
4.0570866141732287
21
-2.5843318110236222
0
LINE
8
F.Cu
6
CONTINUOUS
10
4.0570866141732287
20
-2.5843318110236222
11
4.0570865748031499
21
-2.5843312598425197
0
LINE
8
F.Cu
6
CONTINUOUS
10
4.0570865748031499
20
-2.5843312598425197
11
4.0558740157480315
21
-2.5751214566929135
0
LINE
8
F.Cu
6
CONTINUOUS
10
4.0558740157480315
20
-2.5751214566929135
11
4.0534696456692911
21
-2.5661481102362202
0
LINE
8
F.Cu
6
CONTINUOUS
10
4.0534696456692911
20
-2.5661481102362202
11
4.0499149212598429
21
-2.5575661417322832
0
LINE
8
F.Cu
6
CONTINUOUS
10
4.0499149212598429
20
-2.5575661417322832
11
4.0499147244094491
21
-2.5575657874015749
0
LINE
8
F.Cu
6
CONTINUOUS
10
4.0499147244094491
20
-2.5575657874015749
11
4.0462498031496059
21
-2.5512180314960631
0
LINE
8
F.Cu
6
CONTINUOUS
10
4.0462498031496059
20
-2.5512180314960631
11
4.0227309448818893
21
-2.5747368897637797
0
LINE
8
F.Cu
6
CONTINUOUS
10
4.3295613385826774
20
-2.1403591338582677
11
4.3228621259842521
21
-2.1427032677165352
0
LINE
8
F.Cu
6
CONTINUOUS
10
4.3228621259842521
20
-2.1427032677165352
11
4.3168524015748027
21
-2.1464794094488187
0
LINE
8
F.Cu
6
CONTINUOUS
10
4.3168524015748027
20
-2.1464794094488187
11
4.3118337401574802
21
-2.1514980708661415
0
LINE
8
F.Cu
6
CONTINUOUS
10
4.3118337401574802
20
-2.1514980708661415
11
4.3080575984251963
21
-2.1575077952755906
0
LINE
8
F.Cu
6
CONTINUOUS
10
4.3080575984251963
20
-2.1575077952755906
11
4.3057134645669288
21
-2.1642070078740159
0
LINE
8
F.Cu
6
CONTINUOUS
10
4.3057134645669288
20
-2.1642070078740159
11
4.3051181102362204
21
-2.169490905511811
0
LINE
8
F.Cu
6
CONTINUOUS
10
4.3051181102362204
20
-2.169490905511811
11
4.3051181102362204
21
-2.188976377952756
0
LINE
8
F.Cu
6
CONTINUOUS
10
4.3051181102362204
20
-2.188976377952756
11
4.3366141732283463
21
-2.188976377952756
0
LINE
8
F.Cu
6
CONTINUOUS
10
4.3366141732283463
20
-2.188976377952756
11
4.3366141732283463
21
-2.1712598425196852
0
LINE
8
F.Cu
6
CONTINUOUS
10
4.3366141732283463
20
-2.1712598425196852
11
4.3543307086614176
21
-2.1712598425196852
0
LINE
8
F.Cu
6
CONTINUOUS
10
4.3543307086614176
20
-2.1712598425196852
11
4.3543307086614176
21
-2.1397637795275588
0
LINE
8
F.Cu
6
CONTINUOUS
10
4.3543307086614176
20
-2.1397637795275588
11
4.3348452755905509
21
-2.1397637795275588
0
LINE
8
F.Cu
6
CONTINUOUS
10
4.3348452755905509
20
-2.1397637795275588
11
4.3295613385826774
21
-2.1403591338582677
0
LINE
8
F.Cu
6
CONTINUOUS
10
4.1682570078740158
20
-2.0632197244094486
11
4.1630827559055117
21
-2.064039251968504
0
LINE
8
F.Cu
6
CONTINUOUS
10
4.1630827559055117
20
-2.064039251968504
11
4.1565965354330707
21
-2.0661467716535431
0
LINE
8
F.Cu
6
CONTINUOUS
10
4.1565965354330707
20
-2.0661467716535431
11
4.1505201181102365
21
-2.069242834645669
0
LINE
8
F.Cu
6
CONTINUOUS
10
4.1505201181102365
20
-2.069242834645669
11
4.1473722834645672
21
-2.0715298818897638
0
LINE
8
F.Cu
6
CONTINUOUS
10
4.1473722834645672
20
-2.0715298818897638
11
4.1450028346456689
21
-2.0732514173228345
0
LINE
8
F.Cu
6
CONTINUOUS
10
4.1450028346456689
20
-2.0732514173228345
11
4.1450027559055114
21
-2.073251496062992
0
LINE
8
F.Cu
6
CONTINUOUS
10
4.1450027559055114
20
-2.073251496062992
11
4.1450027165354326
21
-2.073251496062992
0
LINE
8
F.Cu
6
CONTINUOUS
10
4.1450027165354326
20
-2.073251496062992
11
4.14018062992126
21
-2.0780735826771655
0
LINE
8
F.Cu
6
CONTINUOUS
10
4.14018062992126
20
-2.0780735826771655
11
4.14018062992126
21
-2.0780736220472442
0
LINE
8
F.Cu
6
CONTINUOUS
10
4.14018062992126
20
-2.0780736220472442
11
4.1401805511811025
21
-2.0780737007874017
0
LINE
8
F.Cu
6
CONTINUOUS
10
4.1401805511811025
20
-2.0780737007874017
11
4.1384590157480314
21
-2.0804431496062992
0
LINE
8
F.Cu
6
CONTINUOUS
10
4.1384590157480314
20
-2.0804431496062992
11
4.1361719685039366
21
-2.0835909842519684
0
LINE
8
F.Cu
6
CONTINUOUS
10
4.1361719685039366
20
-2.0835909842519684
11
4.1330759055118111
21
-2.0896674015748031
0
LINE
8
F.Cu
6
CONTINUOUS
10
4.1330759055118111
20
-2.0896674015748031
11
4.1309683858267716
21
-2.0961536220472441
0
LINE
8
F.Cu
6
CONTINUOUS
10
4.1309683858267716
20
-2.0961536220472441
11
4.1299015748031493
21
-2.1028893307086616
0
LINE
8
F.Cu
6
CONTINUOUS
10
4.1299015748031493
20
-2.1028893307086616
11
4.1299015748031493
21
-2.1097090944881889
0
LINE
8
F.Cu
6
CONTINUOUS
10
4.1299015748031493
20
-2.1097090944881889
11
4.1309684251968504
21
-2.1164449212598426
0
LINE
8
F.Cu
6
CONTINUOUS
10
4.1309684251968504
20
-2.1164449212598426
11
4.1330758661417324
21
-2.1229309055118111
0
LINE
8
F.Cu
6
CONTINUOUS
10
4.1330758661417324
20
-2.1229309055118111
11
4.1361719685039366
21
-2.1290074015748033
0
LINE
8
F.Cu
6
CONTINUOUS
10
4.1361719685039366
20
-2.1290074015748033
11
4.1401805511811025
21
-2.1345247244094487
0
LINE
8
F.Cu
6
CONTINUOUS
10
4.1401805511811025
20
-2.1345247244094487
11
4.1450028346456689
21
-2.1393470078740155
0
LINE
8
F.Cu
6
CONTINUOUS
10
4.1450028346456689
20
-2.1393470078740155
11
4.1505201574803152
21
-2.143355590551181
0
LINE
8
F.Cu
6
CONTINUOUS
10
4.1505201574803152
20
-2.143355590551181
11
4.156596653543307
21
-2.1464516929133857
0
LINE
8
F.Cu
6
CONTINUOUS
10
4.156596653543307
20
-2.1464516929133857
11
4.1630826377952754
21
-2.1485591338582677
0
LINE
8
F.Cu
6
CONTINUOUS
10
4.1630826377952754
20
-2.1485591338582677
11
4.1698184645669292
21
-2.1496259842519683
0
LINE
8
F.Cu
6
CONTINUOUS
10
4.1698184645669292
20
-2.1496259842519683
11
4.1698185039370079
21
-2.1496259842519683
0
LINE
8
F.Cu
6
CONTINUOUS
10
4.1698185039370079
20
-2.1496259842519683
11
4.1766381889763782
21
-2.1496259842519683
0
LINE
8
F.Cu
6
CONTINUOUS
10
4.1766381889763782
20
-2.1496259842519683
11
4.1766382283464569
21
-2.1496259842519683
0
LINE
8
F.Cu
6
CONTINUOUS
10
4.1766382283464569
20
-2.1496259842519683
11
4.1833740551181098
21
-2.1485591338582677
0
LINE
8
F.Cu
6
CONTINUOUS
10
4.1833740551181098
20
-2.1485591338582677
11
4.1898600393700782
21
-2.1464516929133857
0
LINE
8
F.Cu
6
CONTINUOUS
10
4.1898600393700782
20
-2.1464516929133857
11
4.1959365354330709
21
-2.143355590551181
0
LINE
8
F.Cu
6
CONTINUOUS
10
4.1959365354330709
20
-2.143355590551181
11
4.2014538582677163
21
-2.1393470078740155
0
LINE
8
F.Cu
6
CONTINUOUS
10
4.2014538582677163
20
-2.1393470078740155
11
4.2062761417322836
21
-2.1345247244094487
0
LINE
8
F.Cu
6
CONTINUOUS
10
4.2062761417322836
20
-2.1345247244094487
11
4.2102847244094486
21
-2.1290074015748033
0
LINE
8
F.Cu
6
CONTINUOUS
10
4.2102847244094486
20
-2.1290074015748033
11
4.2133808267716537
21
-2.1229309055118111
0
LINE
8
F.Cu
6
CONTINUOUS
10
4.2133808267716537
20
-2.1229309055118111
11
4.2154882677165357
21
-2.1164449212598426
0
LINE
8
F.Cu
6
CONTINUOUS
10
4.2154882677165357
20
-2.1164449212598426
11
4.2165551181102359
21
-2.1097090944881889
0
LINE
8
F.Cu
6
CONTINUOUS
10
4.2165551181102359
20
-2.1097090944881889
11
4.2165551181102359
21
-2.1028893307086616
0
LINE
8
F.Cu
6
CONTINUOUS
10
4.2165551181102359
20
-2.1028893307086616
11
4.2154882677165357
21
-2.0961535039370078
0
LINE
8
F.Cu
6
CONTINUOUS
10
4.2154882677165357
20
-2.0961535039370078
11
4.2133808267716537
21
-2.0896675196850394
0
LINE
8
F.Cu
6
CONTINUOUS
10
4.2133808267716537
20
-2.0896675196850394
11
4.2102847244094486
21
-2.0835910236220472
0
LINE
8
F.Cu
6
CONTINUOUS
10
4.2102847244094486
20
-2.0835910236220472
11
4.2062761417322836
21
-2.0780737007874017
0
LINE
8
F.Cu
6
CONTINUOUS
10
4.2062761417322836
20
-2.0780737007874017
11
4.2014538582677163
21
-2.0732514173228345
0
LINE
8
F.Cu
6
CONTINUOUS
10
4.2014538582677163
20
-2.0732514173228345
11
4.1959365354330709
21
-2.069242834645669
0
LINE
8
F.Cu
6
CONTINUOUS
10
4.1959365354330709
20
-2.069242834645669
11
4.1898600393700782
21
-2.0661467322834643
0
LINE
8
F.Cu
6
CONTINUOUS
10
4.1898600393700782
20
-2.0661467322834643
11
4.1833740551181098
21
-2.0640392913385828
0
LINE
8
F.Cu
6
CONTINUOUS
10
4.1833740551181098
20
-2.0640392913385828
11
4.1833739763779523
21
-2.064039251968504
0
LINE
8
F.Cu
6
CONTINUOUS
10
4.1833739763779523
20
-2.064039251968504
11
4.1833739370078735
21
-2.064039251968504
0
LINE
8
F.Cu
6
CONTINUOUS
10
4.1833739370078735
20
-2.064039251968504
11
4.1781996456692916
21
-2.0632197244094486
0
LINE
8
F.Cu
6
CONTINUOUS
10
4.1781996456692916
20
-2.0632197244094486
11
4.1766382283464569
21
-2.0629724409448817
0
LINE
8
F.Cu
6
CONTINUOUS
10
4.1766382283464569
20
-2.0629724409448817
11
4.1698184645669292
21
-2.0629724409448817
0
LINE
8
F.Cu
6
CONTINUOUS
10
4.1698184645669292
20
-2.0629724409448817
11
4.1682570078740158
21
-2.0632197244094486
0
LINE
8
F.Cu
6
CONTINUOUS
10
3.9372047244094488
20
-1.9687007874015747
11
3.9372047244094488
21
-1.9727154330708661
0
LINE
8
F.Cu
6
CONTINUOUS
10
3.9372047244094488
20
-1.9727154330708661
11
3.9377828740157481
21
-1.9707464960629921
0
LINE
8
F.Cu
6
CONTINUOUS
10
3.9377828740157481
20
-1.9707464960629921
11
3.9398617716535433
21
-1.9689451181102362
0
LINE
8
F.Cu
6
CONTINUOUS
10
3.9398617716535433
20
-1.9689451181102362
11
3.9409848818897637
21
-1.9687007874015747
0
LINE
8
F.Cu
6
CONTINUOUS
10
3.9409848818897637
20
-1.9687007874015747
11
3.9372047244094488
21
-1.9687007874015747
0
LINE
8
F.Cu
6
CONTINUOUS
10
4.4052373228346458
20
-1.9687007874015747
11
4.4072062598425195
21
-1.969278937007874
0
LINE
8
F.Cu
6
CONTINUOUS
10
4.4072062598425195
20
-1.969278937007874
11
4.4090076377952752
21
-1.9713578346456693
0
LINE
8
F.Cu
6
CONTINUOUS
10
4.4090076377952752
20
-1.9713578346456693
11
4.4092519685039369
21
-1.9724809448818896
0
LINE
8
F.Cu
6
CONTINUOUS
10
4.4092519685039369
20
-1.9724809448818896
11
4.4092519685039369
21
-1.9687007874015747
0
LINE
8
F.Cu
6
CONTINUOUS
10
4.4092519685039369
20
-1.9687007874015747
11
4.4052373228346458
21
-1.9687007874015747
  0
ENDSEC
  0
EOF
