  0
SECTION
  2
HEADER
  9
$ACADVER
  1
AC1015
  9
$ACADMAINTVER
 70
     6
  9
$DWGCODEPAGE
  3
ANSI_1252
  9
$INSBASE
 10
0.0
 20
0.0
 30
0.0
  9
$EXTMIN
 10
-1295.1949865503
 20
-899.3698768491
 30
0.0
  9
$EXTMAX
 10
-1204.1949865503
 20
-779.3697241682
 30
0.0
  9
$LIMMIN
 10
0.0
 20
0.0
  9
$LIMMAX
 10
420.0
 20
297.0
  9
$ORTHOMODE
 70
     0
  9
$REGENMODE
 70
     1
  9
$FILLMODE
 70
     1
  9
$QTEXTMODE
 70
     0
  9
$MIRRTEXT
 70
     0
  9
$LTSCALE
 40
1.0
  9
$ATTMODE
 70
     1
  9
$TEXTSIZE
 40
3.5
  9
$TRACEWID
 40
1.0
  9
$TEXTSTYLE
  7
Standard
  9
$CLAYER
  8
0
  9
$CELTYPE
  6
ByLayer
  9
$CECOLOR
 62
   256
  9
$CELTSCALE
 40
1.0
  9
$DISPSILH
 70
     0
  9
$DIMSCALE
 40
1.0
  9
$DIMASZ
 40
3.302
  9
$DIMEXO
 40
0.0
  9
$DIMDLI
 40
3.75
  9
$DIMRND
 40
0.0
  9
$DIMDLE
 40
0.0
  9
$DIMEXE
 40
1.0
  9
$DIMTP
 40
0.0
  9
$DIMTM
 40
0.0
  9
$DIMTXT
 40
3.5
  9
$DIMCEN
 40
2.5
  9
$DIMTSZ
 40
0.0
  9
$DIMTOL
 70
     0
  9
$DIMLIM
 70
     0
  9
$DIMTIH
 70
     1
  9
$DIMTOH
 70
     1
  9
$DIMSE1
 70
     0
  9
$DIMSE2
 70
     0
  9
$DIMTAD
 70
     1
  9
$DIMZIN
 70
     1
  9
$DIMBLK
  1

  9
$DIMASO
 70
     1
  9
$DIMSHO
 70
     1
  9
$DIMPOST
  1

  9
$DIMAPOST
  1

  9
$DIMALT
 70
     0
  9
$DIMALTD
 70
     3
  9
$DIMALTF
 40
0.0393700787
  9
$DIMLFAC
 40
1.0
  9
$DIMTOFL
 70
     1
  9
$DIMTVP
 40
0.0
  9
$DIMTIX
 70
     0
  9
$DIMSOXD
 70
     0
  9
$DIMSAH
 70
     0
  9
$DIMBLK1
  1

  9
$DIMBLK2
  1

  9
$DIMSTYLE
  2
ISO-25
  9
$DIMCLRD
 70
     0
  9
$DIMCLRE
 70
     0
  9
$DIMCLRT
 70
     0
  9
$DIMTFAC
 40
1.0
  9
$DIMGAP
 40
1.524
  9
$DIMJUST
 70
     0
  9
$DIMSD1
 70
     0
  9
$DIMSD2
 70
     0
  9
$DIMTOLJ
 70
     0
  9
$DIMTZIN
 70
     1
  9
$DIMALTZ
 70
     0
  9
$DIMALTTZ
 70
     0
  9
$DIMUPT
 70
     0
  9
$DIMDEC
 70
     2
  9
$DIMTDEC
 70
     2
  9
$DIMALTU
 70
     2
  9
$DIMALTTD
 70
     3
  9
$DIMTXSTY
  7
Standard
  9
$DIMAUNIT
 70
     0
  9
$DIMADEC
 70
     2
  9
$DIMALTRND
 40
0.0
  9
$DIMAZIN
 70
     0
  9
$DIMDSEP
 70
    44
  9
$DIMATFIT
 70
     3
  9
$DIMFRAC
 70
     0
  9
$DIMLDRBLK
  1

  9
$DIMLUNIT
 70
     2
  9
$DIMLWD
 70
    -2
  9
$DIMLWE
 70
    -2
  9
$DIMTMOVE
 70
     0
  9
$LUNITS
 70
     2
  9
$LUPREC
 70
     2
  9
$SKETCHINC
 40
1.0
  9
$FILLETRAD
 40
0.0
  9
$AUNITS
 70
     0
  9
$AUPREC
 70
     2
  9
$MENU
  1
.
  9
$ELEVATION
 40
0.0
  9
$PELEVATION
 40
0.0
  9
$THICKNESS
 40
0.0
  9
$LIMCHECK
 70
     0
  9
$CHAMFERA
 40
0.0
  9
$CHAMFERB
 40
0.0
  9
$CHAMFERC
 40
0.0
  9
$CHAMFERD
 40
0.0
  9
$SKPOLY
 70
     0
  9
$TDCREATE
 40
2461306.932135602
  9
$TDUCREATE
 40
2461307.098802269
  9
$TDUPDATE
 40
2461306.932164665
  9
$TDUUPDATE
 40
2461307.098831331
  9
$TDINDWG
 40
0.0000000116
  9
$TDUSRTIMER
 40
0.0000000116
  9
$USRTIMER
 70
     1
  9
$ANGBASE
 50
0.0
  9
$ANGDIR
 70
     0
  9
$PDMODE
 70
     0
  9
$PDSIZE
 40
-1.0
  9
$PLINEWID
 40
0.0
  9
$SPLFRAME
 70
     0
  9
$SPLINETYPE
 70
     6
  9
$SPLINESEGS
 70
     8
  9
$HANDSEED
  5
20E
  9
$SURFTAB1
 70
     6
  9
$SURFTAB2
 70
     6
  9
$SURFTYPE
 70
     6
  9
$SURFU
 70
     6
  9
$SURFV
 70
     6
  9
$UCSBASE
  2

  9
$UCSNAME
  2

  9
$UCSORG
 10
0.0
 20
0.0
 30
0.0
  9
$UCSXDIR
 10
1.0
 20
0.0
 30
0.0
  9
$UCSYDIR
 10
0.0
 20
1.0
 30
0.0
  9
$UCSORTHOREF
  2

  9
$UCSORTHOVIEW
 70
     0
  9
$UCSORGTOP
 10
0.0
 20
0.0
 30
0.0
  9
$UCSORGBOTTOM
 10
0.0
 20
0.0
 30
0.0
  9
$UCSORGLEFT
 10
0.0
 20
0.0
 30
0.0
  9
$UCSORGRIGHT
 10
0.0
 20
0.0
 30
0.0
  9
$UCSORGFRONT
 10
0.0
 20
0.0
 30
0.0
  9
$UCSORGBACK
 10
0.0
 20
0.0
 30
0.0
  9
$PUCSBASE
  2

  9
$PUCSNAME
  2

  9
$PUCSORG
 10
0.0
 20
0.0
 30
0.0
  9
$PUCSXDIR
 10
1.0
 20
0.0
 30
0.0
  9
$PUCSYDIR
 10
0.0
 20
1.0
 30
0.0
  9
$PUCSORTHOREF
  2

  9
$PUCSORTHOVIEW
 70
     0
  9
$PUCSORGTOP
 10
0.0
 20
0.0
 30
0.0
  9
$PUCSORGBOTTOM
 10
0.0
 20
0.0
 30
0.0
  9
$PUCSORGLEFT
 10
0.0
 20
0.0
 30
0.0
  9
$PUCSORGRIGHT
 10
0.0
 20
0.0
 30
0.0
  9
$PUCSORGFRONT
 10
0.0
 20
0.0
 30
0.0
  9
$PUCSORGBACK
 10
0.0
 20
0.0
 30
0.0
  9
$USERI1
 70
     0
  9
$USERI2
 70
     0
  9
$USERI3
 70
     0
  9
$USERI4
 70
     0
  9
$USERI5
 70
     0
  9
$USERR1
 40
0.0
  9
$USERR2
 40
0.0
  9
$USERR3
 40
0.0
  9
$USERR4
 40
0.0
  9
$USERR5
 40
0.0
  9
$WORLDVIEW
 70
     1
  9
$SHADEDGE
 70
     3
  9
$SHADEDIF
 70
    70
  9
$TILEMODE
 70
     1
  9
$MAXACTVP
 70
    64
  9
$PINSBASE
 10
0.0
 20
0.0
 30
0.0
  9
$PLIMCHECK
 70
     0
  9
$PEXTMIN
 10
1.0000000000E+20
 20
1.0000000000E+20
 30
1.0000000000E+20
  9
$PEXTMAX
 10
-1.0000000000E+20
 20
-1.0000000000E+20
 30
-1.0000000000E+20
  9
$PLIMMIN
 10
0.0
 20
0.0
  9
$PLIMMAX
 10
420.0
 20
297.0
  9
$UNITMODE
 70
     0
  9
$VISRETAIN
 70
     1
  9
$PLINEGEN
 70
     0
  9
$PSLTSCALE
 70
     1
  9
$TREEDEPTH
 70
  3020
  9
$CMLSTYLE
  2
Standard
  9
$CMLJUST
 70
     0
  9
$CMLSCALE
 40
20.0
  9
$PROXYGRAPHICS
 70
     1
  9
$MEASUREMENT
 70
     1
  9
$CELWEIGHT
370
    -1
  9
$ENDCAPS
280
     0
  9
$JOINSTYLE
280
     0
  9
$LWDISPLAY
290
     1
  9
$INSUNITS
 70
     4
  9
$HYPERLINKBASE
  1

  9
$STYLESHEET
  1

  9
$XEDIT
290
     1
  9
$CEPSNTYPE
380
     0
  9
$PSTYLEMODE
290
     1
  9
$FINGERPRINTGUID
  2
{c0a15635-390e-4260-ac76-c001209be93d}
  9
$VERSIONGUID
  2
{FAEB1C32-E019-11D5-929B-00C0DF256EC4}
  9
$EXTNAMES
290
     1
  9
$PSVPSCALE
 40
0.0
  9
$OLESTARTUP
290
     0
  0
ENDSEC
  0
SECTION
  2
CLASSES
  0
CLASS
  1
ACDBDICTIONARYWDFLT
  2
AcDbDictionaryWithDefault
  3
ObjectDBX Classes
 90
        0
280
     0
281
     0
  0
CLASS
  1
VISUALSTYLE
  2
AcDbVisualStyle
  3
ObjectDBX Classes
 90
     4095
280
     0
281
     0
  0
CLASS
  1
MATERIAL
  2
AcDbMaterial
  3
ObjectDBX Classes
 90
     1153
280
     0
281
     0
  0
CLASS
  1
SCALE
  2
AcDbScale
  3
ObjectDBX Classes
 90
     1153
280
     0
281
     0
  0
CLASS
  1
TABLESTYLE
  2
AcDbTableStyle
  3
ObjectDBX Classes
 90
     4095
280
     0
281
     0
  0
CLASS
  1
MLEADERSTYLE
  2
AcDbMLeaderStyle
  3
ACDB_MLEADERSTYLE_CLASS
 90
     4095
280
     0
281
     0
  0
CLASS
  1
SUN
  2
AcDbSun
  3
SCENEOE
 90
     1153
280
     0
281
     0
  0
CLASS
  1
ACDBPLACEHOLDER
  2
AcDbPlaceHolder
  3
ObjectDBX Classes
 90
        0
280
     0
281
     0
  0
CLASS
  1
LAYOUT
  2
AcDbLayout
  3
ObjectDBX Classes
 90
        0
280
     0
281
     0
  0
ENDSEC
  0
SECTION
  2
TABLES
  0
TABLE
  2
VPORT
  5
8
330
0
100
AcDbSymbolTable
 70
     1
  0
VPORT
  5
29
330
8
100
AcDbSymbolTableRecord
100
AcDbViewportTableRecord
  2
*Active
 70
     0
 10
0.0
 20
0.0
 11
1.0
 21
1.0
 12
-1249.6949865503
 22
-839.3698005087
 13
0.0
 23
0.0
 14
10.0
 24
10.0
 15
10.0
 25
10.0
 16
0.0
 26
0.0
 36
1.0
 17
0.0
 27
0.0
 37
0.0
 40
122.4001557346
 41
0.7583323685
 42
50.0
 43
0.0
 44
0.0
 50
0.0
 51
0.0
 71
     0
 72
   100
 73
     1
 74
     3
 75
     0
 76
     0
 77
     0
 78
     0
281
     0
 65
     1
110
0.0
120
0.0
130
0.0
111
1.0
121
0.0
131
0.0
112
0.0
122
1.0
132
0.0
 79
     0
146
0.0
  0
ENDTAB
  0
TABLE
  2
LTYPE
  5
5
330
0
100
AcDbSymbolTable
 70
     6
  0
LTYPE
  5
14
330
5
100
AcDbSymbolTableRecord
100
AcDbLinetypeTableRecord
  2
ByBlock
 70
     0
  3

 72
    65
 73
     0
 40
0.0
  0
LTYPE
  5
15
330
5
100
AcDbSymbolTableRecord
100
AcDbLinetypeTableRecord
  2
ByLayer
 70
     0
  3

 72
    65
 73
     0
 40
0.0
  0
LTYPE
  5
16
330
5
100
AcDbSymbolTableRecord
100
AcDbLinetypeTableRecord
  2
Continuous
 70
     0
  3
Solid line
 72
    65
 73
     0
 40
0.0
  0
LTYPE
  5
5E
330
5
100
AcDbSymbolTableRecord
100
AcDbLinetypeTableRecord
  2
HIDDEN
 70
     0
  3
Hidden __ __ __ __ __ __ __ __ __ __ __ __ __ __
 72
    65
 73
     2
 40
1.905
 49
1.27
 74
     0
 49
-0.635
 74
     0
  0
LTYPE
  5
5F
330
5
100
AcDbSymbolTableRecord
100
AcDbLinetypeTableRecord
  2
PHANTOM
 70
     0
  3
Phantom ______  __  __  ______  __  __  ______
 72
    65
 73
     6
 40
12.7
 49
6.35
 74
     0
 49
-1.27
 74
     0
 49
1.27
 74
     0
 49
-1.27
 74
     0
 49
1.27
 74
     0
 49
-1.27
 74
     0
  0
LTYPE
  5
60
330
5
100
AcDbSymbolTableRecord
100
AcDbLinetypeTableRecord
  2
CENTER
 70
     0
  3
Center ____ _ ____ _ ____ _ ____ _ ____ _ ____
 72
    65
 73
     4
 40
10.16
 49
6.35
 74
     0
 49
-1.27
 74
     0
 49
1.27
 74
     0
 49
-1.27
 74
     0
  0
LTYPE
  5
61
330
5
100
AcDbSymbolTableRecord
100
AcDbLinetypeTableRecord
  2
CENTERX2
 70
     0
  3
Center (2x) ________  __  ________  __  _____
 72
    65
 73
     4
 40
20.32
 49
12.7
 74
     0
 49
-2.54
 74
     0
 49
2.54
 74
     0
 49
-2.54
 74
     0
  0
LTYPE
  5
62
330
5
100
AcDbSymbolTableRecord
100
AcDbLinetypeTableRecord
  2
DOT2
 70
     0
  3
Dot (.5x) ........................................
 72
    65
 73
     2
 40
0.635
 49
0.0
 74
     0
 49
-0.635
 74
     0
  0
ENDTAB
  0
TABLE
  2
LAYER
  5
2
330
0
100
AcDbSymbolTable
 70
     1
  0
LAYER
  5
10
330
2
100
AcDbSymbolTableRecord
100
AcDbLayerTableRecord
  2
0
 70
     0
 62
     7
  6
Continuous
370
    -3
390
F
  0
ENDTAB
  0
TABLE
  2
STYLE
  5
3
330
0
100
AcDbSymbolTable
 70
     2
  0
STYLE
  5
11
330
3
100
AcDbSymbolTableRecord
100
AcDbTextStyleTableRecord
  2
Standard
 70
     0
 40
0.0
 41
1.0
 50
0.0
 71
     0
 42
3.5
  3
txt
  4

  0
STYLE
  5
20A
330
3
100
AcDbSymbolTableRecord
100
AcDbTextStyleTableRecord
  2
SLDTEXTSTYLE0
 70
     0
 40
0.0
 41
0.7
 50
0.0
 71
     0
 42
3.5
  3
TXT
  4

  0
ENDTAB
  0
TABLE
  2
VIEW
  5
6
330
0
100
AcDbSymbolTable
 70
     0
  0
ENDTAB
  0
TABLE
  2
UCS
  5
7
330
0
100
AcDbSymbolTable
 70
     0
  0
ENDTAB
  0
TABLE
  2
APPID
  5
9
330
0
100
AcDbSymbolTable
 70
     1
  0
APPID
  5
12
330
9
100
AcDbSymbolTableRecord
100
AcDbRegAppTableRecord
  2
ACAD
 70
     0
  0
ENDTAB
  0
TABLE
  2
DIMSTYLE
  5
A
330
0
100
AcDbSymbolTable
 70
     1
100
AcDbDimStyleTable
  0
DIMSTYLE
105
27
330
A
100
AcDbSymbolTableRecord
100
AcDbDimStyleTableRecord
  2
ISO-25
 70
     0
 41
2.5
 42
0.625
 43
3.75
 44
1.25
 73
     0
 74
     0
 77
     1
 78
     8
140
2.5
141
2.5
143
0.0393700787
147
0.625
171
     3
172
     1
178
     0
271
     2
272
     2
274
     3
278
    44
283
     0
284
     8
340
11
  0
ENDTAB
  0
TABLE
  2
BLOCK_RECORD
  5
1
330
0
100
AcDbSymbolTable
 70
     1
  0
BLOCK_RECORD
  5
1F
330
1
100
AcDbSymbolTableRecord
100
AcDbBlockTableRecord
  2
*Model_Space
340
22
  0
BLOCK_RECORD
  5
1B
330
1
100
AcDbSymbolTableRecord
100
AcDbBlockTableRecord
  2
*Paper_Space
340
1E
  0
BLOCK_RECORD
  5
23
330
1
100
AcDbSymbolTableRecord
100
AcDbBlockTableRecord
  2
*Paper_Space0
340
26
  0
ENDTAB
  0
ENDSEC
  0
SECTION
  2
BLOCKS
  0
BLOCK
  5
20
330
1F
100
AcDbEntity
  8
0
100
AcDbBlockBegin
  2
*Model_Space
 70
     0
 10
0.0
 20
0.0
 30
0.0
  3
*Model_Space
  1

  0
ENDBLK
  5
21
330
1F
100
AcDbEntity
  8
0
100
AcDbBlockEnd
  0
BLOCK
  5
1C
330
1B
100
AcDbEntity
 67
     1
  8
0
100
AcDbBlockBegin
  2
*Paper_Space
 70
     0
 10
0.0
 20
0.0
 30
0.0
  3
*Paper_Space
  1

  0
ENDBLK
  5
1D
330
1B
100
AcDbEntity
 67
     1
  8
0
100
AcDbBlockEnd
  0
BLOCK
  5
24
330
23
100
AcDbEntity
  8
0
100
AcDbBlockBegin
  2
*Paper_Space0
 70
     0
 10
0.0
 20
0.0
 30
0.0
  3
*Paper_Space0
  1

  0
ENDBLK
  5
25
330
23
100
AcDbEntity
  8
0
100
AcDbBlockEnd
  0
ENDSEC
  0
SECTION
  2
ENTITIES
  0
LINE
  5
63
330
1F
100
AcDbEntity
  8
0
  6
CENTERX2
 62
     7
100
AcDbLine
 10
-1254.8424325714
 20
-779.3698771834
 30
0.0
 11
-1254.8424325714
 21
-899.3698768491
 31
0.0
  0
LWPOLYLINE
  5
64
330
1F
100
AcDbEntity
  8
0
  6
Continuous
 62
     7
100
AcDbPolyline
 90
       24
 70
   128
 43
0.0
 10
-1251.3424325714
 20
-813.0750052947
 10
-1251.3424325714
 20
-813.7032104211
 10
-1251.3424325714
 20
-813.7032104211
 10
-1252.6885864176
 20
-813.7032104211
 10
-1252.6885864176
 20
-813.7032104211
 10
-1252.6885864176
 20
-814.9147488793
 10
-1252.6885864176
 20
-814.9147488793
 10
-1251.3424325714
 20
-814.9147488793
 10
-1251.3424325714
 20
-814.9147488793
 10
-1251.3424325714
 20
-815.5429540057
 10
-1251.3424325714
 20
-815.5429540057
 10
-1254.8424325714
 20
-815.5429540057
 10
-1254.8424325714
 20
-815.5429540057
 10
-1254.8424325714
 20
-814.9147488793
 10
-1254.8424325714
 20
-814.9147488793
 10
-1253.3167915458
 20
-814.9147488793
 10
-1253.3167915458
 20
-814.9147488793
 10
-1253.3167915458
 20
-813.7032104211
 10
-1253.3167915458
 20
-813.7032104211
 10
-1254.8424325714
 20
-813.7032104211
 10
-1254.8424325714
 20
-813.7032104211
 10
-1254.8424325714
 20
-813.0750052947
 10
-1254.8424325714
 20
-813.0750052947
 10
-1251.3424325714
 20
-813.0750052947
  0
LWPOLYLINE
  5
65
330
1F
100
AcDbEntity
  8
0
  6
Continuous
 62
     7
100
AcDbPolyline
 90
      144
 70
   128
 43
0.0
 10
-1251.9496040458
 20
-819.4916719434
 10
-1252.389908533
 20
-819.0310349255
 10
-1252.389908533
 20
-819.0310349255
 10
-1252.2707178278
 20
-818.9118442207
 10
-1252.1669518022
 20
-818.7884467852
 10
-1252.0800126996
 20
-818.6622448624
 10
-1252.0077971548
 20
-818.5318362089
 10
-1251.952408533
 20
-818.3979219465
 10
-1251.9124445907
 20
-818.2598009533
 10
-1251.8886064496
 20
-818.1188754729
 10
-1251.8808941099
 20
-817.9737432618
 10
-1251.8808941099
 20
-817.9737432618
 10
-1251.8865030843
 20
-817.8524491916
 10
-1251.9026288855
 20
-817.7353618522
 10
-1251.9299726355
 20
-817.6238834871
 10
-1251.9678332125
 20
-817.5173129746
 10
-1252.0169117381
 20
-817.4149491928
 10
-1252.0765070907
 20
-817.3181943854
 10
-1252.1473203919
 20
-817.2256463087
 10
-1252.2286505202
 20
-817.1387072064
 10
-1252.3176929881
 20
-817.0594804438
 10
-1252.4123444304
 20
-816.9900693863
 10
-1252.5119037253
 20
-816.9318762775
 10
-1252.6163708727
 20
-816.8841999956
 10
-1252.7257458727
 20
-816.8470405406
 10
-1252.8407298471
 20
-816.8203979124
 10
-1252.960621674
 20
-816.804973233
 10
-1253.0854213535
 20
-816.7993642586
 10
-1253.0854213535
 20
-816.7993642586
 10
-1253.1730615778
 20
-816.801467624
 10
-1253.257897315
 20
-816.8084788419
 10
-1253.3406296868
 20
-816.8203979124
 10
-1253.4205575714
 20
-816.8372248355
 10
-1253.4976809689
 20
-816.8582584892
 10
-1253.5727010009
 20
-816.8841999956
 10
-1253.6456176676
 20
-816.9150493545
 10
-1253.7157298471
 20
-816.9501054441
 10
-1253.7823364176
 20
-816.9893682645
 10
-1253.8454373791
 20
-817.0328378157
 10
-1253.9050327317
 20
-817.0805140976
 10
-1253.9611224753
 20
-817.1309948667
 10
-1254.0130054881
 20
-817.1863834883
 10
-1254.0613828919
 20
-817.2452777189
 10
-1254.1062546868
 20
-817.3083786803
 10
-1254.1476208727
 20
-817.3749852506
 10
-1254.1840792061
 20
-817.4443963081
 10
-1254.2163308086
 20
-817.515910731
 10
-1254.2429734368
 20
-817.5895285193
 10
-1254.2647082125
 20
-817.6652496729
 10
-1254.2822362573
 20
-817.7423730701
 10
-1254.2941553278
 20
-817.8215998327
 10
-1254.3018676676
 20
-817.9029299607
 10
-1254.303971033
 20
-817.9856623323
 10
-1254.303971033
 20
-817.9856623323
 10
-1254.296959815
 20
-818.1258866908
 10
-1254.276627283
 20
-818.2598009533
 10
-1254.242272315
 20
-818.3881062414
 10
-1254.194596033
 20
-818.5101014334
 10
-1254.1644477958
 20
-818.5703979076
 10
-1254.1279894625
 20
-818.6313955035
 10
-1254.0866232766
 20
-818.6944964649
 10
-1254.0396481163
 20
-818.7589996698
 10
-1253.9870639817
 20
-818.8249051184
 10
-1253.9281697509
 20
-818.8922128105
 10
-1253.8643676676
 20
-818.9609227462
 10
-1253.7949566099
 20
-819.0310349255
 10
-1253.7949566099
 20
-819.0310349255
 10
-1254.2640070907
 20
-819.4776495076
 10
-1254.2640070907
 20
-819.4776495076
 10
-1254.3544518022
 20
-819.3829980655
 10
-1254.4378852958
 20
-819.2904499889
 10
-1254.5136064496
 20
-819.198603034
 10
-1254.5830175073
 20
-819.1081583227
 10
-1254.6447162253
 20
-819.019115855
 10
-1254.6987026035
 20
-818.9314756309
 10
-1254.7463788855
 20
-818.8445365286
 10
-1254.7863428278
 20
-818.7597007916
 10
-1254.8206977958
 20
-818.6734628111
 10
-1254.8501449112
 20
-818.5844203434
 10
-1254.8753852958
 20
-818.4925733885
 10
-1254.8957178278
 20
-818.3979219465
 10
-1254.9118436291
 20
-818.2997648955
 10
-1254.9230615778
 20
-818.1988033573
 10
-1254.9300727958
 20
-818.095037332
 10
-1254.9321761612
 20
-817.9884668194
 10
-1254.9321761612
 20
-817.9884668194
 10
-1254.9237626996
 20
-817.7928538392
 10
-1254.8999245586
 20
-817.6070565641
 10
-1254.8592594945
 20
-817.4296727505
 10
-1254.8024686291
 20
-817.2614035202
 10
-1254.7295519625
 20
-817.102949995
 10
-1254.6405094945
 20
-816.9529099313
 10
-1254.5353412253
 20
-816.8119844509
 10
-1254.4140471548
 20
-816.6801735538
 10
-1254.2801328919
 20
-816.560982849
 10
-1254.1371040458
 20
-816.4572168237
 10
-1253.9842594945
 20
-816.3702777214
 10
-1253.8230014817
 20
-816.2980621767
 10
-1253.6526288855
 20
-816.2426735551
 10
-1253.4731417061
 20
-816.2027096129
 10
-1253.2845399432
 20
-816.1788714719
 10
-1253.0868235971
 20
-816.1711591322
 10
-1253.0868235971
 20
-816.1711591322
 10
-1252.9578171868
 20
-816.1746647412
 10
-1252.8316152637
 20
-816.1858826898
 10
-1252.7103211932
 20
-816.2041118565
 10
-1252.5918316099
 20
-816.229352241
 10
-1252.4775487573
 20
-816.2616038435
 10
-1252.3660703919
 20
-816.3015677857
 10
-1252.2594998791
 20
-816.3485429458
 10
-1252.1557338535
 20
-816.4032304456
 10
-1252.0561745586
 20
-816.4642280416
 10
-1251.9622242381
 20
-816.5315357337
 10
-1251.8724806484
 20
-816.605153522
 10
-1251.788346033
 20
-816.6850814064
 10
-1251.7091192702
 20
-816.7713193869
 10
-1251.6348003599
 20
-816.8631663418
 10
-1251.5653893022
 20
-816.9620245146
 10
-1251.5008860971
 20
-817.0671927835
 10
-1251.4426929881
 20
-817.1758666614
 10
-1251.3922122189
 20
-817.2873450265
 10
-1251.3494437894
 20
-817.4002256352
 10
-1251.3143876996
 20
-817.515910731
 10
-1251.2877450714
 20
-817.6329980704
 10
-1251.2681136612
 20
-817.752889897
 10
-1251.2568957125
 20
-817.8741839672
 10
-1251.2526889817
 20
-817.9982825245
 10
-1251.2526889817
 20
-817.9982825245
 10
-1251.2554934689
 20
-818.1041519153
 10
-1251.2639069304
 20
-818.2086190624
 10
-1251.2779293663
 20
-818.311683966
 10
-1251.2982618984
 20
-818.4147488695
 10
-1251.323502283
 20
-818.5164115295
 10
-1251.3550527637
 20
-818.6166719459
 10
-1251.3915110971
 20
-818.7162312405
 10
-1251.4342795266
 20
-818.8150894133
 10
-1251.4819558086
 20
-818.9118442207
 10
-1251.5345399432
 20
-819.0043922974
 10
-1251.5913308086
 20
-819.0941358869
 10
-1251.6537306484
 20
-819.1803738674
 10
-1251.7203372189
 20
-819.263106239
 10
-1251.7918516419
 20
-819.3430341234
 10
-1251.8682739176
 20
-819.418755277
 10
-1251.9496040458
 20
-819.4916719434
  0
LWPOLYLINE
  5
66
330
1F
100
AcDbEntity
  8
0
  6
Continuous
 62
     7
100
AcDbPolyline
 90
       92
 70
   128
 43
0.0
 10
-1251.3424325714
 20
-820.1198770699
 10
-1251.3424325714
 20
-820.7480821964
 10
-1251.3424325714
 20
-820.7480821964
 10
-1253.6196761612
 20
-820.7480821964
 10
-1253.6196761612
 20
-820.7480821964
 10
-1253.6904894625
 20
-820.7487833182
 10
-1253.7563949112
 20
-820.7515878053
 10
-1253.8159902637
 20
-820.7550934143
 10
-1253.8706777637
 20
-820.7607023886
 10
-1253.9204574112
 20
-820.7684147284
 10
-1253.9646280843
 20
-820.7768281899
 10
-1254.003189783
 20
-820.7873450168
 10
-1254.0361425073
 20
-820.7992640872
 10
-1254.0943356163
 20
-820.8287112025
 10
-1254.1455175073
 20
-820.8672729012
 10
-1254.1917915458
 20
-820.9135469395
 10
-1254.2310543663
 20
-820.9682344393
 10
-1254.2626048471
 20
-821.0299331571
 10
-1254.2857418663
 20
-821.097941971
 10
-1254.2990631804
 20
-821.1722608811
 10
-1254.303971033
 20
-821.2521887655
 10
-1254.303971033
 20
-821.2521887655
 10
-1254.2990631804
 20
-821.3370245024
 10
-1254.2836385009
 20
-821.416251265
 10
-1254.2583981163
 20
-821.4891679315
 10
-1254.2226409048
 20
-821.5557745018
 10
-1254.1791713535
 20
-821.6146687324
 10
-1254.1300928278
 20
-821.6630461361
 10
-1254.0761064496
 20
-821.7023089565
 10
-1254.0158099753
 20
-821.7317560718
 10
-1253.9807538855
 20
-821.7429740205
 10
-1253.9386865778
 20
-821.7527897256
 10
-1253.8896080522
 20
-821.7612031871
 10
-1253.8328171868
 20
-821.7682144051
 10
-1253.7697162253
 20
-821.7731222576
 10
-1253.698902924
 20
-821.7773289884
 10
-1253.6210784048
 20
-821.7794323537
 10
-1253.5362426676
 20
-821.7801334755
 10
-1253.5362426676
 20
-821.7801334755
 10
-1251.3424325714
 20
-821.7801334755
 10
-1251.3424325714
 20
-821.7801334755
 10
-1251.3424325714
 20
-822.408338602
 10
-1251.3424325714
 20
-822.408338602
 10
-1253.4303732766
 20
-822.408338602
 10
-1253.4303732766
 20
-822.408338602
 10
-1253.5572763214
 20
-822.4076374802
 10
-1253.6743636612
 20
-822.404832993
 10
-1253.780934174
 20
-822.3999251405
 10
-1253.8776889817
 20
-822.3936150443
 10
-1253.9639269625
 20
-822.3859027046
 10
-1254.0403492381
 20
-822.3760869995
 10
-1254.1069558086
 20
-822.364167929
 10
-1254.1630455522
 20
-822.350846615
 10
-1254.2647082125
 20
-822.3157905253
 10
-1254.3642675073
 20
-822.2674131216
 10
-1254.4624245586
 20
-822.2057144038
 10
-1254.5584782445
 20
-822.1313954938
 10
-1254.6475207125
 20
-822.0472608786
 10
-1254.7246441099
 20
-821.9568161674
 10
-1254.789147315
 20
-821.8607624817
 10
-1254.8410303278
 20
-821.7583987
 10
-1254.8809942702
 20
-821.6483225785
 10
-1254.9090391419
 20
-821.5291318737
 10
-1254.9265671868
 20
-821.4022288292
 10
-1254.9321761612
 20
-821.2662112013
 10
-1254.9321761612
 20
-821.2662112013
 10
-1254.929371674
 20
-821.17576649
 10
-1254.9209582125
 20
-821.0881262659
 10
-1254.9076368984
 20
-821.0039916508
 10
-1254.8887066099
 20
-820.9226615228
 10
-1254.8641673471
 20
-820.844135882
 10
-1254.8340191099
 20
-820.7684147284
 10
-1254.7982618984
 20
-820.6961991837
 10
-1254.7575968343
 20
-820.6267881262
 10
-1254.7127250394
 20
-820.5608826777
 10
-1254.6643476355
 20
-820.4998850817
 10
-1254.6138668663
 20
-820.4437953382
 10
-1254.5605816099
 20
-820.3926134474
 10
-1254.5044918663
 20
-820.346339409
 10
-1254.4455976355
 20
-820.3049732232
 10
-1254.3838989176
 20
-820.26851489
 10
-1254.3193957125
 20
-820.2369644093
 10
-1254.2478812894
 20
-820.2096206594
 10
-1254.1651489176
 20
-820.1857825184
 10
-1254.0711985971
 20
-820.1654499864
 10
-1253.9653292061
 20
-820.1493241852
 10
-1253.8489429881
 20
-820.1360028711
 10
-1253.7206376996
 20
-820.1268882878
 10
-1253.5811144625
 20
-820.1219804353
 10
-1253.4303732766
 20
-820.1198770699
 10
-1253.4303732766
 20
-820.1198770699
 10
-1251.3424325714
 20
-820.1198770699
  0
LWPOLYLINE
  5
67
330
1F
100
AcDbEntity
  8
0
  6
Continuous
 62
     7
100
AcDbPolyline
 90
       58
 70
   128
 43
0.0
 10
-1251.3424325714
 20
-823.2160309074
 10
-1251.3424325714
 20
-823.9480020592
 10
-1251.3424325714
 20
-823.9480020592
 10
-1251.343834815
 20
-824.0931342704
 10
-1251.3487426676
 20
-824.2270485328
 10
-1251.3564550073
 20
-824.3504459684
 10
-1251.3676729561
 20
-824.4626254552
 10
-1251.3823965137
 20
-824.564989237
 10
-1251.3999245586
 20
-824.6554339483
 10
-1251.4202570907
 20
-824.7353618327
 10
-1251.4440952317
 20
-824.8047728902
 10
-1251.4714389817
 20
-824.8671727298
 10
-1251.5029894625
 20
-824.9260669604
 10
-1251.538746674
 20
-824.981455582
 10
-1251.5787106163
 20
-825.0347408383
 10
-1251.6228812894
 20
-825.0845204856
 10
-1251.6712586932
 20
-825.1307945239
 10
-1251.7238428278
 20
-825.1742640751
 10
-1251.7806336932
 20
-825.214929139
 10
-1251.8409301676
 20
-825.2513874723
 10
-1251.9033300073
 20
-825.282937953
 10
-1251.9692354561
 20
-825.3095805811
 10
-1252.0372442702
 20
-825.3313153567
 10
-1252.1080575714
 20
-825.3481422797
 10
-1252.1816753599
 20
-825.3600613502
 10
-1252.2573965137
 20
-825.3677736899
 10
-1252.3366232766
 20
-825.3698770553
 10
-1252.3366232766
 20
-825.3698770553
 10
-1252.4193556484
 20
-825.3670725681
 10
-1252.4985824112
 20
-825.3600613502
 10
-1252.574303565
 20
-825.3474411579
 10
-1252.6465191099
 20
-825.3292119913
 10
-1252.7159301676
 20
-825.3067760939
 10
-1252.7811344945
 20
-825.2787312222
 10
-1252.8435343343
 20
-825.2457784979
 10
-1252.9017274432
 20
-825.2079179211
 10
-1252.957116065
 20
-825.1651494917
 10
-1253.0082979561
 20
-825.116772088
 10
-1253.0566753599
 20
-825.0634868318
 10
-1253.100846033
 20
-825.0045926012
 10
-1253.1422122189
 20
-824.940790518
 10
-1253.1800727958
 20
-824.8720805823
 10
-1253.2144277637
 20
-824.7984627941
 10
-1253.2452771227
 20
-824.7192360315
 10
-1253.2452771227
 20
-824.7192360315
 10
-1254.8424325714
 20
-825.5269283369
 10
-1254.8424325714
 20
-825.5269283369
 10
-1254.8424325714
 20
-824.8286110311
 10
-1254.8424325714
 20
-824.8286110311
 10
-1253.3167915458
 20
-824.0573770589
 10
-1253.3167915458
 20
-824.0573770589
 10
-1253.3167915458
 20
-823.8442360339
 10
-1253.3167915458
 20
-823.8442360339
 10
-1254.8424325714
 20
-823.8442360339
 10
-1254.8424325714
 20
-823.8442360339
 10
-1254.8424325714
 20
-823.2160309074
 10
-1254.8424325714
 20
-823.2160309074
 10
-1251.3424325714
 20
-823.2160309074
  0
LWPOLYLINE
  5
68
330
1F
100
AcDbEntity
  8
0
  6
Continuous
 62
     7
100
AcDbPolyline
 90
       40
 70
   128
 43
0.0
 10
-1252.6885864176
 20
-823.8442360339
 10
-1252.6885864176
 20
-824.0889275396
 10
-1252.6885864176
 20
-824.0889275396
 10
-1252.687184174
 20
-824.1786711291
 10
-1252.683678565
 20
-824.2607023789
 10
-1252.6766673471
 20
-824.3357224107
 10
-1252.6675527637
 20
-824.4030301028
 10
-1252.656334815
 20
-824.463326577
 10
-1252.6416112573
 20
-824.5166118333
 10
-1252.6247843343
 20
-824.5628858716
 10
-1252.605152924
 20
-824.6014475702
 10
-1252.5827170266
 20
-824.6344002945
 10
-1252.5567755202
 20
-824.6624451662
 10
-1252.5273284048
 20
-824.686984429
 10
-1252.4943756804
 20
-824.7066158392
 10
-1252.4579173471
 20
-824.7220405186
 10
-1252.4179534048
 20
-824.7325573455
 10
-1252.3751849753
 20
-824.7395685634
 10
-1252.328209815
 20
-824.7416719288
 10
-1252.328209815
 20
-824.7416719288
 10
-1252.2728211932
 20
-824.7374651981
 10
-1252.2209381804
 20
-824.724143884
 10
-1252.1732618984
 20
-824.7024091084
 10
-1252.1290912253
 20
-824.6722608713
 10
-1252.0898284048
 20
-824.6344002945
 10
-1252.0561745586
 20
-824.5909307433
 10
-1252.0288308086
 20
-824.5418522178
 10
-1252.0077971548
 20
-824.4864635962
 10
-1251.9993836932
 20
-824.4542119937
 10
-1251.9916713535
 20
-824.4156502951
 10
-1251.9853612573
 20
-824.3714796222
 10
-1251.979752283
 20
-824.3209988531
 10
-1251.9755455522
 20
-824.2642079878
 10
-1251.972741065
 20
-824.2018081483
 10
-1251.9713388214
 20
-824.1330982126
 10
-1251.9706376996
 20
-824.0580781807
 10
-1251.9706376996
 20
-824.0580781807
 10
-1251.9706376996
 20
-823.8442360339
 10
-1251.9706376996
 20
-823.8442360339
 10
-1252.6885864176
 20
-823.8442360339
  0
LWPOLYLINE
  5
69
330
1F
100
AcDbEntity
  8
0
  6
Continuous
 62
     7
100
AcDbPolyline
 90
       24
 70
   128
 43
0.0
 10
-1251.3424325714
 20
-827.3891078189
 10
-1251.3424325714
 20
-828.0173129453
 10
-1251.3424325714
 20
-828.0173129453
 10
-1252.6885864176
 20
-828.0173129453
 10
-1252.6885864176
 20
-828.0173129453
 10
-1252.6885864176
 20
-829.2288514035
 10
-1252.6885864176
 20
-829.2288514035
 10
-1251.3424325714
 20
-829.2288514035
 10
-1251.3424325714
 20
-829.2288514035
 10
-1251.3424325714
 20
-829.85705653
 10
-1251.3424325714
 20
-829.85705653
 10
-1254.8424325714
 20
-829.85705653
 10
-1254.8424325714
 20
-829.85705653
 10
-1254.8424325714
 20
-829.2288514035
 10
-1254.8424325714
 20
-829.2288514035
 10
-1253.3167915458
 20
-829.2288514035
 10
-1253.3167915458
 20
-829.2288514035
 10
-1253.3167915458
 20
-828.0173129453
 10
-1253.3167915458
 20
-828.0173129453
 10
-1254.8424325714
 20
-828.0173129453
 10
-1254.8424325714
 20
-828.0173129453
 10
-1254.8424325714
 20
-827.3891078189
 10
-1254.8424325714
 20
-827.3891078189
 10
-1251.3424325714
 20
-827.3891078189
  0
LWPOLYLINE
  5
6A
330
1F
100
AcDbEntity
  8
0
  6
Continuous
 62
     7
100
AcDbPolyline
 90
       59
 70
   128
 43
0.0
 10
-1251.3424325714
 20
-830.6647488354
 10
-1251.3424325714
 20
-831.3658706283
 10
-1251.3424325714
 20
-831.3658706283
 10
-1251.343834815
 20
-831.5032904997
 10
-1251.3487426676
 20
-831.630894666
 10
-1251.3571561291
 20
-831.7479820055
 10
-1251.3683740778
 20
-831.8559547616
 10
-1251.3830976355
 20
-831.9534106908
 10
-1251.4006256804
 20
-832.0410509149
 10
-1251.4216593343
 20
-832.1188754339
 10
-1251.4461985971
 20
-832.1868842478
 10
-1251.4742434689
 20
-832.2478818438
 10
-1251.5057939496
 20
-832.3060749526
 10
-1251.542252283
 20
-832.3607624525
 10
-1251.5815151035
 20
-832.4119443434
 10
-1251.6256857766
 20
-832.4596206253
 10
-1251.6733620586
 20
-832.50449242
 10
-1251.7252450714
 20
-832.5458586058
 10
-1251.781334815
 20
-832.5837191826
 10
-1251.8409301676
 20
-832.6180741505
 10
-1251.9026288855
 20
-832.6475212658
 10
-1251.9678332125
 20
-832.6720605285
 10
-1252.0358420266
 20
-832.6923930605
 10
-1252.1066553278
 20
-832.7085188618
 10
-1252.1802731163
 20
-832.7197368104
 10
-1252.2573965137
 20
-832.7267480284
 10
-1252.3366232766
 20
-832.7288513938
 10
-1252.3366232766
 20
-832.7288513938
 10
-1252.4242635009
 20
-832.7260469066
 10
-1252.5083981163
 20
-832.7169323233
 10
-1252.5883260009
 20
-832.7015076438
 10
-1252.6647482766
 20
-832.68047399
 10
-1252.7376649432
 20
-832.6531302401
 10
-1252.8063748791
 20
-832.6194763941
 10
-1252.8715792061
 20
-832.5802135737
 10
-1252.9325768022
 20
-832.5346406571
 10
-1252.9900687894
 20
-832.4834587662
 10
-1253.042652924
 20
-832.4287712664
 10
-1253.0903292061
 20
-832.369175914
 10
-1253.1337987573
 20
-832.304672709
 10
-1253.1730615778
 20
-832.2366638951
 10
-1253.2081176676
 20
-832.1644483505
 10
-1253.2382659048
 20
-832.0873249532
 10
-1253.2635062894
 20
-832.0059948253
 10
-1253.2635062894
 20
-832.0059948253
 10
-1253.2761264817
 20
-831.9520084472
 10
-1253.2866433086
 20
-831.888206364
 10
-1253.2957578919
 20
-831.813887454
 10
-1253.3034702317
 20
-831.7297528388
 10
-1253.3090792061
 20
-831.6358025186
 10
-1253.3132859368
 20
-831.5313353714
 10
-1253.316090424
 20
-831.4170525192
 10
-1253.3167915458
 20
-831.2929539619
 10
-1253.3167915458
 20
-831.2929539619
 10
-1254.8424325714
 20
-831.2929539619
 10
-1254.8424325714
 20
-831.2929539619
 10
-1254.8424325714
 20
-830.6647488354
 10
-1254.8424325714
 20
-830.6647488354
 10
-1251.3424325714
 20
-830.6647488354
  0
LWPOLYLINE
  5
6B
330
1F
100
AcDbEntity
  8
0
  6
Continuous
 62
     7
100
AcDbPolyline
 90
       37
 70
   128
 43
0.0
 10
-1252.6885864176
 20
-831.2929539619
 10
-1252.6885864176
 20
-831.5152095702
 10
-1252.6885864176
 20
-831.5152095702
 10
-1252.6864830522
 20
-831.6365036404
 10
-1252.6794718343
 20
-831.7381663004
 10
-1252.6682538855
 20
-831.8194964283
 10
-1252.6528292061
 20
-831.8804940243
 10
-1252.6317955522
 20
-831.928871428
 10
-1252.605152924
 20
-831.9716398574
 10
-1252.5729013214
 20
-832.0095004342
 10
-1252.5350407445
 20
-832.0417520367
 10
-1252.4915711932
 20
-832.067693543
 10
-1252.4438949112
 20
-832.0859227096
 10
-1252.3920118984
 20
-832.0971406583
 10
-1252.3359221548
 20
-832.1006462673
 10
-1252.3359221548
 20
-832.1006462673
 10
-1252.2868436291
 20
-832.0978417801
 10
-1252.2412707125
 20
-832.0901294404
 10
-1252.1992034048
 20
-832.0775092481
 10
-1252.1599405843
 20
-832.0592800815
 10
-1252.1248844945
 20
-832.0361430624
 10
-1252.0933340137
 20
-832.0080981906
 10
-1252.0645880202
 20
-831.9744443446
 10
-1252.0400487573
 20
-831.935882646
 10
-1252.0400487573
 20
-831.935882646
 10
-1252.0239229561
 20
-831.9022287999
 10
-1252.0099005202
 20
-831.8629659795
 10
-1251.9979814496
 20
-831.8166919412
 10
-1251.9881657445
 20
-831.7641078067
 10
-1251.9804534048
 20
-831.7052135761
 10
-1251.9748444304
 20
-831.6400092494
 10
-1251.9720399432
 20
-831.5684948265
 10
-1251.9706376996
 20
-831.4906703075
 10
-1251.9706376996
 20
-831.4906703075
 10
-1251.9706376996
 20
-831.2929539619
 10
-1251.9706376996
 20
-831.2929539619
 10
-1252.6885864176
 20
-831.2929539619
  0
CIRCLE
  5
6C
330
1F
100
AcDbEntity
  8
0
  6
Continuous
 62
     7
100
AcDbCircle
 10
-1253.0800256545
 20
-835.0388755458
 30
0.0
 40
1.827353682555509
  0
CIRCLE
  5
6D
330
1F
100
AcDbEntity
  8
0
  6
Continuous
 62
     7
100
AcDbCircle
 10
-1253.0775571251
 20
-835.0430518846
 30
0.0
 40
1.196678601024777
  0
LWPOLYLINE
  5
6E
330
1F
100
AcDbEntity
  8
0
  6
Continuous
 62
     7
100
AcDbPolyline
 90
       16
 70
   128
 43
0.0
 10
-1251.3424325714
 20
-837.1262872789
 10
-1251.3424325714
 20
-839.0109026583
 10
-1251.3424325714
 20
-839.0109026583
 10
-1251.9706376996
 20
-839.0109026583
 10
-1251.9706376996
 20
-839.0109026583
 10
-1251.9706376996
 20
-838.3826975319
 10
-1251.9706376996
 20
-838.3826975319
 10
-1254.8424325714
 20
-838.3826975319
 10
-1254.8424325714
 20
-838.3826975319
 10
-1254.8424325714
 20
-837.7544924054
 10
-1254.8424325714
 20
-837.7544924054
 10
-1251.9706376996
 20
-837.7544924054
 10
-1251.9706376996
 20
-837.7544924054
 10
-1251.9706376996
 20
-837.1262872789
 10
-1251.9706376996
 20
-837.1262872789
 10
-1251.3424325714
 20
-837.1262872789
  0
LWPOLYLINE
  5
6F
330
1F
100
AcDbEntity
  8
0
  6
Continuous
 62
     7
100
AcDbPolyline
 90
       12
 70
   128
 43
0.0
 10
-1251.3424325714
 20
-840.8506462429
 10
-1251.3424325714
 20
-841.4788513694
 10
-1251.3424325714
 20
-841.4788513694
 10
-1254.2142274432
 20
-841.4788513694
 10
-1254.2142274432
 20
-841.4788513694
 10
-1254.2142274432
 20
-842.4660308538
 10
-1254.2142274432
 20
-842.4660308538
 10
-1254.8424325714
 20
-842.4660308538
 10
-1254.8424325714
 20
-842.4660308538
 10
-1254.8424325714
 20
-840.8506462429
 10
-1254.8424325714
 20
-840.8506462429
 10
-1251.3424325714
 20
-840.8506462429
  0
LWPOLYLINE
  5
70
330
1F
100
AcDbEntity
  8
0
  6
Continuous
 62
     7
100
AcDbPolyline
 90
       59
 70
   128
 43
0.0
 10
-1251.3424325714
 20
-843.0044923908
 10
-1251.3424325714
 20
-843.7056141837
 10
-1251.3424325714
 20
-843.7056141837
 10
-1251.343834815
 20
-843.8430340551
 10
-1251.3487426676
 20
-843.9706382214
 10
-1251.3571561291
 20
-844.0877255608
 10
-1251.3683740778
 20
-844.1956983169
 10
-1251.3830976355
 20
-844.2931542462
 10
-1251.4006256804
 20
-844.3807944703
 10
-1251.4216593343
 20
-844.4586189893
 10
-1251.4461985971
 20
-844.5266278032
 10
-1251.4742434689
 20
-844.5876253992
 10
-1251.5057939496
 20
-844.645818508
 10
-1251.542252283
 20
-844.7005060078
 10
-1251.5815151035
 20
-844.7516878987
 10
-1251.6256857766
 20
-844.7993641806
 10
-1251.6733620586
 20
-844.8442359754
 10
-1251.7252450714
 20
-844.8856021612
 10
-1251.781334815
 20
-844.923462738
 10
-1251.8409301676
 20
-844.9578177058
 10
-1251.9026288855
 20
-844.9872648211
 10
-1251.9678332125
 20
-845.0118040839
 10
-1252.0358420266
 20
-845.0321366159
 10
-1252.1066553278
 20
-845.0482624171
 10
-1252.1802731163
 20
-845.0594803658
 10
-1252.2573965137
 20
-845.0664915837
 10
-1252.3366232766
 20
-845.0685949491
 10
-1252.3366232766
 20
-845.0685949491
 10
-1252.4242635009
 20
-845.065790462
 10
-1252.5083981163
 20
-845.0566758786
 10
-1252.5883260009
 20
-845.0412511992
 10
-1252.6647482766
 20
-845.0202175454
 10
-1252.7376649432
 20
-844.9928737955
 10
-1252.8063748791
 20
-844.9592199494
 10
-1252.8715792061
 20
-844.919957129
 10
-1252.9325768022
 20
-844.8743842125
 10
-1252.9900687894
 20
-844.8232023216
 10
-1253.042652924
 20
-844.7685148218
 10
-1253.0903292061
 20
-844.7089194694
 10
-1253.1337987573
 20
-844.6444162644
 10
-1253.1730615778
 20
-844.5764074505
 10
-1253.2081176676
 20
-844.5041919058
 10
-1253.2382659048
 20
-844.4270685086
 10
-1253.2635062894
 20
-844.3457383806
 10
-1253.2635062894
 20
-844.3457383806
 10
-1253.2761264817
 20
-844.2917520026
 10
-1253.2866433086
 20
-844.2279499194
 10
-1253.2957578919
 20
-844.1536310094
 10
-1253.3034702317
 20
-844.0694963942
 10
-1253.3090792061
 20
-843.975546074
 10
-1253.3132859368
 20
-843.8710789268
 10
-1253.316090424
 20
-843.7567960746
 10
-1253.3167915458
 20
-843.6326975172
 10
-1253.3167915458
 20
-843.6326975172
 10
-1254.8424325714
 20
-843.6326975172
 10
-1254.8424325714
 20
-843.6326975172
 10
-1254.8424325714
 20
-843.0044923908
 10
-1254.8424325714
 20
-843.0044923908
 10
-1251.3424325714
 20
-843.0044923908
  0
LWPOLYLINE
  5
71
330
1F
100
AcDbEntity
  8
0
  6
Continuous
 62
     7
100
AcDbPolyline
 90
       37
 70
   128
 43
0.0
 10
-1252.6885864176
 20
-843.6326975172
 10
-1252.6885864176
 20
-843.8549531256
 10
-1252.6885864176
 20
-843.8549531256
 10
-1252.6864830522
 20
-843.9762471958
 10
-1252.6794718343
 20
-844.0779098557
 10
-1252.6682538855
 20
-844.1592399837
 10
-1252.6528292061
 20
-844.2202375797
 10
-1252.6317955522
 20
-844.2686149834
 10
-1252.605152924
 20
-844.3113834128
 10
-1252.5729013214
 20
-844.3492439896
 10
-1252.5350407445
 20
-844.3814955921
 10
-1252.4915711932
 20
-844.4074370984
 10
-1252.4438949112
 20
-844.425666265
 10
-1252.3920118984
 20
-844.4368842137
 10
-1252.3359221548
 20
-844.4403898227
 10
-1252.3359221548
 20
-844.4403898227
 10
-1252.2868436291
 20
-844.4375853355
 10
-1252.2412707125
 20
-844.4298729958
 10
-1252.1992034048
 20
-844.4172528035
 10
-1252.1599405843
 20
-844.3990236369
 10
-1252.1248844945
 20
-844.3758866177
 10
-1252.0933340137
 20
-844.347841746
 10
-1252.0645880202
 20
-844.3141878999
 10
-1252.0400487573
 20
-844.2756262013
 10
-1252.0400487573
 20
-844.2756262013
 10
-1252.0239229561
 20
-844.2419723553
 10
-1252.0099005202
 20
-844.2027095349
 10
-1251.9979814496
 20
-844.1564354965
 10
-1251.9881657445
 20
-844.1038513621
 10
-1251.9804534048
 20
-844.0449571315
 10
-1251.9748444304
 20
-843.9797528047
 10
-1251.9720399432
 20
-843.9082383818
 10
-1251.9706376996
 20
-843.8304138628
 10
-1251.9706376996
 20
-843.8304138628
 10
-1251.9706376996
 20
-843.6326975172
 10
-1251.9706376996
 20
-843.6326975172
 10
-1252.6885864176
 20
-843.6326975172
  0
CIRCLE
  5
72
330
1F
100
AcDbEntity
  8
0
  6
Continuous
 62
     7
100
AcDbCircle
 10
-1253.0800256545
 20
-847.3786191011
 30
0.0
 40
1.827353682555509
  0
CIRCLE
  5
73
330
1F
100
AcDbEntity
  8
0
  6
Continuous
 62
     7
100
AcDbCircle
 10
-1253.0775571251
 20
-847.38279544
 30
0.0
 40
1.196678601024324
  0
LWPOLYLINE
  5
74
330
1F
100
AcDbEntity
  8
0
  6
Continuous
 62
     7
100
AcDbPolyline
 90
       16
 70
   128
 43
0.0
 10
-1251.3424325714
 20
-849.4660308343
 10
-1251.3424325714
 20
-851.3506462137
 10
-1251.3424325714
 20
-851.3506462137
 10
-1251.9706376996
 20
-851.3506462137
 10
-1251.9706376996
 20
-851.3506462137
 10
-1251.9706376996
 20
-850.7224410872
 10
-1251.9706376996
 20
-850.7224410872
 10
-1254.8424325714
 20
-850.7224410872
 10
-1254.8424325714
 20
-850.7224410872
 10
-1254.8424325714
 20
-850.0942359608
 10
-1254.8424325714
 20
-850.0942359608
 10
-1251.9706376996
 20
-850.0942359608
 10
-1251.9706376996
 20
-850.0942359608
 10
-1251.9706376996
 20
-849.4660308343
 10
-1251.9706376996
 20
-849.4660308343
 10
-1251.3424325714
 20
-849.4660308343
  0
LWPOLYLINE
  5
75
330
1F
100
AcDbEntity
  8
0
  6
Continuous
 62
     7
100
AcDbPolyline
 90
       12
 70
   128
 43
0.0
 10
-1251.3424325714
 20
-853.1903897983
 10
-1251.3424325714
 20
-853.8185949247
 10
-1251.3424325714
 20
-853.8185949247
 10
-1254.2142274432
 20
-853.8185949247
 10
-1254.2142274432
 20
-853.8185949247
 10
-1254.2142274432
 20
-854.8057744092
 10
-1254.2142274432
 20
-854.8057744092
 10
-1254.8424325714
 20
-854.8057744092
 10
-1254.8424325714
 20
-854.8057744092
 10
-1254.8424325714
 20
-853.1903897983
 10
-1254.8424325714
 20
-853.1903897983
 10
-1251.3424325714
 20
-853.1903897983
  0
LWPOLYLINE
  5
76
330
1F
100
AcDbEntity
  8
0
  6
Continuous
 62
     7
100
AcDbPolyline
 90
      144
 70
   128
 43
0.0
 10
-1251.9496040458
 20
-858.4852615784
 10
-1252.389908533
 20
-858.0246245605
 10
-1252.389908533
 20
-858.0246245605
 10
-1252.2707178278
 20
-857.9054338557
 10
-1252.1669518022
 20
-857.7820364201
 10
-1252.0800126996
 20
-857.6558344974
 10
-1252.0077971548
 20
-857.5254258439
 10
-1251.952408533
 20
-857.3915115815
 10
-1251.9124445907
 20
-857.2533905883
 10
-1251.8886064496
 20
-857.1124651079
 10
-1251.8808941099
 20
-856.9673328967
 10
-1251.8808941099
 20
-856.9673328967
 10
-1251.8865030843
 20
-856.8460388266
 10
-1251.9026288855
 20
-856.7289514872
 10
-1251.9299726355
 20
-856.6174731221
 10
-1251.9678332125
 20
-856.5109026096
 10
-1252.0169117381
 20
-856.4085388278
 10
-1252.0765070907
 20
-856.3117840204
 10
-1252.1473203919
 20
-856.2192359437
 10
-1252.2286505202
 20
-856.1322968414
 10
-1252.3176929881
 20
-856.0530700788
 10
-1252.4123444304
 20
-855.9836590213
 10
-1252.5119037253
 20
-855.9254659125
 10
-1252.6163708727
 20
-855.8777896306
 10
-1252.7257458727
 20
-855.8406301755
 10
-1252.8407298471
 20
-855.8139875474
 10
-1252.960621674
 20
-855.798562868
 10
-1253.0854213535
 20
-855.7929538936
 10
-1253.0854213535
 20
-855.7929538936
 10
-1253.1730615778
 20
-855.795057259
 10
-1253.257897315
 20
-855.8020684769
 10
-1253.3406296868
 20
-855.8139875474
 10
-1253.4205575714
 20
-855.8308144704
 10
-1253.4976809689
 20
-855.8518481242
 10
-1253.5727010009
 20
-855.8777896306
 10
-1253.6456176676
 20
-855.9086389894
 10
-1253.7157298471
 20
-855.9436950791
 10
-1253.7823364176
 20
-855.9829578995
 10
-1253.8454373791
 20
-856.0264274506
 10
-1253.9050327317
 20
-856.0741037326
 10
-1253.9611224753
 20
-856.1245845017
 10
-1254.0130054881
 20
-856.1799731233
 10
-1254.0613828919
 20
-856.2388673539
 10
-1254.1062546868
 20
-856.3019683153
 10
-1254.1476208727
 20
-856.3685748856
 10
-1254.1840792061
 20
-856.4379859431
 10
-1254.2163308086
 20
-856.509500366
 10
-1254.2429734368
 20
-856.5831181542
 10
-1254.2647082125
 20
-856.6588393079
 10
-1254.2822362573
 20
-856.7359627051
 10
-1254.2941553278
 20
-856.8151894677
 10
-1254.3018676676
 20
-856.8965195957
 10
-1254.303971033
 20
-856.9792519672
 10
-1254.303971033
 20
-856.9792519672
 10
-1254.296959815
 20
-857.1194763258
 10
-1254.276627283
 20
-857.2533905883
 10
-1254.242272315
 20
-857.3816958764
 10
-1254.194596033
 20
-857.5036910683
 10
-1254.1644477958
 20
-857.5639875425
 10
-1254.1279894625
 20
-857.6249851385
 10
-1254.0866232766
 20
-857.6880860999
 10
-1254.0396481163
 20
-857.7525893048
 10
-1253.9870639817
 20
-857.8184947533
 10
-1253.9281697509
 20
-857.8858024455
 10
-1253.8643676676
 20
-857.9545123812
 10
-1253.7949566099
 20
-858.0246245605
 10
-1253.7949566099
 20
-858.0246245605
 10
-1254.2640070907
 20
-858.4712391426
 10
-1254.2640070907
 20
-858.4712391426
 10
-1254.3544518022
 20
-858.3765877005
 10
-1254.4378852958
 20
-858.2840396238
 10
-1254.5136064496
 20
-858.192192669
 10
-1254.5830175073
 20
-858.1017479577
 10
-1254.6447162253
 20
-858.01270549
 10
-1254.6987026035
 20
-857.9250652659
 10
-1254.7463788855
 20
-857.8381261636
 10
-1254.7863428278
 20
-857.7532904266
 10
-1254.8206977958
 20
-857.6670524461
 10
-1254.8501449112
 20
-857.5780099784
 10
-1254.8753852958
 20
-857.4861630235
 10
-1254.8957178278
 20
-857.3915115815
 10
-1254.9118436291
 20
-857.2933545305
 10
-1254.9230615778
 20
-857.1923929923
 10
-1254.9300727958
 20
-857.0886269669
 10
-1254.9321761612
 20
-856.9820564544
 10
-1254.9321761612
 20
-856.9820564544
 10
-1254.9237626996
 20
-856.7864434742
 10
-1254.8999245586
 20
-856.600646199
 10
-1254.8592594945
 20
-856.4232623854
 10
-1254.8024686291
 20
-856.2549931551
 10
-1254.7295519625
 20
-856.0965396299
 10
-1254.6405094945
 20
-855.9464995663
 10
-1254.5353412253
 20
-855.8055740859
 10
-1254.4140471548
 20
-855.6737631888
 10
-1254.2801328919
 20
-855.554572484
 10
-1254.1371040458
 20
-855.4508064587
 10
-1253.9842594945
 20
-855.3638673563
 10
-1253.8230014817
 20
-855.2916518117
 10
-1253.6526288855
 20
-855.23626319
 10
-1253.4731417061
 20
-855.1962992478
 10
-1253.2845399432
 20
-855.1724611069
 10
-1253.0868235971
 20
-855.1647487672
 10
-1253.0868235971
 20
-855.1647487672
 10
-1252.9578171868
 20
-855.1682543761
 10
-1252.8316152637
 20
-855.1794723248
 10
-1252.7103211932
 20
-855.1977014914
 10
-1252.5918316099
 20
-855.222941876
 10
-1252.4775487573
 20
-855.2551934784
 10
-1252.3660703919
 20
-855.2951574206
 10
-1252.2594998791
 20
-855.3421325808
 10
-1252.1557338535
 20
-855.3968200806
 10
-1252.0561745586
 20
-855.4578176766
 10
-1251.9622242381
 20
-855.5251253687
 10
-1251.8724806484
 20
-855.598743157
 10
-1251.788346033
 20
-855.6786710414
 10
-1251.7091192702
 20
-855.7649090219
 10
-1251.6348003599
 20
-855.8567559768
 10
-1251.5653893022
 20
-855.9556141496
 10
-1251.5008860971
 20
-856.0607824185
 10
-1251.4426929881
 20
-856.1694562964
 10
-1251.3922122189
 20
-856.2809346615
 10
-1251.3494437894
 20
-856.3938152701
 10
-1251.3143876996
 20
-856.509500366
 10
-1251.2877450714
 20
-856.6265877054
 10
-1251.2681136612
 20
-856.746479532
 10
-1251.2568957125
 20
-856.8677736022
 10
-1251.2526889817
 20
-856.9918721595
 10
-1251.2526889817
 20
-856.9918721595
 10
-1251.2554934689
 20
-857.0977415502
 10
-1251.2639069304
 20
-857.2022086974
 10
-1251.2779293663
 20
-857.3052736009
 10
-1251.2982618984
 20
-857.4083385045
 10
-1251.323502283
 20
-857.5100011645
 10
-1251.3550527637
 20
-857.6102615809
 10
-1251.3915110971
 20
-857.7098208754
 10
-1251.4342795266
 20
-857.8086790482
 10
-1251.4819558086
 20
-857.9054338557
 10
-1251.5345399432
 20
-857.9979819323
 10
-1251.5913308086
 20
-858.0877255218
 10
-1251.6537306484
 20
-858.1739635024
 10
-1251.7203372189
 20
-858.2566958739
 10
-1251.7918516419
 20
-858.3366237583
 10
-1251.8682739176
 20
-858.412344912
 10
-1251.9496040458
 20
-858.4852615784
  0
LWPOLYLINE
  5
77
330
1F
100
AcDbEntity
  8
0
  6
Continuous
 62
     7
100
AcDbPolyline
 90
       92
 70
   128
 43
0.0
 10
-1251.3424325714
 20
-859.1134667049
 10
-1251.3424325714
 20
-859.7416718313
 10
-1251.3424325714
 20
-859.7416718313
 10
-1253.6196761612
 20
-859.7416718313
 10
-1253.6196761612
 20
-859.7416718313
 10
-1253.6904894625
 20
-859.7423729531
 10
-1253.7563949112
 20
-859.7451774403
 10
-1253.8159902637
 20
-859.7486830493
 10
-1253.8706777637
 20
-859.7542920236
 10
-1253.9204574112
 20
-859.7620043633
 10
-1253.9646280843
 20
-859.7704178248
 10
-1254.003189783
 20
-859.7809346517
 10
-1254.0361425073
 20
-859.7928537222
 10
-1254.0943356163
 20
-859.8223008375
 10
-1254.1455175073
 20
-859.8608625361
 10
-1254.1917915458
 20
-859.9071365745
 10
-1254.2310543663
 20
-859.9618240743
 10
-1254.2626048471
 20
-860.0235227921
 10
-1254.2857418663
 20
-860.091531606
 10
-1254.2990631804
 20
-860.165850516
 10
-1254.303971033
 20
-860.2457784004
 10
-1254.303971033
 20
-860.2457784004
 10
-1254.2990631804
 20
-860.3306141374
 10
-1254.2836385009
 20
-860.4098409
 10
-1254.2583981163
 20
-860.4827575664
 10
-1254.2226409048
 20
-860.5493641368
 10
-1254.1791713535
 20
-860.6082583674
 10
-1254.1300928278
 20
-860.6566357711
 10
-1254.0761064496
 20
-860.6958985915
 10
-1254.0158099753
 20
-860.7253457068
 10
-1253.9807538855
 20
-860.7365636555
 10
-1253.9386865778
 20
-860.7463793606
 10
-1253.8896080522
 20
-860.7547928221
 10
-1253.8328171868
 20
-860.76180404
 10
-1253.7697162253
 20
-860.7667118926
 10
-1253.698902924
 20
-860.7709186233
 10
-1253.6210784048
 20
-860.7730219887
 10
-1253.5362426676
 20
-860.7737231105
 10
-1253.5362426676
 20
-860.7737231105
 10
-1251.3424325714
 20
-860.7737231105
 10
-1251.3424325714
 20
-860.7737231105
 10
-1251.3424325714
 20
-861.401928237
 10
-1251.3424325714
 20
-861.401928237
 10
-1253.4303732766
 20
-861.401928237
 10
-1253.4303732766
 20
-861.401928237
 10
-1253.5572763214
 20
-861.4012271152
 10
-1253.6743636612
 20
-861.398422628
 10
-1253.780934174
 20
-861.3935147754
 10
-1253.8776889817
 20
-861.3872046793
 10
-1253.9639269625
 20
-861.3794923396
 10
-1254.0403492381
 20
-861.3696766345
 10
-1254.1069558086
 20
-861.357757564
 10
-1254.1630455522
 20
-861.3444362499
 10
-1254.2647082125
 20
-861.3093801603
 10
-1254.3642675073
 20
-861.2610027566
 10
-1254.4624245586
 20
-861.1993040388
 10
-1254.5584782445
 20
-861.1249851288
 10
-1254.6475207125
 20
-861.0408505136
 10
-1254.7246441099
 20
-860.9504058023
 10
-1254.789147315
 20
-860.8543521167
 10
-1254.8410303278
 20
-860.7519883349
 10
-1254.8809942702
 20
-860.6419122134
 10
-1254.9090391419
 20
-860.5227215086
 10
-1254.9265671868
 20
-860.3958184641
 10
-1254.9321761612
 20
-860.2598008363
 10
-1254.9321761612
 20
-860.2598008363
 10
-1254.929371674
 20
-860.169356125
 10
-1254.9209582125
 20
-860.0817159009
 10
-1254.9076368984
 20
-859.9975812857
 10
-1254.8887066099
 20
-859.9162511578
 10
-1254.8641673471
 20
-859.837725517
 10
-1254.8340191099
 20
-859.7620043633
 10
-1254.7982618984
 20
-859.6897888186
 10
-1254.7575968343
 20
-859.6203777612
 10
-1254.7127250394
 20
-859.5544723126
 10
-1254.6643476355
 20
-859.4934747166
 10
-1254.6138668663
 20
-859.4373849732
 10
-1254.5605816099
 20
-859.3862030823
 10
-1254.5044918663
 20
-859.339929044
 10
-1254.4455976355
 20
-859.2985628582
 10
-1254.3838989176
 20
-859.262104525
 10
-1254.3193957125
 20
-859.2305540443
 10
-1254.2478812894
 20
-859.2032102944
 10
-1254.1651489176
 20
-859.1793721534
 10
-1254.0711985971
 20
-859.1590396214
 10
-1253.9653292061
 20
-859.1429138202
 10
-1253.8489429881
 20
-859.1295925061
 10
-1253.7206376996
 20
-859.1204779228
 10
-1253.5811144625
 20
-859.1155700702
 10
-1253.4303732766
 20
-859.1134667049
 10
-1253.4303732766
 20
-859.1134667049
 10
-1251.3424325714
 20
-859.1134667049
  0
LWPOLYLINE
  5
78
330
1F
100
AcDbEntity
  8
0
  6
Continuous
 62
     7
100
AcDbPolyline
 90
       58
 70
   128
 43
0.0
 10
-1251.3424325714
 20
-862.2096205424
 10
-1251.3424325714
 20
-862.9415916942
 10
-1251.3424325714
 20
-862.9415916942
 10
-1251.343834815
 20
-863.0867239053
 10
-1251.3487426676
 20
-863.2206381678
 10
-1251.3564550073
 20
-863.3440356033
 10
-1251.3676729561
 20
-863.4562150902
 10
-1251.3823965137
 20
-863.558578872
 10
-1251.3999245586
 20
-863.6490235833
 10
-1251.4202570907
 20
-863.7289514677
 10
-1251.4440952317
 20
-863.7983625252
 10
-1251.4714389817
 20
-863.8607623647
 10
-1251.5029894625
 20
-863.9196565953
 10
-1251.538746674
 20
-863.975045217
 10
-1251.5787106163
 20
-864.0283304732
 10
-1251.6228812894
 20
-864.0781101205
 10
-1251.6712586932
 20
-864.1243841589
 10
-1251.7238428278
 20
-864.16785371
 10
-1251.7806336932
 20
-864.208518774
 10
-1251.8409301676
 20
-864.2449771072
 10
-1251.9033300073
 20
-864.2765275879
 10
-1251.9692354561
 20
-864.3031702161
 10
-1252.0372442702
 20
-864.3249049916
 10
-1252.1080575714
 20
-864.3417319147
 10
-1252.1816753599
 20
-864.3536509851
 10
-1252.2573965137
 20
-864.3613633249
 10
-1252.3366232766
 20
-864.3634666902
 10
-1252.3366232766
 20
-864.3634666902
 10
-1252.4193556484
 20
-864.3606622031
 10
-1252.4985824112
 20
-864.3536509851
 10
-1252.574303565
 20
-864.3410307929
 10
-1252.6465191099
 20
-864.3228016263
 10
-1252.7159301676
 20
-864.3003657289
 10
-1252.7811344945
 20
-864.2723208572
 10
-1252.8435343343
 20
-864.2393681329
 10
-1252.9017274432
 20
-864.2015075561
 10
-1252.957116065
 20
-864.1587391267
 10
-1253.0082979561
 20
-864.110361723
 10
-1253.0566753599
 20
-864.0570764667
 10
-1253.100846033
 20
-863.9981822361
 10
-1253.1422122189
 20
-863.934380153
 10
-1253.1800727958
 20
-863.8656702173
 10
-1253.2144277637
 20
-863.792052429
 10
-1253.2452771227
 20
-863.7128256664
 10
-1253.2452771227
 20
-863.7128256664
 10
-1254.8424325714
 20
-864.5205179719
 10
-1254.8424325714
 20
-864.5205179719
 10
-1254.8424325714
 20
-863.8222006661
 10
-1254.8424325714
 20
-863.8222006661
 10
-1253.3167915458
 20
-863.0509666939
 10
-1253.3167915458
 20
-863.0509666939
 10
-1253.3167915458
 20
-862.8378256689
 10
-1253.3167915458
 20
-862.8378256689
 10
-1254.8424325714
 20
-862.8378256689
 10
-1254.8424325714
 20
-862.8378256689
 10
-1254.8424325714
 20
-862.2096205424
 10
-1254.8424325714
 20
-862.2096205424
 10
-1251.3424325714
 20
-862.2096205424
  0
LWPOLYLINE
  5
79
330
1F
100
AcDbEntity
  8
0
  6
Continuous
 62
     7
100
AcDbPolyline
 90
       40
 70
   128
 43
0.0
 10
-1252.6885864176
 20
-862.8378256689
 10
-1252.6885864176
 20
-863.0825171746
 10
-1252.6885864176
 20
-863.0825171746
 10
-1252.687184174
 20
-863.1722607641
 10
-1252.683678565
 20
-863.2542920138
 10
-1252.6766673471
 20
-863.3293120457
 10
-1252.6675527637
 20
-863.3966197378
 10
-1252.656334815
 20
-863.456916212
 10
-1252.6416112573
 20
-863.5102014683
 10
-1252.6247843343
 20
-863.5564755066
 10
-1252.605152924
 20
-863.5950372052
 10
-1252.5827170266
 20
-863.6279899295
 10
-1252.5567755202
 20
-863.6560348012
 10
-1252.5273284048
 20
-863.6805740639
 10
-1252.4943756804
 20
-863.7002054741
 10
-1252.4579173471
 20
-863.7156301536
 10
-1252.4179534048
 20
-863.7261469805
 10
-1252.3751849753
 20
-863.7331581984
 10
-1252.328209815
 20
-863.7352615638
 10
-1252.328209815
 20
-863.7352615638
 10
-1252.2728211932
 20
-863.731054833
 10
-1252.2209381804
 20
-863.717733519
 10
-1252.1732618984
 20
-863.6959987434
 10
-1252.1290912253
 20
-863.6658505063
 10
-1252.0898284048
 20
-863.6279899295
 10
-1252.0561745586
 20
-863.5845203783
 10
-1252.0288308086
 20
-863.5354418528
 10
-1252.0077971548
 20
-863.4800532312
 10
-1251.9993836932
 20
-863.4478016287
 10
-1251.9916713535
 20
-863.4092399301
 10
-1251.9853612573
 20
-863.3650692571
 10
-1251.979752283
 20
-863.314588488
 10
-1251.9755455522
 20
-863.2577976228
 10
-1251.972741065
 20
-863.1953977832
 10
-1251.9713388214
 20
-863.1266878475
 10
-1251.9706376996
 20
-863.0516678157
 10
-1251.9706376996
 20
-863.0516678157
 10
-1251.9706376996
 20
-862.8378256689
 10
-1251.9706376996
 20
-862.8378256689
 10
-1252.6885864176
 20
-862.8378256689
  0
SPLINE
  5
84
330
1F
100
AcDbEntity
  8
0
  6
Continuous
 62
     7
370
    25
100
AcDbSpline
210
0.0
220
0.0
230
1.0
 70
     8
 71
     3
 72
    23
 73
    19
 74
     0
 42
0.00000001
 43
0.00000001
 40
0.0
 40
0.0
 40
0.0
 40
0.0
 40
0.105558451557335
 40
0.2021217530472882
 40
0.2907357291869216
 40
0.3706174058312355
 40
0.4427476685375962
 40
0.5077637015032038
 40
0.5656721017186337
 40
0.6165624613083176
 40
0.6634473495977304
 40
0.7083772164995641
 40
0.7534581593723072
 40
0.7985692567252685
 40
0.8451267071642591
 40
0.8937276775139968
 40
0.9446981374046248
 40
1.0
 40
1.0
 40
1.0
 40
1.0
 10
-1270.557678857952
 20
-872.6294459601952
 30
0.0
 10
-1270.557414131666
 20
-872.6529510551322
 30
0.0
 10
-1270.55690723771
 20
-872.6979582613205
 30
0.0
 10
-1270.554555968951
 20
-872.7626844754706
 30
0.0
 10
-1270.548890861358
 20
-872.821471522711
 30
0.0
 10
-1270.541732460875
 20
-872.8745709504881
 30
0.0
 10
-1270.533469397145
 20
-872.922252857336
 30
0.0
 10
-1270.521619963735
 20
-872.9640826705405
 30
0.0
 10
-1270.508946126129
 20
-873.0007343471303
 30
0.0
 10
-1270.493120341314
 20
-873.0316816421027
 30
0.0
 10
-1270.475439474641
 20
-873.0582302001661
 30
0.0
 10
-1270.454467353043
 20
-873.0804833147645
 30
0.0
 10
-1270.431493506375
 20
-873.1000875083732
 30
0.0
 10
-1270.40507194908
 20
-873.115465207472
 30
0.0
 10
-1270.376285167486
 20
-873.127889397269
 30
0.0
 10
-1270.344591565593
 20
-873.1355944787371
 30
0.0
 10
-1270.310564994295
 20
-873.1417077309264
 30
0.0
 10
-1270.286860913806
 20
-873.1421081711279
 30
0.0
 10
-1270.27452581308
 20
-873.1423165517152
 30
0.0
  0
SPLINE
  5
85
330
1F
100
AcDbEntity
  8
0
  6
Continuous
 62
     7
370
    25
100
AcDbSpline
210
0.0
220
0.0
230
1.0
 70
     8
 71
     3
 72
    23
 73
    19
 74
     0
 42
0.00000001
 43
0.00000001
 40
0.0
 40
0.0
 40
0.0
 40
0.0
 40
0.0637633711951993
 40
0.1252513266722322
 40
0.1853973328724165
 40
0.2467851321549458
 40
0.3093952708253819
 40
0.3725000331564592
 40
0.4369906514896041
 40
0.5050009564957461
 40
0.5432613493991552
 40
0.5884027017031344
 40
0.6396207137093198
 40
0.6979238770997807
 40
0.7632923663587652
 40
0.8349930664456422
 40
0.9138812040246851
 40
1.0
 40
1.0
 40
1.0
 40
1.0
 10
-1270.27452581308
 20
-873.1423165517152
 30
0.0
 10
-1270.259951478296
 20
-873.1417567074044
 30
0.0
 10
-1270.231322898395
 20
-873.1406569970007
 30
0.0
 10
-1270.190108347568
 20
-873.1297438478414
 30
0.0
 10
-1270.151959269818
 20
-873.1123738278835
 30
0.0
 10
-1270.11705870713
 20
-873.0885593586852
 30
0.0
 10
-1270.086430909398
 20
-873.0585865991522
 30
0.0
 10
-1270.059652068099
 20
-873.0242486222782
 30
0.0
 10
-1270.037983333018
 20
-872.9850388666069
 30
0.0
 10
-1270.024105600215
 20
-872.9484751295303
 30
0.0
 10
-1270.015575448232
 20
-872.9149785031145
 30
0.0
 10
-1270.009520142754
 20
-872.8848471262964
 30
0.0
 10
-1270.004825096885
 20
-872.8498600102774
 30
0.0
 10
-1270.000279947017
 20
-872.8102123803944
 30
0.0
 10
-1269.997151405903
 20
-872.7657337342516
 30
0.0
 10
-1269.994937802557
 20
-872.7165062180213
 30
0.0
 10
-1269.994019303803
 20
-872.6625020101066
 30
0.0
 10
-1269.993728215693
 20
-872.6248553518479
 30
0.0
 10
-1269.99357629385
 20
-872.6052071782115
 30
0.0
  0
SPLINE
  5
89
330
1F
100
AcDbEntity
  8
0
  6
Continuous
 62
     7
370
    25
100
AcDbSpline
210
0.0
220
0.0
230
1.0
 70
     8
 71
     3
 72
    31
 73
    27
 74
     0
 42
0.00000001
 43
0.00000001
 40
0.0
 40
0.0
 40
0.0
 40
0.0
 40
0.0728765662120129
 40
0.1401621650699138
 40
0.2022428547172026
 40
0.2588508735258608
 40
0.3107782990888597
 40
0.3570369703898746
 40
0.3984482124332753
 40
0.4352986896860813
 40
0.4695068157526268
 40
0.5030546218222344
 40
0.5361580172086108
 40
0.5696022233209691
 40
0.6030186249063018
 40
0.6366328623402067
 40
0.6708898636480899
 40
0.7059620260679915
 40
0.7413420378233909
 40
0.7764512846880552
 40
0.8121451715970647
 40
0.8479949655729162
 40
0.8845415022472217
 40
0.9219874970928351
 40
0.9602049799472673
 40
1.0
 40
1.0
 40
1.0
 40
1.0
 10
-1269.49998655026
 20
-872.5187187970421
 30
0.0
 10
-1269.500121068309
 20
-872.5567341274394
 30
0.0
 10
-1269.500379784409
 20
-872.6298483161462
 30
0.0
 10
-1269.504479696663
 20
-872.7352740085082
 30
0.0
 10
-1269.510159012874
 20
-872.8321254501822
 30
0.0
 10
-1269.518931957996
 20
-872.9207118984802
 30
0.0
 10
-1269.53027641821
 20
-873.0006828592899
 30
0.0
 10
-1269.544039554523
 20
-873.0722077104517
 30
0.0
 10
-1269.559588154223
 20
-873.1353279851339
 30
0.0
 10
-1269.578645373885
 20
-873.1908961686534
 30
0.0
 10
-1269.600591873509
 20
-873.2409053545726
 30
0.0
 10
-1269.625363158449
 20
-873.2873904194068
 30
0.0
 10
-1269.653895253354
 20
-873.3311707640191
 30
0.0
 10
-1269.685032052664
 20
-873.3730499675726
 30
0.0
 10
-1269.719888764666
 20
-873.412280508162
 30
0.0
 10
-1269.758182917162
 20
-873.4487536870894
 30
0.0
 10
-1269.799638486496
 20
-873.4829384878467
 30
0.0
 10
-1269.844006190178
 20
-873.5148801484202
 30
0.0
 10
-1269.891224090529
 20
-873.5433045779968
 30
0.0
 10
-1269.940621731744
 20
-873.5684872202452
 30
0.0
 10
-1269.992332598014
 20
-873.5891771257864
 30
0.0
 10
-1270.046060655777
 20
-873.6064045403566
 30
0.0
 10
-1270.101870513823
 20
-873.6196686010124
 30
0.0
 10
-1270.159725937109
 20
-873.6286744080504
 30
0.0
 10
-1270.219651520287
 20
-873.6353333775913
 30
0.0
 10
-1270.260366989529
 20
-873.6357127645474
 30
0.0
 10
-1270.281136390004
 20
-873.63590629393
 30
0.0
  0
SPLINE
  5
8A
330
1F
100
AcDbEntity
  8
0
  6
Continuous
 62
     7
370
    25
100
AcDbSpline
210
0.0
220
0.0
230
1.0
 70
     8
 71
     3
 72
    23
 73
    19
 74
     0
 42
0.00000001
 43
0.00000001
 40
0.0
 40
0.0
 40
0.0
 40
0.0
 40
0.0687412630794122
 40
0.1347890881950742
 40
0.1985360495606604
 40
0.2603856506058019
 40
0.320961578232125
 40
0.379903849584115
 40
0.4385029357752587
 40
0.4961543439763332
 40
0.5542654832085031
 40
0.6127487608157182
 40
0.6725134425262229
 40
0.7336464018980281
 40
0.7967896194814399
 40
0.8619356990409701
 40
0.9293977347749202
 40
1.0
 40
1.0
 40
1.0
 40
1.0
 10
-1270.281136390004
 20
-873.63590629393
 30
0.0
 10
-1270.302814450324
 20
-873.6354003236488
 30
0.0
 10
-1270.345321175593
 20
-873.6344082081449
 30
0.0
 10
-1270.407760088183
 20
-873.6290641343091
 30
0.0
 10
-1270.467497272337
 20
-873.6192968460778
 30
0.0
 10
-1270.524357824927
 20
-873.604502867097
 30
0.0
 10
-1270.57904944182
 20
-873.5874991098291
 30
0.0
 10
-1270.630563028483
 20
-873.5648884743714
 30
0.0
 10
-1270.679647775408
 20
-873.5393701374986
 30
0.0
 10
-1270.725609360241
 20
-873.5090627543615
 30
0.0
 10
-1270.769468681612
 20
-873.475801881986
 30
0.0
 10
-1270.809545326209
 20
-873.4371201870748
 30
0.0
 10
-1270.847993261931
 20
-873.3955236492903
 30
0.0
 10
-1270.882404240527
 20
-873.3486739757516
 30
0.0
 10
-1270.915105008025
 20
-873.2986363435896
 30
0.0
 10
-1270.944740611923
 20
-873.2444165576973
 30
0.0
 10
-1270.972056023069
 20
-873.1863684749934
 30
0.0
 10
-1270.987288983177
 20
-873.1455577981302
 30
0.0
 10
-1270.995078697696
 20
-873.1246883466362
 30
0.0
  0
SPLINE
  5
96
330
1F
100
AcDbEntity
  8
0
  6
Continuous
 62
     7
370
    25
100
AcDbSpline
210
0.0
220
0.0
230
1.0
 70
     8
 71
     3
 72
    23
 73
    19
 74
     0
 42
0.00000001
 43
0.00000001
 40
0.0
 40
0.0
 40
0.0
 40
0.0
 40
0.072218747992722
 40
0.1394897657275461
 40
0.2003699977301496
 40
0.2564327255099301
 40
0.3078035215508483
 40
0.3536585165317379
 40
0.394419905646094
 40
0.4301557059440987
 40
0.4966662725087402
 40
0.5620176176150236
 40
0.6287545482745635
 40
0.6974096406802267
 40
0.7680791946525145
 40
0.8413381260897718
 40
0.9183362465478309
 40
1.0
 40
1.0
 40
1.0
 40
1.0
 10
-1271.289249370773
 20
-870.0044960476353
 30
0.0
 10
-1271.307799671626
 20
-870.0045228866096
 30
0.0
 10
-1271.343629386098
 20
-870.0045747258113
 30
0.0
 10
-1271.395033295556
 20
-870.0071698233996
 30
0.0
 10
-1271.44228425119
 20
-870.0095445166555
 30
0.0
 10
-1271.485330523305
 20
-870.0138291373116
 30
0.0
 10
-1271.524190525553
 20
-870.0201589905915
 30
0.0
 10
-1271.559113880786
 20
-870.0262883540157
 30
0.0
 10
-1271.589475325809
 20
-870.0345838413049
 30
0.0
 10
-1271.624034599066
 20
-870.0470506324435
 30
0.0
 10
-1271.662863830214
 20
-870.0662578651122
 30
0.0
 10
-1271.70333254571
 20
-870.097641417589
 30
0.0
 10
-1271.740266122398
 20
-870.133855352372
 30
0.0
 10
-1271.771008232255
 20
-870.1772598390112
 30
0.0
 10
-1271.795875828247
 20
-870.2260426434592
 30
0.0
 10
-1271.814299964845
 20
-870.2799357258714
 30
0.0
 10
-1271.824541338508
 20
-870.3388631161849
 30
0.0
 10
-1271.8261048718
 20
-870.3796081741307
 30
0.0
 10
-1271.826909627183
 20
-870.4005797805064
 30
0.0
  0
SPLINE
  5
97
330
1F
100
AcDbEntity
  8
0
  6
Continuous
 62
     7
370
    25
100
AcDbSpline
210
0.0
220
0.0
230
1.0
 70
     8
 71
     3
 72
    23
 73
    19
 74
     0
 42
0.00000001
 43
0.00000001
 40
0.0
 40
0.0
 40
0.0
 40
0.0
 40
0.0788023764629114
 40
0.1536512926099311
 40
0.2252056932004974
 40
0.2953098187122578
 40
0.3631897924920106
 40
0.4270954721355433
 40
0.4889985611396372
 40
0.551225172823229
 40
0.5853576669003892
 40
0.6254158750410717
 40
0.671591837450896
 40
0.7246556113441556
 40
0.7833478366220835
 40
0.8491310022082782
 40
0.9213264734009167
 40
1.0
 40
1.0
 40
1.0
 40
1.0
 10
-1271.826909627183
 20
-870.4005797805063
 30
0.0
 10
-1271.82626649836
 20
-870.422862157416
 30
0.0
 10
-1271.825012506038
 20
-870.4663090199127
 30
0.0
 10
-1271.812437861643
 20
-870.5289273824565
 30
0.0
 10
-1271.7928814054
 20
-870.5871051277492
 30
0.0
 10
-1271.764399892926
 20
-870.6392527251373
 30
0.0
 10
-1271.730778451219
 20
-870.6855583344146
 30
0.0
 10
-1271.691521297982
 20
-870.7239755835438
 30
0.0
 10
-1271.6486347409
 20
-870.7556150554793
 30
0.0
 10
-1271.608256218815
 20
-870.7755034650299
 30
0.0
 10
-1271.571444804448
 20
-870.7870408454032
 30
0.0
 10
-1271.538270664941
 20
-870.7945922553408
 30
0.0
 10
-1271.499456985262
 20
-870.8010905289956
 30
0.0
 10
-1271.455175687623
 20
-870.8066238973789
 30
0.0
 10
-1271.405139790374
 20
-870.8100383504283
 30
0.0
 10
-1271.349710305472
 20
-870.8136977346868
 30
0.0
 10
-1271.288521020574
 20
-870.8150454130184
 30
0.0
 10
-1271.245913164852
 20
-870.8152741841755
 30
0.0
 10
-1271.223694482952
 20
-870.8153934812739
 30
0.0
  0
SPLINE
  5
9B
330
1F
100
AcDbEntity
  8
0
  6
Continuous
 62
     7
370
    25
100
AcDbSpline
210
0.0
220
0.0
230
1.0
 70
     8
 71
     3
 72
    27
 73
    23
 74
     0
 42
0.00000001
 43
0.00000001
 40
0.0
 40
0.0
 40
0.0
 40
0.0
 40
0.0585394878947864
 40
0.1125657261300299
 40
0.1617773109973759
 40
0.2065037619062746
 40
0.2464428953463203
 40
0.2819850088165788
 40
0.3131977443580944
 40
0.3397908576571922
 40
0.3893962092245834
 40
0.4404562667075372
 40
0.4939366780042166
 40
0.5499589259677257
 40
0.6064682360871037
 40
0.6612977825156526
 40
0.7146695344651414
 40
0.7676073825311118
 40
0.8216268440706163
 40
0.8781093082508586
 40
0.9372036514982505
 40
1.0
 40
1.0
 40
1.0
 40
1.0
 10
-1271.140511390004
 20
-871.3089832234886
 30
0.0
 10
-1271.1737489591
 20
-871.308923551025
 30
0.0
 10
-1271.237661562963
 20
-871.3088088066977
 30
0.0
 10
-1271.329498679814
 20
-871.3066677929198
 30
0.0
 10
-1271.413422648068
 20
-871.3027457008425
 30
0.0
 10
-1271.489281349802
 20
-871.2978771434565
 30
0.0
 10
-1271.557291489948
 20
-871.2920387655143
 30
0.0
 10
-1271.617418370649
 20
-871.2844828871298
 30
0.0
 10
-1271.669629762664
 20
-871.2752399144398
 30
0.0
 10
-1271.729059110853
 20
-871.2613872485542
 30
0.0
 10
-1271.797491852734
 20
-871.2375135481079
 30
0.0
 10
-1271.876288490722
 20
-871.1990133384786
 30
0.0
 10
-1271.953434808353
 20
-871.1501428468986
 30
0.0
 10
-1272.028084826167
 20
-871.092380731326
 30
0.0
 10
-1272.09742334502
 20
-871.0271574934605
 30
0.0
 10
-1272.158325746056
 20
-870.9559404296444
 30
0.0
 10
-1272.209635509102
 20
-870.8799197341115
 30
0.0
 10
-1272.250789814396
 20
-870.7984760069613
 30
0.0
 10
-1272.282591157139
 20
-870.7110276786743
 30
0.0
 10
-1272.303857700868
 20
-870.6169603430723
 30
0.0
 10
-1272.318406343733
 20
-870.5165315006091
 30
0.0
 10
-1272.31978771036
 20
-870.4472765651471
 30
0.0
 10
-1272.320499370773
 20
-870.4115974086808
 30
0.0
  0
SPLINE
  5
9C
330
1F
100
AcDbEntity
  8
0
  6
Continuous
 62
     7
370
    25
100
AcDbSpline
210
0.0
220
0.0
230
1.0
 70
     8
 71
     3
 72
    31
 73
    27
 74
     0
 42
0.00000001
 43
0.00000001
 40
0.0
 40
0.0
 40
0.0
 40
0.0
 40
0.0417164865868179
 40
0.0823057722528733
 40
0.1215763437691353
 40
0.1600730880023765
 40
0.1980011394648328
 40
0.2355749481723599
 40
0.2727251126104877
 40
0.3098119468615082
 40
0.3465691263991444
 40
0.3824605653171264
 40
0.4172492978317623
 40
0.4513111777113549
 40
0.4848335487253804
 40
0.5180128947460985
 40
0.5510518201649689
 40
0.5841555077210491
 40
0.6194525670946472
 40
0.6591452086596679
 40
0.7034604993378788
 40
0.7528309056033626
 40
0.8068371161108392
 40
0.8661369510707355
 40
0.9304991580214563
 40
1.0
 40
1.0
 40
1.0
 40
1.0
 10
-1272.320499370773
 20
-870.4115974086808
 30
0.0
 10
-1272.320100041247
 20
-870.3878920285581
 30
0.0
 10
-1272.319312172285
 20
-870.3411217998746
 30
0.0
 10
-1272.312366601312
 20
-870.2723376009953
 30
0.0
 10
-1272.302128266664
 20
-870.2058455875629
 30
0.0
 10
-1272.287203071349
 20
-870.1417640526809
 30
0.0
 10
-1272.267882030896
 20
-870.0798948059658
 30
0.0
 10
-1272.244306796168
 20
-870.0203187626487
 30
0.0
 10
-1272.215923695157
 20
-869.9634180247966
 30
0.0
 10
-1272.184006894792
 20
-869.9089928025892
 30
0.0
 10
-1272.149022029361
 20
-869.8573198825774
 30
0.0
 10
-1272.110884640758
 20
-869.8096088818036
 30
0.0
 10
-1272.071229737403
 20
-869.7651915260186
 30
0.0
 10
-1272.029237472941
 20
-869.7248667840746
 30
0.0
 10
-1271.985064751257
 20
-869.6883743619509
 30
0.0
 10
-1271.938660581055
 20
-869.6557504954224
 30
0.0
 10
-1271.890016203637
 20
-869.6270538637243
 30
0.0
 10
-1271.838258226894
 20
-869.6015599039639
 30
0.0
 10
-1271.780755054814
 20
-869.5797397023533
 30
0.0
 10
-1271.715461534863
 20
-869.5613444115262
 30
0.0
 10
-1271.641354178587
 20
-869.545273865837
 30
0.0
 10
-1271.558266050427
 20
-869.5333311807985
 30
0.0
 10
-1271.466470991939
 20
-869.5225038737433
 30
0.0
 10
-1271.365729865356
 20
-869.5156507850304
 30
0.0
 10
-1271.256039779617
 20
-869.5120656259256
 30
0.0
 10
-1271.179993917185
 20
-869.511302510228
 30
0.0
 10
-1271.140511390004
 20
-869.5109063054205
 30
0.0
  0
SPLINE
  5
9F
330
1F
100
AcDbEntity
  8
0
  6
Continuous
 62
     7
370
    25
100
AcDbSpline
210
0.0
220
0.0
230
1.0
 70
     8
 71
     3
 72
    31
 73
    27
 74
     0
 42
0.00000001
 43
0.00000001
 40
0.0
 40
0.0
 40
0.0
 40
0.0
 40
0.0417164865868179
 40
0.0823057722528733
 40
0.1215763437691353
 40
0.1600730880023765
 40
0.1980011394648328
 40
0.2355749481723599
 40
0.2727251126104877
 40
0.3098119468615082
 40
0.3465691263991444
 40
0.3824605653171264
 40
0.4172492978317623
 40
0.4513111777113549
 40
0.4848335487253804
 40
0.5180128947460985
 40
0.5510518201649689
 40
0.5841555077210491
 40
0.6194525670946472
 40
0.6591452086596679
 40
0.7034604993378788
 40
0.7528309056033626
 40
0.8068371161108392
 40
0.8661369510707355
 40
0.9304991580214563
 40
1.0
 40
1.0
 40
1.0
 40
1.0
 10
-1272.320499370773
 20
-870.4115899445219
 30
0.0
 10
-1272.320100041247
 20
-870.3878845643993
 30
0.0
 10
-1272.319312172285
 20
-870.3411143357157
 30
0.0
 10
-1272.312366601312
 20
-870.2723301368364
 30
0.0
 10
-1272.302128266664
 20
-870.205838123404
 30
0.0
 10
-1272.287203071349
 20
-870.141756588522
 30
0.0
 10
-1272.267882030896
 20
-870.0798873418069
 30
0.0
 10
-1272.244306796168
 20
-870.0203112984899
 30
0.0
 10
-1272.215923695157
 20
-869.9634105606377
 30
0.0
 10
-1272.184006894792
 20
-869.9089853384303
 30
0.0
 10
-1272.149022029361
 20
-869.8573124184186
 30
0.0
 10
-1272.110884640758
 20
-869.8096014176448
 30
0.0
 10
-1272.071229737403
 20
-869.7651840618597
 30
0.0
 10
-1272.029237472941
 20
-869.7248593199157
 30
0.0
 10
-1271.985064751257
 20
-869.6883668977921
 30
0.0
 10
-1271.938660581055
 20
-869.6557430312635
 30
0.0
 10
-1271.890016203637
 20
-869.6270463995654
 30
0.0
 10
-1271.838258226894
 20
-869.6015524398051
 30
0.0
 10
-1271.780755054814
 20
-869.5797322381945
 30
0.0
 10
-1271.715461534863
 20
-869.5613369473674
 30
0.0
 10
-1271.641354178587
 20
-869.5452664016782
 30
0.0
 10
-1271.558266050427
 20
-869.5333237166398
 30
0.0
 10
-1271.466470991939
 20
-869.5224964095845
 30
0.0
 10
-1271.365729865356
 20
-869.5156433208716
 30
0.0
 10
-1271.256039779617
 20
-869.5120581617668
 30
0.0
 10
-1271.179993917185
 20
-869.5112950460692
 30
0.0
 10
-1271.140511390004
 20
-869.5108988412617
 30
0.0
  0
SPLINE
  5
A1
330
1F
100
AcDbEntity
  8
0
  6
Continuous
 62
     7
370
    25
100
AcDbSpline
210
0.0
220
0.0
230
1.0
 70
     8
 71
     3
 72
    23
 73
    19
 74
     0
 42
0.00000001
 43
0.00000001
 40
0.0
 40
0.0
 40
0.0
 40
0.0
 40
0.0788023764629114
 40
0.1536512926099311
 40
0.2252056932004974
 40
0.2953098187122578
 40
0.3631897924920106
 40
0.4270954721355433
 40
0.4889985611396372
 40
0.551225172823229
 40
0.5853576669003892
 40
0.6254158750410717
 40
0.671591837450896
 40
0.7246556113441556
 40
0.7833478366220835
 40
0.8491310022082782
 40
0.9213264734009167
 40
1.0
 40
1.0
 40
1.0
 40
1.0
 10
-1271.826909627183
 20
-870.4005723163475
 30
0.0
 10
-1271.82626649836
 20
-870.4228546932572
 30
0.0
 10
-1271.825012506038
 20
-870.4663015557538
 30
0.0
 10
-1271.812437861643
 20
-870.5289199182976
 30
0.0
 10
-1271.7928814054
 20
-870.5870976635903
 30
0.0
 10
-1271.764399892926
 20
-870.6392452609784
 30
0.0
 10
-1271.730778451219
 20
-870.6855508702558
 30
0.0
 10
-1271.691521297982
 20
-870.7239681193851
 30
0.0
 10
-1271.6486347409
 20
-870.7556075913204
 30
0.0
 10
-1271.608256218815
 20
-870.7754960008712
 30
0.0
 10
-1271.571444804448
 20
-870.7870333812444
 30
0.0
 10
-1271.538270664941
 20
-870.794584791182
 30
0.0
 10
-1271.499456985262
 20
-870.8010830648367
 30
0.0
 10
-1271.455175687623
 20
-870.8066164332201
 30
0.0
 10
-1271.405139790374
 20
-870.8100308862694
 30
0.0
 10
-1271.349710305472
 20
-870.8136902705279
 30
0.0
 10
-1271.288521020574
 20
-870.8150379488596
 30
0.0
 10
-1271.245913164852
 20
-870.8152667200167
 30
0.0
 10
-1271.223694482952
 20
-870.8153860171151
 30
0.0
  0
SPLINE
  5
A4
330
1F
100
AcDbEntity
  8
0
  6
Continuous
 62
     7
370
    25
100
AcDbSpline
210
0.0
220
0.0
230
1.0
 70
     8
 71
     3
 72
    15
 73
    11
 74
     0
 42
0.00000001
 43
0.00000001
 40
0.0
 40
0.0
 40
0.0
 40
0.0
 40
0.1394133446589311
 40
0.2727612353866066
 40
0.3995104626415115
 40
0.5228021124429714
 40
0.6426598884796305
 40
0.7615825815783492
 40
0.8797948418719139
 40
1.0
 40
1.0
 40
1.0
 40
1.0
 10
-1270.323003377183
 20
-868.6553874776758
 30
0.0
 10
-1270.29121692415
 20
-868.6247185785545
 30
0.0
 10
-1270.229026950737
 20
-868.564715091566
 30
0.0
 10
-1270.147522609461
 20
-868.4676161317786
 30
0.0
 10
-1270.078541708821
 20
-868.3675385515173
 30
0.0
 10
-1270.021165884402
 20
-868.2651553190442
 30
0.0
 10
-1269.977396756427
 20
-868.158886394049
 30
0.0
 10
-1269.94592901705
 20
-868.0501304473481
 30
0.0
 10
-1269.926334559532
 20
-867.9382962670408
 30
0.0
 10
-1269.924159894642
 20
-867.862748129997
 30
0.0
 10
-1269.923063473337
 20
-867.8246583133232
 30
0.0
  0
SPLINE
  5
A5
330
1F
100
AcDbEntity
  8
0
  6
Continuous
 62
     7
370
    25
100
AcDbSpline
210
0.0
220
0.0
230
1.0
 70
     8
 71
     3
 72
    23
 73
    19
 74
     0
 42
0.00000001
 43
0.00000001
 40
0.0
 40
0.0
 40
0.0
 40
0.0
 40
0.0647145165408725
 40
0.1277069683294147
 40
0.1888821628171203
 40
0.2491582987223752
 40
0.3096610287489287
 40
0.3702248860571814
 40
0.4323322219726294
 40
0.4957818589939177
 40
0.5593040765204185
 40
0.6218605583615121
 40
0.6833215373325071
 40
0.7445229747822698
 40
0.8060883712105975
 40
0.8689943146701521
 40
0.9334190568081591
 40
1.0
 40
1.0
 40
1.0
 40
1.0
 10
-1269.923063473337
 20
-867.8246583133232
 30
0.0
 10
-1269.923944004994
 20
-867.7928517118805
 30
0.0
 10
-1269.925681637205
 20
-867.7300848882957
 30
0.0
 10
-1269.938420195189
 20
-867.6379267432296
 30
0.0
 10
-1269.960082667415
 20
-867.5497727146459
 30
0.0
 10
-1269.989937566856
 20
-867.4653210373352
 30
0.0
 10
-1270.028568222171
 20
-867.3848202139845
 30
0.0
 10
-1270.07594473424
 20
-867.3081014646131
 30
0.0
 10
-1270.131639225778
 20
-867.2353539361147
 30
0.0
 10
-1270.195363530923
 20
-867.1675385812
 30
0.0
 10
-1270.264987122976
 20
-867.1055034778057
 30
0.0
 10
-1270.339275329606
 20
-867.0506915139586
 30
0.0
 10
-1270.418057960686
 20
-867.0047777018848
 30
0.0
 10
-1270.500537163638
 20
-866.9670969831506
 30
0.0
 10
-1270.587094693039
 20
-866.9377451598556
 30
0.0
 10
-1270.677672274933
 20
-866.9167842703208
 30
0.0
 10
-1270.772377780218
 20
-866.9046610519873
 30
0.0
 10
-1270.836757877032
 20
-866.9028515804036
 30
0.0
 10
-1270.869477736157
 20
-866.9019319537141
 30
0.0
  0
SPLINE
  5
A6
330
1F
100
AcDbEntity
  8
0
  6
Continuous
 62
     7
370
    25
100
AcDbSpline
210
0.0
220
0.0
230
1.0
 70
     8
 71
     3
 72
    31
 73
    27
 74
     0
 42
0.00000001
 43
0.00000001
 40
0.0
 40
0.0
 40
0.0
 40
0.0
 40
0.0459898780962039
 40
0.0906469946318604
 40
0.134497043592599
 40
0.1773468762382102
 40
0.2192840231254152
 40
0.2609265752685274
 40
0.3024617801081756
 40
0.3435845359394008
 40
0.3841458343548467
 40
0.4243436174053822
 40
0.4643812190596852
 40
0.5039685734549058
 40
0.5437825374670736
 40
0.5837660387986923
 40
0.6243856640565737
 40
0.6655182881651569
 40
0.7066492677252125
 40
0.7478049086123926
 40
0.7888766405719494
 40
0.8302044987020953
 40
0.8716957086868389
 40
0.9137263035565036
 40
0.9565840285332378
 40
1.0
 40
1.0
 40
1.0
 40
1.0
 10
-1270.869477736157
 20
-866.9019319537141
 30
0.0
 10
-1270.892442939001
 20
-866.902196642077
 30
0.0
 10
-1270.937707825648
 20
-866.902718348279
 30
0.0
 10
-1271.004665144352
 20
-866.9084414787304
 30
0.0
 10
-1271.069637353234
 20
-866.917631397132
 30
0.0
 10
-1271.132489792685
 20
-866.9310219173711
 30
0.0
 10
-1271.193465656464
 20
-866.9474673742772
 30
0.0
 10
-1271.252548567983
 20
-866.9679056788366
 30
0.0
 10
-1271.309703026857
 20
-866.9921781226781
 30
0.0
 10
-1271.364821248852
 20
-867.019597049871
 30
0.0
 10
-1271.417267289574
 20
-867.0505419611927
 30
0.0
 10
-1271.467053318459
 20
-867.0846894064512
 30
0.0
 10
-1271.513545441508
 20
-867.1223740056025
 30
0.0
 10
-1271.558334034892
 20
-867.1618351331266
 30
0.0
 10
-1271.598744593695
 20
-867.2057459503079
 30
0.0
 10
-1271.637120038993
 20
-867.2520665554268
 30
0.0
 10
-1271.672155409532
 20
-867.3017832610544
 30
0.0
 10
-1271.704801227538
 20
-867.3537836401892
 30
0.0
 10
-1271.733157216957
 20
-867.408538756755
 30
0.0
 10
-1271.758843295214
 20
-867.4645570875699
 30
0.0
 10
-1271.779703955771
 20
-867.522689577053
 30
0.0
 10
-1271.796519619005
 20
-867.5822280020977
 30
0.0
 10
-1271.81081881017
 20
-867.6429597076695
 30
0.0
 10
-1271.819623265693
 20
-867.7054786753313
 30
0.0
 10
-1271.826290775527
 20
-867.7692429522796
 30
0.0
 10
-1271.826702455353
 20
-867.8123369003895
 30
0.0
 10
-1271.826909627183
 20
-867.8340232972715
 30
0.0
  0
SPLINE
  5
A7
330
1F
100
AcDbEntity
  8
0
  6
Continuous
 62
     7
370
    25
100
AcDbSpline
210
0.0
220
0.0
230
1.0
 70
     8
 71
     3
 72
    19
 73
    15
 74
     0
 42
0.00000001
 43
0.00000001
 40
0.0
 40
0.0
 40
0.0
 40
0.0
 40
0.1170435447141763
 40
0.2299601294568604
 40
0.3406892903829588
 40
0.4498805794902786
 40
0.5060795988630766
 40
0.565320809336019
 40
0.6282204711765125
 40
0.694741730538009
 40
0.7650286392217555
 40
0.8395868963813546
 40
0.9177532318239173
 40
1.0
 40
1.0
 40
1.0
 40
1.0
 10
-1271.826909627183
 20
-867.8340232972716
 30
0.0
 10
-1271.825844056766
 20
-867.8708066141912
 30
0.0
 10
-1271.823750487985
 20
-867.9430762668351
 30
0.0
 10
-1271.80742604093
 20
-868.0491516087932
 30
0.0
 10
-1271.780408808172
 20
-868.150360751596
 30
0.0
 10
-1271.748823591755
 20
-868.2313557606934
 30
0.0
 10
-1271.717551278438
 20
-868.2947000779651
 30
0.0
 10
-1271.688221992303
 20
-868.3424886402694
 30
0.0
 10
-1271.655978744007
 20
-868.3922340326437
 30
0.0
 10
-1271.618834114444
 20
-868.4428359508092
 30
0.0
 10
-1271.577513773366
 20
-868.4948476323118
 30
0.0
 10
-1271.531055931079
 20
-868.5473172089492
 30
0.0
 10
-1271.481006737189
 20
-868.6015977981662
 30
0.0
 10
-1271.445284946692
 20
-868.637156085447
 30
0.0
 10
-1271.426969723337
 20
-868.6553874776758
 30
0.0
  0
SPLINE
  5
A9
330
1F
100
AcDbEntity
  8
0
  6
Continuous
 62
     7
370
    25
100
AcDbSpline
210
0.0
220
0.0
230
1.0
 70
     8
 71
     3
 72
    23
 73
    19
 74
     0
 42
0.00000001
 43
0.00000001
 40
0.0
 40
0.0
 40
0.0
 40
0.0
 40
0.0777835633200469
 40
0.1518168810519509
 40
0.2225416324691506
 40
0.2902798746034323
 40
0.3546434662369355
 40
0.415801105222085
 40
0.4747128342893012
 40
0.5304303753738393
 40
0.5855844661713986
 40
0.6413066787376334
 40
0.697900279636111
 40
0.7554199735123598
 40
0.8145213875304246
 40
0.8748764467719349
 40
0.9366692062363038
 40
1.0
 40
1.0
 40
1.0
 40
1.0
 10
-1271.795509386798
 20
-869.0062989350315
 30
0.0
 10
-1271.819324782105
 20
-868.9816317486886
 30
0.0
 10
-1271.865807340657
 20
-868.9334866761943
 30
0.0
 10
-1271.93180822055
 20
-868.8608611657954
 30
0.0
 10
-1271.991117406615
 20
-868.7883270766143
 30
0.0
 10
-1272.045887291348
 20
-868.7176365952478
 30
0.0
 10
-1272.094523227036
 20
-868.6476320387479
 30
0.0
 10
-1272.137070534908
 20
-868.5783197897102
 30
0.0
 10
-1272.174616687988
 20
-868.5104881177798
 30
0.0
 10
-1272.206488942628
 20
-868.4427157292599
 30
0.0
 10
-1272.233724517987
 20
-868.3744646415985
 30
0.0
 10
-1272.256693656174
 20
-868.3042710418234
 30
0.0
 10
-1272.276744139493
 20
-868.2321013903073
 30
0.0
 10
-1272.292522835958
 20
-868.15735797565
 30
0.0
 10
-1272.305367786913
 20
-868.0803742956076
 30
0.0
 10
-1272.313855447769
 20
-868.0009029739815
 30
0.0
 10
-1272.319741106538
 20
-867.9193153270977
 30
0.0
 10
-1272.320244553218
 20
-867.8641490279766
 30
0.0
 10
-1272.320499370773
 20
-867.8362268229064
 30
0.0
  0
SPLINE
  5
AA
330
1F
100
AcDbEntity
  8
0
  6
Continuous
 62
     7
370
    25
100
AcDbSpline
210
0.0
220
0.0
230
1.0
 70
     8
 71
     3
 72
    23
 73
    19
 74
     0
 42
0.00000001
 43
0.00000001
 40
0.0
 40
0.0
 40
0.0
 40
0.0
 40
0.0673740544035635
 40
0.1318322966942474
 40
0.1944547514618814
 40
0.255566218112238
 40
0.3155873806721237
 40
0.3756245423466712
 40
0.4361329772354778
 40
0.4977717426514743
 40
0.5594614804090331
 40
0.6202669139556178
 40
0.6807748678609399
 40
0.7415750362255012
 40
0.8032218278606431
 40
0.8664970990943514
 40
0.9319126544756279
 40
1.0
 40
1.0
 40
1.0
 40
1.0
 10
-1272.320499370773
 20
-867.8362268229064
 30
0.0
 10
-1272.319189635538
 20
-867.7849391677609
 30
0.0
 10
-1272.316626847748
 20
-867.6845834829239
 30
0.0
 10
-1272.297703693511
 20
-867.537500664439
 30
0.0
 10
-1272.265769907029
 20
-867.3976600155364
 30
0.0
 10
-1272.221220278192
 20
-867.2648102635137
 30
0.0
 10
-1272.163372822398
 20
-867.1393579840369
 30
0.0
 10
-1272.093181581317
 20
-867.0209097567798
 30
0.0
 10
-1272.009980364417
 20
-866.9096628346334
 30
0.0
 10
-1271.915008793483
 20
-866.8065744861059
 30
0.0
 10
-1271.810098599678
 20
-866.7133553868134
 30
0.0
 10
-1271.69749699756
 20
-866.6308673545079
 30
0.0
 10
-1271.576395366311
 20
-866.5629333593871
 30
0.0
 10
-1271.44938778071
 20
-866.5052948561454
 30
0.0
 10
-1271.314488622262
 20
-866.4621035535534
 30
0.0
 10
-1271.172916859821
 20
-866.4306640921357
 30
0.0
 10
-1271.024064960978
 20
-866.4115333437015
 30
0.0
 10
-1270.922419396341
 20
-866.4094200201966
 30
0.0
 10
-1270.870579498978
 20
-866.4083422114994
 30
0.0
  0
SPLINE
  5
AB
330
1F
100
AcDbEntity
  8
0
  6
Continuous
 62
     7
370
    25
100
AcDbSpline
210
0.0
220
0.0
230
1.0
 70
     8
 71
     3
 72
    31
 73
    27
 74
     0
 42
0.00000001
 43
0.00000001
 40
0.0
 40
0.0
 40
0.0
 40
0.0
 40
0.0446684219862434
 40
0.088521895056138
 40
0.130975902544901
 40
0.1729079032401166
 40
0.2140086703208885
 40
0.2549982425581577
 40
0.2953090930121979
 40
0.3359074476453491
 40
0.3763204323130632
 40
0.4163225794753762
 40
0.4564988015270508
 40
0.4966654947226859
 40
0.5371985214645646
 40
0.5780924403283635
 40
0.6199013729927517
 40
0.6626036496254089
 40
0.7052714349704106
 40
0.7476282300147489
 40
0.7894089819447727
 40
0.8312481877286363
 40
0.8728105995624001
 40
0.9148604067059946
 40
0.9570221044372977
 40
1.0
 40
1.0
 40
1.0
 40
1.0
 10
-1270.870579498978
 20
-866.4083422114994
 30
0.0
 10
-1270.836772229927
 20
-866.4088174932897
 30
0.0
 10
-1270.769774485436
 20
-866.4097593856352
 30
0.0
 10
-1270.670991938602
 20
-866.4188730921464
 30
0.0
 10
-1270.574976554897
 20
-866.4332077379829
 30
0.0
 10
-1270.482023701173
 20
-866.452919342773
 30
0.0
 10
-1270.391615403244
 20
-866.4783481974013
 30
0.0
 10
-1270.304347030032
 20
-866.5096004444038
 30
0.0
 10
-1270.219856963524
 20
-866.5468141569863
 30
0.0
 10
-1270.138685437104
 20
-866.589825115466
 30
0.0
 10
-1270.060382560047
 20
-866.6374440523539
 30
0.0
 10
-1269.986313823121
 20
-866.6908637263112
 30
0.0
 10
-1269.915682571533
 20
-866.7484474193815
 30
0.0
 10
-1269.84940810812
 20
-866.8116147618016
 30
0.0
 10
-1269.787229699598
 20
-866.8795055932325
 30
0.0
 10
-1269.728384882261
 20
-866.9519328910932
 30
0.0
 10
-1269.673976104647
 20
-867.0297719146149
 30
0.0
 10
-1269.623736096774
 20
-867.1119033671957
 30
0.0
 10
-1269.577843901676
 20
-867.1970377340976
 30
0.0
 10
-1269.538385198327
 20
-867.2845796685505
 30
0.0
 10
-1269.504461172989
 20
-867.3737240812591
 30
0.0
 10
-1269.476858242601
 20
-867.4644327594311
 30
0.0
 10
-1269.456093949147
 20
-867.5571260655817
 30
0.0
 10
-1269.440409365621
 20
-867.6510561032698
 30
0.0
 10
-1269.43163435453
 20
-867.7470011102135
 30
0.0
 10
-1269.430198526238
 20
-867.8114206241374
 30
0.0
 10
-1269.429473729747
 20
-867.8439391626284
 30
0.0
  0
SPLINE
  5
AC
330
1F
100
AcDbEntity
  8
0
  6
Continuous
 62
     7
370
    25
100
AcDbSpline
210
0.0
220
0.0
230
1.0
 70
     8
 71
     3
 72
    23
 73
    19
 74
     0
 42
0.00000001
 43
0.00000001
 40
0.0
 40
0.0
 40
0.0
 40
0.0
 40
0.0622757783708044
 40
0.123904062007511
 40
0.185067240768781
 40
0.2468401515202481
 40
0.3084353298497979
 40
0.370241250709136
 40
0.4325865888798362
 40
0.4959245816612258
 40
0.5593510709509503
 40
0.6219426542010745
 40
0.6843928672352501
 40
0.7469858082645741
 40
0.8094414645316867
 40
0.8725078327139618
 40
0.935769297066182
 40
1.0
 40
1.0
 40
1.0
 40
1.0
 10
-1269.429473729747
 20
-867.8439391626284
 30
0.0
 10
-1269.42988929249
 20
-867.8716807557356
 30
0.0
 10
-1269.43071609728
 20
-867.9268755066073
 30
0.0
 10
-1269.437608414804
 20
-868.0090697527154
 30
0.0
 10
-1269.448432729756
 20
-868.0906066477247
 30
0.0
 10
-1269.464764315884
 20
-868.1711942645309
 30
0.0
 10
-1269.484151972432
 20
-868.2514090481509
 30
0.0
 10
-1269.509537434393
 20
-868.3301968864419
 30
0.0
 10
-1269.537834315666
 20
-868.4088007001576
 30
0.0
 10
-1269.571657459349
 20
-868.4859877052127
 30
0.0
 10
-1269.608578475875
 20
-868.5618656433494
 30
0.0
 10
-1269.650466709942
 20
-868.6346569543571
 30
0.0
 10
-1269.694744406403
 20
-868.7055837976174
 30
0.0
 10
-1269.744032113336
 20
-868.7730744768664
 30
0.0
 10
-1269.796542073969
 20
-868.8383932378563
 30
0.0
 10
-1269.852519276751
 20
-868.9011985230718
 30
0.0
 10
-1269.912897025992
 20
-868.9609391794114
 30
0.0
 10
-1269.955557469984
 20
-868.9984290982597
 30
0.0
 10
-1269.977049851542
 20
-869.017316563206
 30
0.0
  0
SPLINE
  5
AF
330
1F
100
AcDbEntity
  8
0
  6
Continuous
 62
     7
370
    25
100
AcDbSpline
210
0.0
220
0.0
230
1.0
 70
     8
 71
     3
 72
    31
 73
    27
 74
     0
 42
0.00000001
 43
0.00000001
 40
0.0
 40
0.0
 40
0.0
 40
0.0
 40
0.0446684219862434
 40
0.088521895056138
 40
0.130975902544901
 40
0.1729079032401166
 40
0.2140086703208885
 40
0.2549982425581577
 40
0.2953090930121979
 40
0.3359074476453491
 40
0.3763204323130632
 40
0.4163225794753762
 40
0.4564988015270508
 40
0.4966654947226859
 40
0.5371985214645646
 40
0.5780924403283635
 40
0.6199013729927517
 40
0.6626036496254089
 40
0.7052714349704106
 40
0.7476282300147489
 40
0.7894089819447727
 40
0.8312481877286363
 40
0.8728105995624001
 40
0.9148604067059946
 40
0.9570221044372977
 40
1.0
 40
1.0
 40
1.0
 40
1.0
 10
-1270.870579498978
 20
-866.4083347473406
 30
0.0
 10
-1270.836772229927
 20
-866.4088100291308
 30
0.0
 10
-1270.769774485436
 20
-866.4097519214764
 30
0.0
 10
-1270.670991938602
 20
-866.4188656279877
 30
0.0
 10
-1270.574976554897
 20
-866.4332002738241
 30
0.0
 10
-1270.482023701173
 20
-866.4529118786141
 30
0.0
 10
-1270.391615403244
 20
-866.4783407332424
 30
0.0
 10
-1270.304347030032
 20
-866.5095929802449
 30
0.0
 10
-1270.219856963524
 20
-866.5468066928274
 30
0.0
 10
-1270.138685437104
 20
-866.5898176513072
 30
0.0
 10
-1270.060382560047
 20
-866.637436588195
 30
0.0
 10
-1269.986313823121
 20
-866.6908562621524
 30
0.0
 10
-1269.915682571533
 20
-866.7484399552227
 30
0.0
 10
-1269.84940810812
 20
-866.8116072976427
 30
0.0
 10
-1269.787229699598
 20
-866.8794981290736
 30
0.0
 10
-1269.728384882261
 20
-866.9519254269343
 30
0.0
 10
-1269.673976104647
 20
-867.0297644504561
 30
0.0
 10
-1269.623736096774
 20
-867.111895903037
 30
0.0
 10
-1269.577843901676
 20
-867.1970302699388
 30
0.0
 10
-1269.538385198327
 20
-867.2845722043916
 30
0.0
 10
-1269.504461172989
 20
-867.3737166171003
 30
0.0
 10
-1269.476858242601
 20
-867.4644252952722
 30
0.0
 10
-1269.456093949147
 20
-867.5571186014229
 30
0.0
 10
-1269.440409365621
 20
-867.651048639111
 30
0.0
 10
-1269.43163435453
 20
-867.7469936460546
 30
0.0
 10
-1269.430198526238
 20
-867.8114131599785
 30
0.0
 10
-1269.429473729747
 20
-867.8439316984696
 30
0.0
  0
SPLINE
  5
B1
330
1F
100
AcDbEntity
  8
0
  6
Continuous
 62
     7
370
    25
100
AcDbSpline
210
0.0
220
0.0
230
1.0
 70
     8
 71
     3
 72
    23
 73
    19
 74
     0
 42
0.00000001
 43
0.00000001
 40
0.0
 40
0.0
 40
0.0
 40
0.0
 40
0.0673740544035635
 40
0.1318322966942474
 40
0.1944547514618814
 40
0.255566218112238
 40
0.3155873806721237
 40
0.3756245423466712
 40
0.4361329772354778
 40
0.4977717426514743
 40
0.5594614804090331
 40
0.6202669139556178
 40
0.6807748678609399
 40
0.7415750362255012
 40
0.8032218278606431
 40
0.8664970990943514
 40
0.9319126544756279
 40
1.0
 40
1.0
 40
1.0
 40
1.0
 10
-1272.320499370773
 20
-867.8362193587476
 30
0.0
 10
-1272.319189635538
 20
-867.7849317036021
 30
0.0
 10
-1272.316626847748
 20
-867.684576018765
 30
0.0
 10
-1272.297703693511
 20
-867.5374932002802
 30
0.0
 10
-1272.265769907029
 20
-867.3976525513775
 30
0.0
 10
-1272.221220278192
 20
-867.2648027993548
 30
0.0
 10
-1272.163372822398
 20
-867.1393505198781
 30
0.0
 10
-1272.093181581317
 20
-867.0209022926209
 30
0.0
 10
-1272.009980364417
 20
-866.9096553704746
 30
0.0
 10
-1271.915008793483
 20
-866.806567021947
 30
0.0
 10
-1271.810098599678
 20
-866.7133479226545
 30
0.0
 10
-1271.69749699756
 20
-866.630859890349
 30
0.0
 10
-1271.576395366311
 20
-866.5629258952282
 30
0.0
 10
-1271.44938778071
 20
-866.5052873919865
 30
0.0
 10
-1271.314488622262
 20
-866.4620960893947
 30
0.0
 10
-1271.172916859821
 20
-866.4306566279768
 30
0.0
 10
-1271.024064960978
 20
-866.4115258795428
 30
0.0
 10
-1270.922419396341
 20
-866.4094125560378
 30
0.0
 10
-1270.870579498978
 20
-866.4083347473406
 30
0.0
  0
SPLINE
  5
C9
330
1F
100
AcDbEntity
  8
0
  6
Continuous
 62
     7
370
    25
100
AcDbSpline
210
0.0
220
0.0
230
1.0
 70
     8
 71
     3
 72
    23
 73
    19
 74
     0
 42
0.00000001
 43
0.00000001
 40
0.0
 40
0.0
 40
0.0
 40
0.0
 40
0.0667486513092778
 40
0.1311519760901991
 40
0.1937321970571069
 40
0.255325543378626
 40
0.3163881857773858
 40
0.378026862906905
 40
0.4404056792054064
 40
0.5045574293240761
 40
0.5686582873620758
 40
0.6309861790900938
 40
0.6922881348733338
 40
0.7526154469796602
 40
0.8131995384356114
 40
0.8740161248608115
 40
0.9361583555105758
 40
1.0
 40
1.0
 40
1.0
 40
1.0
 10
-1272.320499370773
 20
-850.3840533939584
 30
0.0
 10
-1272.319353190548
 20
-850.3334766235263
 30
0.0
 10
-1272.317101103077
 20
-850.2341001828593
 30
0.0
 10
-1272.295684779357
 20
-850.0886623170729
 30
0.0
 10
-1272.263424314488
 20
-849.9493202747636
 30
0.0
 10
-1272.21527730133
 20
-849.8172446093191
 30
0.0
 10
-1272.155089486362
 20
-849.6910902429778
 30
0.0
 10
-1272.080964583732
 20
-849.5717840689155
 30
0.0
 10
-1271.993025090569
 20
-849.4593661818328
 30
0.0
 10
-1271.893523169946
 20
-849.3544814291588
 30
0.0
 10
-1271.784646244719
 20
-849.2594555892294
 30
0.0
 10
-1271.669627428314
 20
-849.1755766461029
 30
0.0
 10
-1271.549345363343
 20
-849.10482289687
 30
0.0
 10
-1271.423743755241
 20
-849.0471917527871
 30
0.0
 10
-1271.293603187438
 20
-849.0017576738836
 30
0.0
 10
-1271.158131066329
 20
-848.9697090934477
 30
0.0
 10
-1271.017652303244
 20
-848.9507772322085
 30
0.0
 10
-1270.922236319157
 20
-848.9481401338658
 30
0.0
 10
-1270.87388478744
 20
-848.9468037986031
 30
0.0
  0
SPLINE
  5
CB
330
1F
100
AcDbEntity
  8
0
  6
Continuous
 62
     7
370
    25
100
AcDbSpline
210
0.0
220
0.0
230
1.0
 70
     8
 71
     3
 72
    23
 73
    19
 74
     0
 42
0.00000001
 43
0.00000001
 40
0.0
 40
0.0
 40
0.0
 40
0.0
 40
0.0667486513092778
 40
0.1311519760901991
 40
0.1937321970571069
 40
0.255325543378626
 40
0.3163881857773858
 40
0.378026862906905
 40
0.4404056792054064
 40
0.5045574293240761
 40
0.5686582873620758
 40
0.6309861790900938
 40
0.6922881348733338
 40
0.7526154469796602
 40
0.8131995384356114
 40
0.8740161248608115
 40
0.9361583555105758
 40
1.0
 40
1.0
 40
1.0
 40
1.0
 10
-1272.320499370773
 20
-850.3840459297995
 30
0.0
 10
-1272.319353190548
 20
-850.3334691593675
 30
0.0
 10
-1272.317101103077
 20
-850.2340927187005
 30
0.0
 10
-1272.295684779357
 20
-850.088654852914
 30
0.0
 10
-1272.263424314488
 20
-849.9493128106049
 30
0.0
 10
-1272.21527730133
 20
-849.8172371451602
 30
0.0
 10
-1272.155089486362
 20
-849.691082778819
 30
0.0
 10
-1272.080964583732
 20
-849.5717766047566
 30
0.0
 10
-1271.993025090569
 20
-849.4593587176739
 30
0.0
 10
-1271.893523169946
 20
-849.354473965
 30
0.0
 10
-1271.784646244719
 20
-849.2594481250705
 30
0.0
 10
-1271.669627428314
 20
-849.1755691819441
 30
0.0
 10
-1271.549345363343
 20
-849.1048154327112
 30
0.0
 10
-1271.423743755241
 20
-849.0471842886283
 30
0.0
 10
-1271.293603187438
 20
-849.0017502097248
 30
0.0
 10
-1271.158131066329
 20
-848.9697016292889
 30
0.0
 10
-1271.017652303244
 20
-848.9507697680497
 30
0.0
 10
-1270.922236319157
 20
-848.948132669707
 30
0.0
 10
-1270.87388478744
 20
-848.9467963344442
 30
0.0
  0
SPLINE
  5
CD
330
1F
100
AcDbEntity
  8
0
  6
Continuous
 62
     7
370
    25
100
AcDbSpline
210
0.0
220
0.0
230
1.0
 70
     8
 71
     3
 72
    31
 73
    27
 74
     0
 42
0.00000001
 43
0.00000001
 40
0.0
 40
0.0
 40
0.0
 40
0.0
 40
0.0431146534517515
 40
0.0856833765063335
 40
0.1275952350491163
 40
0.1690061767341784
 40
0.210449318387411
 40
0.251828751431361
 40
0.2934617219786964
 40
0.3353990347871836
 40
0.377495088044156
 40
0.4187072669683642
 40
0.4598921039757321
 40
0.500892267624511
 40
0.5418924312732738
 40
0.5832317276768262
 40
0.6249820154886095
 40
0.667206737573219
 40
0.7095891236475076
 40
0.7511008750875754
 40
0.79256689928332
 40
0.8335439202427725
 40
0.8748265289600234
 40
0.916017123668674
 40
0.9578589031367666
 40
1.0
 40
1.0
 40
1.0
 40
1.0
 10
-1270.87388478744
 20
-848.9468037986031
 30
0.0
 10
-1270.841357771854
 20
-848.9472288824936
 30
0.0
 10
-1270.776715607302
 20
-848.9480736677376
 30
0.0
 10
-1270.680895176453
 20
-848.9580311927174
 30
0.0
 10
-1270.587079153617
 20
-848.9727901262805
 30
0.0
 10
-1270.495106291985
 20
-848.9930283154669
 30
0.0
 10
-1270.405322002713
 20
-849.0201219212582
 30
0.0
 10
-1270.317535552093
 20
-849.0534873141527
 30
0.0
 10
-1270.23140597667
 20
-849.0918697125678
 30
0.0
 10
-1270.147764512666
 20
-849.1365987209136
 30
0.0
 10
-1270.067418021953
 20
-849.1863636221161
 30
0.0
 10
-1269.99073454749
 20
-849.2406529994722
 30
0.0
 10
-1269.918647567618
 20
-849.2996153502021
 30
0.0
 10
-1269.850669233075
 20
-849.3630488065453
 30
0.0
 10
-1269.787296501302
 20
-849.4312078863898
 30
0.0
 10
-1269.727348011894
 20
-849.5031789541092
 30
0.0
 10
-1269.673240595702
 20
-849.5807608666063
 30
0.0
 10
-1269.622454748083
 20
-849.6614305452969
 30
0.0
 10
-1269.57694687228
 20
-849.745047959675
 30
0.0
 10
-1269.537732257479
 20
-849.8311338853524
 30
0.0
 10
-1269.503913085932
 20
-849.9183679945495
 30
0.0
 10
-1269.477066552644
 20
-850.0077980788561
 30
0.0
 10
-1269.455229510117
 20
-850.0983849661793
 30
0.0
 10
-1269.440781570177
 20
-850.191076330079
 30
0.0
 10
-1269.430741654987
 20
-850.285040127121
 30
0.0
 10
-1269.429897374508
 20
-850.3484029161689
 30
0.0
 10
-1269.429473729747
 20
-850.3801972240972
 30
0.0
  0
SPLINE
  5
CE
330
1F
100
AcDbEntity
  8
0
  6
Continuous
 62
     7
370
    25
100
AcDbSpline
210
0.0
220
0.0
230
1.0
 70
     8
 71
     3
 72
    31
 73
    27
 74
     0
 42
0.00000001
 43
0.00000001
 40
0.0
 40
0.0
 40
0.0
 40
0.0
 40
0.0431146534517515
 40
0.0856833765063335
 40
0.1275952350491163
 40
0.1690061767341784
 40
0.210449318387411
 40
0.251828751431361
 40
0.2934617219786964
 40
0.3353990347871836
 40
0.377495088044156
 40
0.4187072669683642
 40
0.4598921039757321
 40
0.500892267624511
 40
0.5418924312732738
 40
0.5832317276768262
 40
0.6249820154886095
 40
0.667206737573219
 40
0.7095891236475076
 40
0.7511008750875754
 40
0.79256689928332
 40
0.8335439202427725
 40
0.8748265289600234
 40
0.916017123668674
 40
0.9578589031367666
 40
1.0
 40
1.0
 40
1.0
 40
1.0
 10
-1270.87388478744
 20
-848.9467963344442
 30
0.0
 10
-1270.841357771854
 20
-848.9472214183348
 30
0.0
 10
-1270.776715607302
 20
-848.9480662035787
 30
0.0
 10
-1270.680895176453
 20
-848.9580237285586
 30
0.0
 10
-1270.587079153617
 20
-848.9727826621217
 30
0.0
 10
-1270.495106291985
 20
-848.993020851308
 30
0.0
 10
-1270.405322002713
 20
-849.0201144570993
 30
0.0
 10
-1270.317535552093
 20
-849.0534798499938
 30
0.0
 10
-1270.23140597667
 20
-849.0918622484089
 30
0.0
 10
-1270.147764512666
 20
-849.1365912567547
 30
0.0
 10
-1270.067418021953
 20
-849.1863561579572
 30
0.0
 10
-1269.99073454749
 20
-849.2406455353134
 30
0.0
 10
-1269.918647567618
 20
-849.2996078860432
 30
0.0
 10
-1269.850669233075
 20
-849.3630413423865
 30
0.0
 10
-1269.787296501302
 20
-849.4312004222309
 30
0.0
 10
-1269.727348011894
 20
-849.5031714899503
 30
0.0
 10
-1269.673240595702
 20
-849.5807534024474
 30
0.0
 10
-1269.622454748083
 20
-849.661423081138
 30
0.0
 10
-1269.57694687228
 20
-849.7450404955163
 30
0.0
 10
-1269.537732257479
 20
-849.8311264211935
 30
0.0
 10
-1269.503913085932
 20
-849.9183605303906
 30
0.0
 10
-1269.477066552644
 20
-850.0077906146973
 30
0.0
 10
-1269.455229510117
 20
-850.0983775020204
 30
0.0
 10
-1269.440781570177
 20
-850.1910688659201
 30
0.0
 10
-1269.430741654987
 20
-850.2850326629621
 30
0.0
 10
-1269.429897374508
 20
-850.34839545201
 30
0.0
 10
-1269.429473729747
 20
-850.3801897599384
 30
0.0
  0
SPLINE
  5
CF
330
1F
100
AcDbEntity
  8
0
  6
Continuous
 62
     7
370
    25
100
AcDbSpline
210
0.0
220
0.0
230
1.0
 70
     8
 71
     3
 72
    15
 73
    11
 74
     0
 42
0.00000001
 43
0.00000001
 40
0.0
 40
0.0
 40
0.0
 40
0.0
 40
0.1347974749322508
 40
0.2641807160249321
 40
0.3884348509864118
 40
0.5096667719093455
 40
0.6304352663621023
 40
0.7506883421087395
 40
0.8734635098861713
 40
1.0
 40
1.0
 40
1.0
 40
1.0
 10
-1270.880495364362
 20
-849.4403935408178
 30
0.0
 10
-1270.918187014689
 20
-849.4415161703981
 30
0.0
 10
-1270.992056404129
 20
-849.4437163383649
 30
0.0
 10
-1271.099854629895
 20
-849.4590421914555
 30
0.0
 10
-1271.20144508614
 20
-849.4856609440436
 30
0.0
 10
-1271.297178335299
 20
-849.5226966061009
 30
0.0
 10
-1271.386565232056
 20
-849.5708691118739
 30
0.0
 10
-1271.47008785778
 20
-849.6292711405929
 30
0.0
 10
-1271.547338848935
 20
-849.6984208702312
 30
0.0
 10
-1271.592466780944
 20
-849.751629192308
 30
0.0
 10
-1271.615371165645
 20
-849.7786347257729
 30
0.0
  0
SPLINE
  5
D0
330
1F
100
AcDbEntity
  8
0
  6
Continuous
 62
     7
370
    25
100
AcDbSpline
210
0.0
220
0.0
230
1.0
 70
     8
 71
     3
 72
    15
 73
    11
 74
     0
 42
0.00000001
 43
0.00000001
 40
0.0
 40
0.0
 40
0.0
 40
0.0
 40
0.1279910255625085
 40
0.2530983915016941
 40
0.3761840584328136
 40
0.4989363124701771
 40
0.6215258806256885
 40
0.7457068938016846
 40
0.8715753502968073
 40
1.0
 40
1.0
 40
1.0
 40
1.0
 10
-1271.615371165645
 20
-849.7786347257729
 30
0.0
 10
-1271.632290218072
 20
-849.8007614445569
 30
0.0
 10
-1271.66574713379
 20
-849.8445163633783
 30
0.0
 10
-1271.708629034809
 20
-849.914358740025
 30
0.0
 10
-1271.745383101703
 20
-849.9862826353665
 30
0.0
 10
-1271.775079952958
 20
-850.0608308053654
 30
0.0
 10
-1271.798438996987
 20
-850.1378458081234
 30
0.0
 10
-1271.814796951419
 20
-850.2173170825216
 30
0.0
 10
-1271.825062982483
 20
-850.2991320244887
 30
0.0
 10
-1271.826289967669
 20
-850.3544591224996
 30
0.0
 10
-1271.826909627183
 20
-850.3824007497321
 30
0.0
  0
SPLINE
  5
D1
330
1F
100
AcDbEntity
  8
0
  6
Continuous
 62
     7
370
    25
100
AcDbSpline
210
0.0
220
0.0
230
1.0
 70
     8
 71
     3
 72
    23
 73
    19
 74
     0
 42
0.00000001
 43
0.00000001
 40
0.0
 40
0.0
 40
0.0
 40
0.0
 40
0.0641406605573621
 40
0.1261987668920439
 40
0.18682152843772
 40
0.2469097531839783
 40
0.3072238656432855
 40
0.368111566112409
 40
0.4303215350331515
 40
0.4941194617508641
 40
0.5582179220090362
 40
0.6211001148787156
 40
0.6825583079831026
 40
0.7440627692317454
 40
0.8059092120499932
 40
0.8689819958481823
 40
0.9332544886887959
 40
1.0
 40
1.0
 40
1.0
 40
1.0
 10
-1271.826909627183
 20
-850.3824007497321
 30
0.0
 10
-1271.826038955429
 20
-850.4140250404174
 30
0.0
 10
-1271.824325881369
 20
-850.4762468269352
 30
0.0
 10
-1271.811502898361
 20
-850.5676634458088
 30
0.0
 10
-1271.789805218613
 20
-850.6552455882686
 30
0.0
 10
-1271.760027060086
 20
-850.7395263374038
 30
0.0
 10
-1271.721355441807
 20
-850.8203022549526
 30
0.0
 10
-1271.673436785851
 20
-850.8971533558247
 30
0.0
 10
-1271.617661214589
 20
-850.9706418198111
 30
0.0
 10
-1271.554048750444
 20
-851.0396488211244
 30
0.0
 10
-1271.484050210074
 20
-851.1026699023677
 30
0.0
 10
-1271.409114188345
 20
-851.1578140511551
 30
0.0
 10
-1271.330189543352
 20
-851.204655973937
 30
0.0
 10
-1271.247219659278
 20
-851.2426317948775
 30
0.0
 10
-1271.160231990873
 20
-851.2728138958315
 30
0.0
 10
-1271.069103715325
 20
-851.2932931139331
 30
0.0
 10
-1270.974162512396
 20
-851.3064910193998
 30
0.0
 10
-1270.909553474473
 20
-851.3081421374251
 30
0.0
 10
-1270.876639194491
 20
-851.3089832792023
 30
0.0
  0
SPLINE
  5
D2
330
1F
100
AcDbEntity
  8
0
  6
Continuous
 62
     7
370
    25
100
AcDbSpline
210
0.0
220
0.0
230
1.0
 70
     8
 71
     3
 72
    23
 73
    19
 74
     0
 42
0.00000001
 43
0.00000001
 40
0.0
 40
0.0
 40
0.0
 40
0.0
 40
0.0659391240576337
 40
0.1297911093794409
 40
0.1921752363052605
 40
0.2536170442157033
 40
0.3147191079962626
 40
0.3762822754112889
 40
0.4389729923738236
 40
0.5031747018386589
 40
0.5673294646238636
 40
0.6296509938059937
 40
0.6906498673030754
 40
0.7512376127977528
 40
0.8117541138236077
 40
0.8727877774488229
 40
0.9355396326682704
 40
1.0
 40
1.0
 40
1.0
 40
1.0
 10
-1270.876639194491
 20
-851.3089832792023
 30
0.0
 10
-1270.843914026428
 20
-851.3081133040059
 30
0.0
 10
-1270.779499523988
 20
-851.3064008905111
 30
0.0
 10
-1270.684804614505
 20
-851.2935559794132
 30
0.0
 10
-1270.594070565997
 20
-851.2719935615133
 30
0.0
 10
-1270.507149200181
 20
-851.2421347010554
 30
0.0
 10
-1270.423955301856
 20
-851.2040065173978
 30
0.0
 10
-1270.344781429944
 20
-851.1568571502983
 30
0.0
 10
-1270.269704126221
 20
-851.1008520410514
 30
0.0
 10
-1270.199235013802
 20
-851.0372801437678
 30
0.0
 10
-1270.134478413421
 20
-850.9680860407843
 30
0.0
 10
-1270.078281455853
 20
-850.8937992574301
 30
0.0
 10
-1270.029448086486
 20
-850.816498421284
 30
0.0
 10
-1269.991193996784
 20
-850.7344098740117
 30
0.0
 10
-1269.960717044665
 20
-850.6492130785738
 30
0.0
 10
-1269.938273379804
 20
-850.5603881596002
 30
0.0
 10
-1269.925722067646
 20
-850.4675986872688
 30
0.0
 10
-1269.923957570745
 20
-850.4044720906659
 30
0.0
 10
-1269.923063473337
 20
-850.3724848843752
 30
0.0
  0
SPLINE
  5
D3
330
1F
100
AcDbEntity
  8
0
  6
Continuous
 62
     7
370
    25
100
AcDbSpline
210
0.0
220
0.0
230
1.0
 70
     8
 71
     3
 72
    23
 73
    19
 74
     0
 42
0.00000001
 43
0.00000001
 40
0.0
 40
0.0
 40
0.0
 40
0.0
 40
0.0646042803089991
 40
0.1275029970170909
 40
0.1885083087179877
 40
0.248691029161106
 40
0.3085769854682265
 40
0.3687868172816208
 40
0.4298578584803858
 40
0.4927684662247329
 40
0.5557050102498254
 40
0.6176615136121559
 40
0.6789559516328018
 40
0.7401804574593299
 40
0.8023385813294615
 40
0.8663007643406646
 40
0.9317115376215467
 40
1.0
 40
1.0
 40
1.0
 40
1.0
 10
-1269.923063473337
 20
-850.3724848843752
 30
0.0
 10
-1269.923926870344
 20
-850.3403073353716
 30
0.0
 10
-1269.925630870536
 20
-850.2768017299379
 30
0.0
 10
-1269.938613015637
 20
-850.1836505455186
 30
0.0
 10
-1269.959347058135
 20
-850.0942222210848
 30
0.0
 10
-1269.989379776967
 20
-850.0090120131773
 30
0.0
 10
-1270.027604835413
 20
-849.9276523883182
 30
0.0
 10
-1270.073884045188
 20
-849.84999248
 30
0.0
 10
-1270.129825894114
 20
-849.777132897655
 30
0.0
 10
-1270.192360146784
 20
-849.7080049981853
 30
0.0
 10
-1270.262325506512
 20
-849.645769908152
 30
0.0
 10
-1270.336488394954
 20
-849.5898121321305
 30
0.0
 10
-1270.416633295854
 20
-849.5445679990898
 30
0.0
 10
-1270.500120452982
 20
-849.5056645037073
 30
0.0
 10
-1270.589061168022
 20
-849.4769282552725
 30
0.0
 10
-1270.682011940342
 20
-849.4550485987417
 30
0.0
 10
-1270.779926976014
 20
-849.4431314922126
 30
0.0
 10
-1270.846494973889
 20
-849.4413191936801
 30
0.0
 10
-1270.880495364362
 20
-849.4403935408178
 30
0.0
  0
SPLINE
  5
D4
330
1F
100
AcDbEntity
  8
0
  6
Continuous
 62
     7
370
    25
100
AcDbSpline
210
0.0
220
0.0
230
1.0
 70
     8
 71
     3
 72
    23
 73
    19
 74
     0
 42
0.00000001
 43
0.00000001
 40
0.0
 40
0.0
 40
0.0
 40
0.0
 40
0.0633903084365273
 40
0.1251468264882914
 40
0.1856339803375141
 40
0.2459561608801548
 40
0.3063019366504817
 40
0.367331893508046
 40
0.4300718058606122
 40
0.4947042939121092
 40
0.5593679779080593
 40
0.6225450483920231
 40
0.6844876209155254
 40
0.7458278046411919
 40
0.8074463384668865
 40
0.8700063605607978
 40
0.9339333792110804
 40
1.0
 40
1.0
 40
1.0
 40
1.0
 10
-1269.429473729747
 20
-850.3801972240972
 30
0.0
 10
-1269.430710932795
 20
-850.4280097317599
 30
0.0
 10
-1269.433153451831
 20
-850.5224024512149
 30
0.0
 10
-1269.453536549533
 20
-850.6612133675789
 30
0.0
 10
-1269.486691149079
 20
-850.7950094083948
 30
0.0
 10
-1269.533035302108
 20
-850.9237622225381
 30
0.0
 10
-1269.592856773931
 20
-851.0472969304602
 30
0.0
 10
-1269.666401860943
 20
-851.1652968430722
 30
0.0
 10
-1269.752525658933
 20
-851.2785237397926
 30
0.0
 10
-1269.851069972478
 20
-851.3848872796107
 30
0.0
 10
-1269.958754938372
 20
-851.4824512664765
 30
0.0
 10
-1270.073566701351
 20
-851.5682326045201
 30
0.0
 10
-1270.194224255793
 20
-851.6408518473108
 30
0.0
 10
-1270.320620615783
 20
-851.7002380860869
 30
0.0
 10
-1270.453019012953
 20
-851.7462234828164
 30
0.0
 10
-1270.591350314818
 20
-851.7783224426793
 30
0.0
 10
-1270.735359197349
 20
-851.7989928234019
 30
0.0
 10
-1270.833414937656
 20
-851.8013665985329
 30
0.0
 10
-1270.883249771414
 20
-851.8025730214171
 30
0.0
  0
SPLINE
  5
D5
330
1F
100
AcDbEntity
  8
0
  6
Continuous
 62
     7
370
    25
100
AcDbSpline
210
0.0
220
0.0
230
1.0
 70
     8
 71
     3
 72
    23
 73
    19
 74
     0
 42
0.00000001
 43
0.00000001
 40
0.0
 40
0.0
 40
0.0
 40
0.0
 40
0.065715391818013
 40
0.1294942879729328
 40
0.1917019061466376
 40
0.2531344557972591
 40
0.3141789755718835
 40
0.3758085186960429
 40
0.4384697781378614
 40
0.5028163000495154
 40
0.5669652855344832
 40
0.6293823535076983
 40
0.6905093884811409
 40
0.7510985611508323
 40
0.8116877338204868
 40
0.8729427415664727
 40
0.9355081651828517
 40
1.0
 40
1.0
 40
1.0
 40
1.0
 10
-1270.883249771414
 20
-851.8025730214171
 30
0.0
 10
-1270.932523136798
 20
-851.8012882411834
 30
0.0
 10
-1271.029617884161
 20
-851.798756540512
 30
0.0
 10
-1271.172298874732
 20
-851.7791648418212
 30
0.0
 10
-1271.309151268681
 20
-851.7465283512624
 30
0.0
 10
-1271.440253495918
 20
-851.7013051020791
 30
0.0
 10
-1271.56563401391
 20
-851.6430621837084
 30
0.0
 10
-1271.68516188087
 20
-851.5717248036304
 30
0.0
 10
-1271.79838145334
 20
-851.4866419333083
 30
0.0
 10
-1271.905014920527
 20
-851.3906169273272
 30
0.0
 10
-1272.001777934359
 20
-851.2848995112276
 30
0.0
 10
-1272.087282491061
 20
-851.1728858897825
 30
0.0
 10
-1272.159216864263
 20
-851.0547988190519
 30
0.0
 10
-1272.218628226708
 20
-850.9314728768893
 30
0.0
 10
-1272.264559287395
 20
-850.8023688382207
 30
0.0
 10
-1272.296997855311
 20
-850.6677797808997
 30
0.0
 10
-1272.316703886982
 20
-850.5276829028312
 30
0.0
 10
-1272.319221485769
 20
-850.4324113913985
 30
0.0
 10
-1272.320499370773
 20
-850.3840533939584
 30
0.0
  0
SPLINE
  5
D7
330
1F
100
AcDbEntity
  8
0
  6
Continuous
 62
     7
370
    25
100
AcDbSpline
210
0.0
220
0.0
230
1.0
 70
     8
 71
     3
 72
    23
 73
    19
 74
     0
 42
0.00000001
 43
0.00000001
 40
0.0
 40
0.0
 40
0.0
 40
0.0
 40
0.0659391240576337
 40
0.1297911093794409
 40
0.1921752363052605
 40
0.2536170442157033
 40
0.3147191079962626
 40
0.3762822754112889
 40
0.4389729923738236
 40
0.5031747018386589
 40
0.5673294646238636
 40
0.6296509938059937
 40
0.6906498673030754
 40
0.7512376127977528
 40
0.8117541138236077
 40
0.8727877774488229
 40
0.9355396326682704
 40
1.0
 40
1.0
 40
1.0
 40
1.0
 10
-1270.876639194491
 20
-851.3089758150434
 30
0.0
 10
-1270.843914026428
 20
-851.308105839847
 30
0.0
 10
-1270.779499523988
 20
-851.3063934263523
 30
0.0
 10
-1270.684804614505
 20
-851.2935485152544
 30
0.0
 10
-1270.594070565997
 20
-851.2719860973544
 30
0.0
 10
-1270.507149200181
 20
-851.2421272368966
 30
0.0
 10
-1270.423955301856
 20
-851.2039990532389
 30
0.0
 10
-1270.344781429944
 20
-851.1568496861395
 30
0.0
 10
-1270.269704126221
 20
-851.1008445768927
 30
0.0
 10
-1270.199235013802
 20
-851.0372726796089
 30
0.0
 10
-1270.134478413421
 20
-850.9680785766254
 30
0.0
 10
-1270.078281455853
 20
-850.8937917932712
 30
0.0
 10
-1270.029448086486
 20
-850.8164909571252
 30
0.0
 10
-1269.991193996784
 20
-850.7344024098529
 30
0.0
 10
-1269.960717044665
 20
-850.6492056144149
 30
0.0
 10
-1269.938273379804
 20
-850.5603806954413
 30
0.0
 10
-1269.925722067646
 20
-850.46759122311
 30
0.0
 10
-1269.923957570745
 20
-850.404464626507
 30
0.0
 10
-1269.923063473337
 20
-850.3724774202163
 30
0.0
  0
SPLINE
  5
D8
330
1F
100
AcDbEntity
  8
0
  6
Continuous
 62
     7
370
    25
100
AcDbSpline
210
0.0
220
0.0
230
1.0
 70
     8
 71
     3
 72
    23
 73
    19
 74
     0
 42
0.00000001
 43
0.00000001
 40
0.0
 40
0.0
 40
0.0
 40
0.0
 40
0.0641406605573621
 40
0.1261987668920439
 40
0.18682152843772
 40
0.2469097531839783
 40
0.3072238656432855
 40
0.368111566112409
 40
0.4303215350331515
 40
0.4941194617508641
 40
0.5582179220090362
 40
0.6211001148787156
 40
0.6825583079831026
 40
0.7440627692317454
 40
0.8059092120499932
 40
0.8689819958481823
 40
0.9332544886887959
 40
1.0
 40
1.0
 40
1.0
 40
1.0
 10
-1271.826909627183
 20
-850.3823932855734
 30
0.0
 10
-1271.826038955429
 20
-850.4140175762585
 30
0.0
 10
-1271.824325881369
 20
-850.4762393627763
 30
0.0
 10
-1271.811502898361
 20
-850.56765598165
 30
0.0
 10
-1271.789805218613
 20
-850.6552381241097
 30
0.0
 10
-1271.760027060086
 20
-850.739518873245
 30
0.0
 10
-1271.721355441807
 20
-850.8202947907938
 30
0.0
 10
-1271.673436785851
 20
-850.8971458916659
 30
0.0
 10
-1271.617661214589
 20
-850.9706343556522
 30
0.0
 10
-1271.554048750444
 20
-851.0396413569655
 30
0.0
 10
-1271.484050210074
 20
-851.1026624382089
 30
0.0
 10
-1271.409114188345
 20
-851.1578065869962
 30
0.0
 10
-1271.330189543352
 20
-851.204648509778
 30
0.0
 10
-1271.247219659278
 20
-851.2426243307186
 30
0.0
 10
-1271.160231990873
 20
-851.2728064316727
 30
0.0
 10
-1271.069103715325
 20
-851.2932856497742
 30
0.0
 10
-1270.974162512396
 20
-851.306483555241
 30
0.0
 10
-1270.909553474473
 20
-851.3081346732663
 30
0.0
 10
-1270.876639194491
 20
-851.3089758150434
 30
0.0
  0
SPLINE
  5
D9
330
1F
100
AcDbEntity
  8
0
  6
Continuous
 62
     7
370
    25
100
AcDbSpline
210
0.0
220
0.0
230
1.0
 70
     8
 71
     3
 72
    19
 73
    15
 74
     0
 42
0.00000001
 43
0.00000001
 40
0.0
 40
0.0
 40
0.0
 40
0.0
 40
0.1551724566306546
 40
0.2855196254374002
 40
0.3905351838476034
 40
0.4710140952538909
 40
0.5384901716380107
 40
0.6029424696753046
 40
0.666559524580748
 40
0.730176579486253
 40
0.7949276728575487
 40
0.8602168475102749
 40
0.9281147463099978
 40
1.0
 40
1.0
 40
1.0
 40
1.0
 10
-1270.557678857952
 20
-847.6054075683655
 30
0.0
 10
-1270.557478087577
 20
-847.6371846277157
 30
0.0
 10
-1270.557108667103
 20
-847.6956548889988
 30
0.0
 10
-1270.551739368026
 20
-847.7754979262379
 30
0.0
 10
-1270.543574355055
 20
-847.8396808489176
 30
0.0
 10
-1270.531772376958
 20
-847.8903348942018
 30
0.0
 10
-1270.514187472596
 20
-847.9303350171565
 30
0.0
 10
-1270.49301419147
 20
-847.9644578581696
 30
0.0
 10
-1270.467532343347
 20
-847.9945255546669
 30
0.0
 10
-1270.437490565873
 20
-848.0201339433638
 30
0.0
 10
-1270.403303913953
 20
-848.0406633587353
 30
0.0
 10
-1270.365183156439
 20
-848.0548676624927
 30
0.0
 10
-1270.323994795232
 20
-848.0641028300615
 30
0.0
 10
-1270.295327848458
 20
-848.0649552017363
 30
0.0
 10
-1270.280585508593
 20
-848.0653935446484
 30
0.0
  0
SPLINE
  5
DA
330
1F
100
AcDbEntity
  8
0
  6
Continuous
 62
     7
370
    25
100
AcDbSpline
210
0.0
220
0.0
230
1.0
 70
     8
 71
     3
 72
    15
 73
    11
 74
     0
 42
0.00000001
 43
0.00000001
 40
0.0
 40
0.0
 40
0.0
 40
0.0
 40
0.1377876848510334
 40
0.2673412375377747
 40
0.3904443306693006
 40
0.5117778827580012
 40
0.6295089809480875
 40
0.7478290655177784
 40
0.8718853097296757
 40
1.0
 40
1.0
 40
1.0
 40
1.0
 10
-1270.280585508593
 20
-848.0653935446484
 30
0.0
 10
-1270.267705513077
 20
-848.0649595317577
 30
0.0
 10
-1270.242715224979
 20
-848.0641174423984
 30
0.0
 10
-1270.206648040694
 20
-848.0579312246585
 30
0.0
 10
-1270.173025984619
 20
-848.0480721731109
 30
0.0
 10
-1270.142200194613
 20
-848.0337867864141
 30
0.0
 10
-1270.114223048615
 20
-848.0153191640243
 30
0.0
 10
-1270.089105567797
 20
-847.992803395117
 30
0.0
 10
-1270.066309840079
 20
-847.9665284012082
 30
0.0
 10
-1270.054243713197
 20
-847.9462425697146
 30
0.0
 10
-1270.048113553465
 20
-847.9359364135987
 30
0.0
  0
SPLINE
  5
DB
330
1F
100
AcDbEntity
  8
0
  6
Continuous
 62
     7
370
    25
100
AcDbSpline
210
0.0
220
0.0
230
1.0
 70
     8
 71
     3
 72
    15
 73
    11
 74
     0
 42
0.00000001
 43
0.00000001
 40
0.0
 40
0.0
 40
0.0
 40
0.0
 40
0.0821011604416503
 40
0.173824981101296
 40
0.2789530937155955
 40
0.3966390953455269
 40
0.5273155915891844
 40
0.671298143082033
 40
0.8287543799634047
 40
1.0
 40
1.0
 40
1.0
 40
1.0
 10
-1270.048113553465
 20
-847.9359364135987
 30
0.0
 10
-1270.043698588068
 20
-847.9272065044585
 30
0.0
 10
-1270.034351201594
 20
-847.9087234978466
 30
0.0
 10
-1270.023484181373
 20
-847.8772451456294
 30
0.0
 10
-1270.014316652707
 20
-847.8409196078618
 30
0.0
 10
-1270.006707692425
 20
-847.7995016462139
 30
0.0
 10
-1270.00080234904
 20
-847.7531564888612
 30
0.0
 10
-1269.996286238655
 20
-847.7018924045067
 30
0.0
 10
-1269.994470134758
 20
-847.6456339532675
 30
0.0
 10
-1269.993882458693
 20
-847.6065095666356
 30
0.0
 10
-1269.99357629385
 20
-847.5861267190603
 30
0.0
  0
SPLINE
  5
E0
330
1F
100
AcDbEntity
  8
0
  6
Continuous
 62
     7
370
    25
100
AcDbSpline
210
0.0
220
0.0
230
1.0
 70
     8
 71
     3
 72
    31
 73
    27
 74
     0
 42
0.00000001
 43
0.00000001
 40
0.0
 40
0.0
 40
0.0
 40
0.0
 40
0.070781161004996
 40
0.1365516962322755
 40
0.1970124824343127
 40
0.2529226940754374
 40
0.303686532040065
 40
0.3497191510228035
 40
0.3912404712771343
 40
0.4284785554869734
 40
0.4630565648912152
 40
0.4971503576227215
 40
0.5310023337427324
 40
0.5642263769534265
 40
0.5977006695240165
 40
0.6314214209808401
 40
0.6655973468372177
 40
0.7004514363039209
 40
0.7358806839801361
 40
0.7710921079260917
 40
0.8069748450233054
 40
0.8435344028448428
 40
0.8809401955443881
 40
0.919294384307313
 40
0.9591802403135408
 40
1.0
 40
1.0
 40
1.0
 40
1.0
 10
-1269.49998655026
 20
-847.4880698283079
 30
0.0
 10
-1269.500147666513
 20
-847.524063704904
 30
0.0
 10
-1269.500458493538
 20
-847.5935034376439
 30
0.0
 10
-1269.504227684669
 20
-847.6936412453089
 30
0.0
 10
-1269.510982304767
 20
-847.7860232758823
 30
0.0
 10
-1269.519329947001
 20
-847.8706283047592
 30
0.0
 10
-1269.531033016606
 20
-847.9474215444424
 30
0.0
 10
-1269.54444966959
 20
-848.0164991631121
 30
0.0
 10
-1269.560795057783
 20
-848.0778754960232
 30
0.0
 10
-1269.580196807021
 20
-848.1322426525695
 30
0.0
 10
-1269.603070711349
 20
-848.1810354194404
 30
0.0
 10
-1269.62743305221
 20
-848.2272091140247
 30
0.0
 10
-1269.656508646793
 20
-848.2697202057251
 30
0.0
 10
-1269.687163850983
 20
-848.3107143577503
 30
0.0
 10
-1269.722327144672
 20
-848.3478478637393
 30
0.0
 10
-1269.759658359621
 20
-848.3834373341012
 30
0.0
 10
-1269.800638021124
 20
-848.4159754576924
 30
0.0
 10
-1269.844770081411
 20
-848.4456130040843
 30
0.0
 10
-1269.891239168708
 20
-848.4724988254653
 30
0.0
 10
-1269.940128355965
 20
-848.4959880776298
 30
0.0
 10
-1269.991515005205
 20
-848.5150412435717
 30
0.0
 10
-1270.045066703231
 20
-848.5310244806425
 30
0.0
 10
-1270.100781116142
 20
-848.5438623723658
 30
0.0
 10
-1270.159000892533
 20
-848.5524076817753
 30
0.0
 10
-1270.219319519808
 20
-848.5582120858179
 30
0.0
 10
-1270.260372415582
 20
-848.5587242443281
 30
0.0
 10
-1270.281136390004
 20
-848.5589832868632
 30
0.0
  0
SPLINE
  5
E1
330
1F
100
AcDbEntity
  8
0
  6
Continuous
 62
     7
370
    25
100
AcDbSpline
210
0.0
220
0.0
230
1.0
 70
     8
 71
     3
 72
    23
 73
    19
 74
     0
 42
0.00000001
 43
0.00000001
 40
0.0
 40
0.0
 40
0.0
 40
0.0
 40
0.0688629457236587
 40
0.1353241505550474
 40
0.1992532055205479
 40
0.2615026895214772
 40
0.3226613719707481
 40
0.3827472969747851
 40
0.4425220969945654
 40
0.502319717147249
 40
0.5627703590290413
 40
0.6223521071762108
 40
0.6822889949099338
 40
0.7433757536621635
 40
0.8050478443414687
 40
0.8680910255872921
 40
0.9331226909144558
 40
1.0
 40
1.0
 40
1.0
 40
1.0
 10
-1270.281136390004
 20
-848.558983286863
 30
0.0
 10
-1270.304107746062
 20
-848.5586101095839
 30
0.0
 10
-1270.349249283545
 20
-848.5578767703721
 30
0.0
 10
-1270.415409894782
 20
-848.5506333659547
 30
0.0
 10
-1270.478530989712
 20
-848.5383815533686
 30
0.0
 10
-1270.53888218399
 20
-848.5219797861582
 30
0.0
 10
-1270.596331584795
 20
-848.5005860419909
 30
0.0
 10
-1270.650501295603
 20
-848.4737722486211
 30
0.0
 10
-1270.702071946442
 20
-848.4431019200098
 30
0.0
 10
-1270.750093474208
 20
-848.4068906998183
 30
0.0
 10
-1270.79483603129
 20
-848.3668907699654
 30
0.0
 10
-1270.836690896317
 20
-848.323769902441
 30
0.0
 10
-1270.87422858611
 20
-848.2765506723744
 30
0.0
 10
-1270.908165154283
 20
-848.2258910733365
 30
0.0
 10
-1270.939207686664
 20
-848.1722103584888
 30
0.0
 10
-1270.966922979257
 20
-848.115262375263
 30
0.0
 10
-1270.990683426109
 20
-848.0546449881823
 30
0.0
 10
-1271.003104288212
 20
-848.0124282616813
 30
0.0
 10
-1271.009401614363
 20
-847.9910245544709
 30
0.0
  0
SPLINE
  5
E2
330
1F
100
AcDbEntity
  8
0
  6
Continuous
 62
     7
370
    25
100
AcDbSpline
210
0.0
220
0.0
230
1.0
 70
     8
 71
     3
 72
    15
 73
    11
 74
     0
 42
0.00000001
 43
0.00000001
 40
0.0
 40
0.0
 40
0.0
 40
0.0
 40
0.0773727494946874
 40
0.1676142909211101
 40
0.2721083165197923
 40
0.3900159922753725
 40
0.5213633102089362
 40
0.6672722540318667
 40
0.826809521070335
 40
1.0
 40
1.0
 40
1.0
 40
1.0
 10
-1271.009401614363
 20
-847.9910245544709
 30
0.0
 10
-1271.01290908505
 20
-847.9769270952277
 30
0.0
 10
-1271.020507396031
 20
-847.9463874588533
 30
0.0
 10
-1271.02822158879
 20
-847.8958527488059
 30
0.0
 10
-1271.035314314718
 20
-847.8376168013534
 30
0.0
 10
-1271.041409654002
 20
-847.7714913016165
 30
0.0
 10
-1271.045553064427
 20
-847.6974381266532
 30
0.0
 10
-1271.048788883696
 20
-847.6155289792991
 30
0.0
 10
-1271.051141658469
 20
-847.5257267396258
 30
0.0
 10
-1271.051225145247
 20
-847.4632818132961
 30
0.0
 10
-1271.051268601542
 20
-847.4307781618008
 30
0.0
  0
SPLINE
  5
FF
330
1F
100
AcDbEntity
  8
0
  6
Continuous
 62
     7
370
    25
100
AcDbSpline
210
0.0
220
0.0
230
1.0
 70
     8
 71
     3
 72
    31
 73
    27
 74
     0
 42
0.00000001
 43
0.00000001
 40
0.0
 40
0.0
 40
0.0
 40
0.0
 40
0.0431146534517514
 40
0.0856833765063333
 40
0.127595235049116
 40
0.169006176734178
 40
0.2104493183874105
 40
0.2518287514313604
 40
0.2934617219786957
 40
0.3353990347871597
 40
0.3774950880441579
 40
0.418707266968366
 40
0.4598921039757337
 40
0.5008922676245126
 40
0.5418924312732752
 40
0.5832317276768275
 40
0.6249820154886108
 40
0.6672067375732201
 40
0.7095891236475086
 40
0.7511008750875764
 40
0.7925668992833209
 40
0.8335439202427732
 40
0.874826528960024
 40
0.9160171236686745
 40
0.9578589031367668
 40
1.0
 40
1.0
 40
1.0
 40
1.0
 10
-1270.87388478744
 20
-829.4051371863737
 30
0.0
 10
-1270.841357771854
 20
-829.4055622702643
 30
0.0
 10
-1270.776715607303
 20
-829.4064070555082
 30
0.0
 10
-1270.680895176453
 20
-829.4163645804882
 30
0.0
 10
-1270.587079153617
 20
-829.4311235140513
 30
0.0
 10
-1270.495106291986
 20
-829.4513617032378
 30
0.0
 10
-1270.405322002713
 20
-829.4784553090288
 30
0.0
 10
-1270.317535552093
 20
-829.5118207019234
 30
0.0
 10
-1270.23140597667
 20
-829.5502031003384
 30
0.0
 10
-1270.147764512666
 20
-829.5949321086842
 30
0.0
 10
-1270.067418021952
 20
-829.6446970098865
 30
0.0
 10
-1269.99073454749
 20
-829.698986387243
 30
0.0
 10
-1269.918647567618
 20
-829.7579487379728
 30
0.0
 10
-1269.850669233075
 20
-829.8213821943158
 30
0.0
 10
-1269.787296501301
 20
-829.8895412741599
 30
0.0
 10
-1269.727348011895
 20
-829.9615123418802
 30
0.0
 10
-1269.673240595702
 20
-830.0390942543768
 30
0.0
 10
-1269.622454748083
 20
-830.1197639330675
 30
0.0
 10
-1269.57694687228
 20
-830.2033813474458
 30
0.0
 10
-1269.537732257479
 20
-830.2894672731229
 30
0.0
 10
-1269.503913085932
 20
-830.3767013823204
 30
0.0
 10
-1269.477066552644
 20
-830.4661314666264
 30
0.0
 10
-1269.455229510117
 20
-830.55671835395
 30
0.0
 10
-1269.440781570177
 20
-830.6494097178495
 30
0.0
 10
-1269.430741654987
 20
-830.7433735148913
 30
0.0
 10
-1269.429897374508
 20
-830.8067363039394
 30
0.0
 10
-1269.429473729747
 20
-830.8385306118679
 30
0.0
  0
SPLINE
  5
101
330
1F
100
AcDbEntity
  8
0
  6
Continuous
 62
     7
370
    25
100
AcDbSpline
210
0.0
220
0.0
230
1.0
 70
     8
 71
     3
 72
    31
 73
    27
 74
     0
 42
0.00000001
 43
0.00000001
 40
0.0
 40
0.0
 40
0.0
 40
0.0
 40
0.0431146534517514
 40
0.0856833765063333
 40
0.127595235049116
 40
0.169006176734178
 40
0.2104493183874105
 40
0.2518287514313604
 40
0.2934617219786957
 40
0.3353990347871597
 40
0.3774950880441579
 40
0.418707266968366
 40
0.4598921039757337
 40
0.5008922676245126
 40
0.5418924312732752
 40
0.5832317276768275
 40
0.6249820154886108
 40
0.6672067375732201
 40
0.7095891236475086
 40
0.7511008750875764
 40
0.7925668992833209
 40
0.8335439202427732
 40
0.874826528960024
 40
0.9160171236686745
 40
0.9578589031367668
 40
1.0
 40
1.0
 40
1.0
 40
1.0
 10
-1270.87388478744
 20
-829.405129722215
 30
0.0
 10
-1270.841357771854
 20
-829.4055548061054
 30
0.0
 10
-1270.776715607303
 20
-829.4063995913494
 30
0.0
 10
-1270.680895176453
 20
-829.4163571163293
 30
0.0
 10
-1270.587079153617
 20
-829.4311160498924
 30
0.0
 10
-1270.495106291986
 20
-829.451354239079
 30
0.0
 10
-1270.405322002713
 20
-829.4784478448701
 30
0.0
 10
-1270.317535552093
 20
-829.5118132377646
 30
0.0
 10
-1270.23140597667
 20
-829.5501956361796
 30
0.0
 10
-1270.147764512666
 20
-829.5949246445255
 30
0.0
 10
-1270.067418021952
 20
-829.6446895457277
 30
0.0
 10
-1269.99073454749
 20
-829.6989789230842
 30
0.0
 10
-1269.918647567618
 20
-829.757941273814
 30
0.0
 10
-1269.850669233075
 20
-829.8213747301569
 30
0.0
 10
-1269.787296501301
 20
-829.8895338100011
 30
0.0
 10
-1269.727348011895
 20
-829.9615048777214
 30
0.0
 10
-1269.673240595702
 20
-830.039086790218
 30
0.0
 10
-1269.622454748083
 20
-830.1197564689087
 30
0.0
 10
-1269.57694687228
 20
-830.2033738832869
 30
0.0
 10
-1269.537732257479
 20
-830.2894598089641
 30
0.0
 10
-1269.503913085932
 20
-830.3766939181615
 30
0.0
 10
-1269.477066552644
 20
-830.4661240024676
 30
0.0
 10
-1269.455229510117
 20
-830.5567108897912
 30
0.0
 10
-1269.440781570177
 20
-830.6494022536907
 30
0.0
 10
-1269.430741654987
 20
-830.7433660507326
 30
0.0
 10
-1269.429897374508
 20
-830.8067288397806
 30
0.0
 10
-1269.429473729747
 20
-830.838523147709
 30
0.0
  0
SPLINE
  5
102
330
1F
100
AcDbEntity
  8
0
  6
Continuous
 62
     7
370
    25
100
AcDbSpline
210
0.0
220
0.0
230
1.0
 70
     8
 71
     3
 72
    15
 73
    11
 74
     0
 42
0.00000001
 43
0.00000001
 40
0.0
 40
0.0
 40
0.0
 40
0.0
 40
0.1347974749322508
 40
0.2641807160249321
 40
0.3884348509864118
 40
0.5096667719093455
 40
0.6304352663621023
 40
0.7506883421087395
 40
0.8734635098861713
 40
1.0
 40
1.0
 40
1.0
 40
1.0
 10
-1270.880495364362
 20
-829.8987269285884
 30
0.0
 10
-1270.918187014689
 20
-829.8998495581687
 30
0.0
 10
-1270.992056404129
 20
-829.9020497261355
 30
0.0
 10
-1271.099854629895
 20
-829.9173755792261
 30
0.0
 10
-1271.20144508614
 20
-829.9439943318145
 30
0.0
 10
-1271.297178335299
 20
-829.9810299938713
 30
0.0
 10
-1271.386565232056
 20
-830.0292024996446
 30
0.0
 10
-1271.47008785778
 20
-830.0876045283636
 30
0.0
 10
-1271.547338848935
 20
-830.1567542580017
 30
0.0
 10
-1271.592466780944
 20
-830.2099625800785
 30
0.0
 10
-1271.615371165645
 20
-830.2369681135436
 30
0.0
  0
SPLINE
  5
103
330
1F
100
AcDbEntity
  8
0
  6
Continuous
 62
     7
370
    25
100
AcDbSpline
210
0.0
220
0.0
230
1.0
 70
     8
 71
     3
 72
    15
 73
    11
 74
     0
 42
0.00000001
 43
0.00000001
 40
0.0
 40
0.0
 40
0.0
 40
0.0
 40
0.1279910255625085
 40
0.2530983915016941
 40
0.3761840584328136
 40
0.4989363124701771
 40
0.6215258806256885
 40
0.7457068938016846
 40
0.8715753502968073
 40
1.0
 40
1.0
 40
1.0
 40
1.0
 10
-1271.615371165645
 20
-830.2369681135436
 30
0.0
 10
-1271.632290218072
 20
-830.2590948323275
 30
0.0
 10
-1271.66574713379
 20
-830.3028497511496
 30
0.0
 10
-1271.708629034808
 20
-830.372692127795
 30
0.0
 10
-1271.745383101703
 20
-830.4446160231374
 30
0.0
 10
-1271.775079952958
 20
-830.5191641931361
 30
0.0
 10
-1271.798438996987
 20
-830.5961791958943
 30
0.0
 10
-1271.814796951419
 20
-830.675650470292
 30
0.0
 10
-1271.825062982483
 20
-830.7574654122594
 30
0.0
 10
-1271.826289967669
 20
-830.8127925102705
 30
0.0
 10
-1271.826909627183
 20
-830.8407341375029
 30
0.0
  0
SPLINE
  5
104
330
1F
100
AcDbEntity
  8
0
  6
Continuous
 62
     7
370
    25
100
AcDbSpline
210
0.0
220
0.0
230
1.0
 70
     8
 71
     3
 72
    23
 73
    19
 74
     0
 42
0.00000001
 43
0.00000001
 40
0.0
 40
0.0
 40
0.0
 40
0.0
 40
0.0641406605573621
 40
0.1261987668920439
 40
0.18682152843772
 40
0.2469097531839783
 40
0.3072238656432855
 40
0.368111566112409
 40
0.4303215350331516
 40
0.4941194617508642
 40
0.5582179220090362
 40
0.6211001148787156
 40
0.6825583079831026
 40
0.7440627692317455
 40
0.8059092120499932
 40
0.8689819958481823
 40
0.9332544886887959
 40
1.0
 40
1.0
 40
1.0
 40
1.0
 10
-1271.826909627183
 20
-830.8407341375029
 30
0.0
 10
-1271.826038955429
 20
-830.8723584281881
 30
0.0
 10
-1271.824325881369
 20
-830.9345802147056
 30
0.0
 10
-1271.811502898361
 20
-831.0259968335794
 30
0.0
 10
-1271.789805218614
 20
-831.1135789760392
 30
0.0
 10
-1271.760027060085
 20
-831.1978597251742
 30
0.0
 10
-1271.721355441807
 20
-831.2786356427233
 30
0.0
 10
-1271.673436785851
 20
-831.3554867435955
 30
0.0
 10
-1271.617661214589
 20
-831.4289752075817
 30
0.0
 10
-1271.554048750444
 20
-831.497982208895
 30
0.0
 10
-1271.484050210074
 20
-831.5610032901382
 30
0.0
 10
-1271.409114188345
 20
-831.6161474389257
 30
0.0
 10
-1271.330189543353
 20
-831.6629893617079
 30
0.0
 10
-1271.247219659279
 20
-831.7009651826479
 30
0.0
 10
-1271.160231990873
 20
-831.7311472836024
 30
0.0
 10
-1271.069103715325
 20
-831.7516265017039
 30
0.0
 10
-1270.974162512396
 20
-831.7648244071704
 30
0.0
 10
-1270.909553474473
 20
-831.7664755251957
 30
0.0
 10
-1270.876639194491
 20
-831.7673166669729
 30
0.0
  0
SPLINE
  5
105
330
1F
100
AcDbEntity
  8
0
  6
Continuous
 62
     7
370
    25
100
AcDbSpline
210
0.0
220
0.0
230
1.0
 70
     8
 71
     3
 72
    23
 73
    19
 74
     0
 42
0.00000001
 43
0.00000001
 40
0.0
 40
0.0
 40
0.0
 40
0.0
 40
0.0659391240576337
 40
0.1297911093794409
 40
0.1921752363052605
 40
0.2536170442157033
 40
0.3147191079962626
 40
0.3762822754112889
 40
0.4389729923738236
 40
0.5031747018386589
 40
0.5673294646238636
 40
0.6296509938059937
 40
0.6906498673030754
 40
0.7512376127977528
 40
0.8117541138236077
 40
0.8727877774488229
 40
0.9355396326682704
 40
1.0
 40
1.0
 40
1.0
 40
1.0
 10
-1270.876639194491
 20
-831.7673166669729
 30
0.0
 10
-1270.843914026428
 20
-831.7664466917765
 30
0.0
 10
-1270.779499523988
 20
-831.7647342782816
 30
0.0
 10
-1270.684804614505
 20
-831.7518893671839
 30
0.0
 10
-1270.594070565997
 20
-831.7303269492838
 30
0.0
 10
-1270.507149200181
 20
-831.7004680888261
 30
0.0
 10
-1270.423955301856
 20
-831.6623399051684
 30
0.0
 10
-1270.344781429944
 20
-831.615190538069
 30
0.0
 10
-1270.269704126221
 20
-831.5591854288222
 30
0.0
 10
-1270.199235013802
 20
-831.4956135315384
 30
0.0
 10
-1270.134478413421
 20
-831.4264194285548
 30
0.0
 10
-1270.078281455853
 20
-831.3521326452009
 30
0.0
 10
-1270.029448086486
 20
-831.2748318090546
 30
0.0
 10
-1269.991193996784
 20
-831.1927432617823
 30
0.0
 10
-1269.960717044665
 20
-831.1075464663443
 30
0.0
 10
-1269.938273379804
 20
-831.0187215473708
 30
0.0
 10
-1269.925722067646
 20
-830.9259320750397
 30
0.0
 10
-1269.923957570745
 20
-830.8628054784365
 30
0.0
 10
-1269.923063473337
 20
-830.8308182721458
 30
0.0
  0
SPLINE
  5
106
330
1F
100
AcDbEntity
  8
0
  6
Continuous
 62
     7
370
    25
100
AcDbSpline
210
0.0
220
0.0
230
1.0
 70
     8
 71
     3
 72
    23
 73
    19
 74
     0
 42
0.00000001
 43
0.00000001
 40
0.0
 40
0.0
 40
0.0
 40
0.0
 40
0.0646042803089991
 40
0.1275029970170909
 40
0.1885083087179877
 40
0.248691029161106
 40
0.3085769854682265
 40
0.3687868172816208
 40
0.4298578584803859
 40
0.4927684662247329
 40
0.5557050102498254
 40
0.6176615136121559
 40
0.6789559516328018
 40
0.7401804574593299
 40
0.8023385813294615
 40
0.8663007643406646
 40
0.9317115376215467
 40
1.0
 40
1.0
 40
1.0
 40
1.0
 10
-1269.923063473337
 20
-830.8308182721458
 30
0.0
 10
-1269.923926870344
 20
-830.7986407231423
 30
0.0
 10
-1269.925630870536
 20
-830.7351351177086
 30
0.0
 10
-1269.938613015637
 20
-830.6419839332891
 30
0.0
 10
-1269.959347058135
 20
-830.5525556088555
 30
0.0
 10
-1269.989379776967
 20
-830.4673454009479
 30
0.0
 10
-1270.027604835413
 20
-830.3859857760885
 30
0.0
 10
-1270.073884045189
 20
-830.3083258677709
 30
0.0
 10
-1270.129825894113
 20
-830.2354662854252
 30
0.0
 10
-1270.192360146785
 20
-830.1663383859562
 30
0.0
 10
-1270.262325506512
 20
-830.1041032959222
 30
0.0
 10
-1270.336488394954
 20
-830.048145519901
 30
0.0
 10
-1270.416633295854
 20
-830.0029013868606
 30
0.0
 10
-1270.500120452982
 20
-829.9639978914779
 30
0.0
 10
-1270.589061168022
 20
-829.9352616430431
 30
0.0
 10
-1270.682011940342
 20
-829.9133819865124
 30
0.0
 10
-1270.779926976014
 20
-829.9014648799836
 30
0.0
 10
-1270.846494973889
 20
-829.8996525814507
 30
0.0
 10
-1270.880495364362
 20
-829.8987269285884
 30
0.0
  0
SPLINE
  5
107
330
1F
100
AcDbEntity
  8
0
  6
Continuous
 62
     7
370
    25
100
AcDbSpline
210
0.0
220
0.0
230
1.0
 70
     8
 71
     3
 72
    23
 73
    19
 74
     0
 42
0.00000001
 43
0.00000001
 40
0.0
 40
0.0
 40
0.0
 40
0.0
 40
0.0633903084365274
 40
0.1251468264882916
 40
0.1856339803375145
 40
0.2459561608801091
 40
0.3063019366504803
 40
0.3673318935080447
 40
0.430071805860611
 40
0.4947042939121081
 40
0.5593679779080584
 40
0.6225450483920224
 40
0.6844876209155247
 40
0.7458278046411915
 40
0.8074463384668862
 40
0.8700063605607976
 40
0.9339333792110803
 40
1.0
 40
1.0
 40
1.0
 40
1.0
 10
-1269.429473729747
 20
-830.8385306118679
 30
0.0
 10
-1269.430710932794
 20
-830.8863431195305
 30
0.0
 10
-1269.43315345183
 20
-830.9807358389854
 30
0.0
 10
-1269.453536549534
 20
-831.1195467553498
 30
0.0
 10
-1269.486691149079
 20
-831.2533427961653
 30
0.0
 10
-1269.533035302108
 20
-831.3820956103086
 30
0.0
 10
-1269.592856773931
 20
-831.5056303182307
 30
0.0
 10
-1269.666401860942
 20
-831.6236302308428
 30
0.0
 10
-1269.752525658932
 20
-831.7368571275634
 30
0.0
 10
-1269.851069972478
 20
-831.8432206673813
 30
0.0
 10
-1269.958754938372
 20
-831.9407846542473
 30
0.0
 10
-1270.07356670135
 20
-832.0265659922904
 30
0.0
 10
-1270.194224255793
 20
-832.0991852350819
 30
0.0
 10
-1270.320620615783
 20
-832.1585714738571
 30
0.0
 10
-1270.453019012953
 20
-832.2045568705873
 30
0.0
 10
-1270.591350314818
 20
-832.2366558304495
 30
0.0
 10
-1270.735359197349
 20
-832.257326211173
 30
0.0
 10
-1270.833414937656
 20
-832.2596999863036
 30
0.0
 10
-1270.883249771414
 20
-832.2609064091877
 30
0.0
  0
SPLINE
  5
108
330
1F
100
AcDbEntity
  8
0
  6
Continuous
 62
     7
370
    25
100
AcDbSpline
210
0.0
220
0.0
230
1.0
 70
     8
 71
     3
 72
    23
 73
    19
 74
     0
 42
0.00000001
 43
0.00000001
 40
0.0
 40
0.0
 40
0.0
 40
0.0
 40
0.0657153918180132
 40
0.1294942879729332
 40
0.1917019061466497
 40
0.2531344557972552
 40
0.314178975571859
 40
0.3758085186960439
 40
0.4384697781378625
 40
0.5028163000495167
 40
0.5669652855344848
 40
0.6293823535077394
 40
0.69050938848114
 40
0.7510985611508316
 40
0.8116877338204862
 40
0.8729427415664722
 40
0.9355081651828515
 40
1.0
 40
1.0
 40
1.0
 40
1.0
 10
-1270.883249771414
 20
-832.2609064091877
 30
0.0
 10
-1270.932523136798
 20
-832.2596216289539
 30
0.0
 10
-1271.029617884161
 20
-832.257089928283
 30
0.0
 10
-1271.172298874732
 20
-832.2374982295921
 30
0.0
 10
-1271.30915126868
 20
-832.2048617390326
 30
0.0
 10
-1271.440253495918
 20
-832.1596384898497
 30
0.0
 10
-1271.565634013909
 20
-832.1013955714783
 30
0.0
 10
-1271.685161880871
 20
-832.0300581914017
 30
0.0
 10
-1271.798381453339
 20
-831.9449753210787
 30
0.0
 10
-1271.905014920528
 20
-831.8489503150984
 30
0.0
 10
-1272.001777934358
 20
-831.7432328989979
 30
0.0
 10
-1272.087282491062
 20
-831.6312192775534
 30
0.0
 10
-1272.159216864263
 20
-831.5131322068227
 30
0.0
 10
-1272.218628226708
 20
-831.38980626466
 30
0.0
 10
-1272.264559287395
 20
-831.2607022259914
 30
0.0
 10
-1272.296997855311
 20
-831.1261131686704
 30
0.0
 10
-1272.316703886981
 20
-830.986016290602
 30
0.0
 10
-1272.319221485769
 20
-830.8907447791694
 30
0.0
 10
-1272.320499370773
 20
-830.842386781729
 30
0.0
  0
SPLINE
  5
109
330
1F
100
AcDbEntity
  8
0
  6
Continuous
 62
     7
370
    25
100
AcDbSpline
210
0.0
220
0.0
230
1.0
 70
     8
 71
     3
 72
    23
 73
    19
 74
     0
 42
0.00000001
 43
0.00000001
 40
0.0
 40
0.0
 40
0.0
 40
0.0
 40
0.0667486513092774
 40
0.1311519760901983
 40
0.1937321970571532
 40
0.255325543378626
 40
0.3163881857773854
 40
0.3780268629069042
 40
0.4404056792054052
 40
0.5045574293240745
 40
0.5686582873620738
 40
0.6309861790900914
 40
0.6922881348733311
 40
0.7526154469796571
 40
0.813199538435624
 40
0.8740161248608121
 40
0.9361583555105761
 40
1.0
 40
1.0
 40
1.0
 40
1.0
 10
-1272.320499370773
 20
-830.842386781729
 30
0.0
 10
-1272.319353190549
 20
-830.7918100112971
 30
0.0
 10
-1272.317101103076
 20
-830.69243357063
 30
0.0
 10
-1272.295684779357
 20
-830.5469957048433
 30
0.0
 10
-1272.263424314488
 20
-830.4076536625342
 30
0.0
 10
-1272.21527730133
 20
-830.2755779970897
 30
0.0
 10
-1272.155089486361
 20
-830.1494236307485
 30
0.0
 10
-1272.080964583732
 20
-830.0301174566858
 30
0.0
 10
-1271.993025090569
 20
-829.9176995696037
 30
0.0
 10
-1271.893523169946
 20
-829.8128148169294
 30
0.0
 10
-1271.784646244719
 20
-829.7177889769998
 30
0.0
 10
-1271.669627428315
 20
-829.6339100338739
 30
0.0
 10
-1271.549345363343
 20
-829.5631562846405
 30
0.0
 10
-1271.423743755242
 20
-829.5055251405582
 30
0.0
 10
-1271.293603187438
 20
-829.4600910616543
 30
0.0
 10
-1271.158131066329
 20
-829.4280424812181
 30
0.0
 10
-1271.017652303244
 20
-829.4091106199794
 30
0.0
 10
-1270.922236319157
 20
-829.4064735216364
 30
0.0
 10
-1270.87388478744
 20
-829.4051371863737
 30
0.0
  0
SPLINE
  5
10B
330
1F
100
AcDbEntity
  8
0
  6
Continuous
 62
     7
370
    25
100
AcDbSpline
210
0.0
220
0.0
230
1.0
 70
     8
 71
     3
 72
    23
 73
    19
 74
     0
 42
0.00000001
 43
0.00000001
 40
0.0
 40
0.0
 40
0.0
 40
0.0
 40
0.0667486513092774
 40
0.1311519760901983
 40
0.1937321970571532
 40
0.255325543378626
 40
0.3163881857773854
 40
0.3780268629069042
 40
0.4404056792054052
 40
0.5045574293240745
 40
0.5686582873620738
 40
0.6309861790900914
 40
0.6922881348733311
 40
0.7526154469796571
 40
0.813199538435624
 40
0.8740161248608121
 40
0.9361583555105761
 40
1.0
 40
1.0
 40
1.0
 40
1.0
 10
-1272.320499370773
 20
-830.8423793175702
 30
0.0
 10
-1272.319353190549
 20
-830.7918025471382
 30
0.0
 10
-1272.317101103076
 20
-830.6924261064711
 30
0.0
 10
-1272.295684779357
 20
-830.5469882406845
 30
0.0
 10
-1272.263424314488
 20
-830.4076461983753
 30
0.0
 10
-1272.21527730133
 20
-830.2755705329308
 30
0.0
 10
-1272.155089486361
 20
-830.1494161665896
 30
0.0
 10
-1272.080964583732
 20
-830.0301099925271
 30
0.0
 10
-1271.993025090569
 20
-829.9176921054449
 30
0.0
 10
-1271.893523169946
 20
-829.8128073527705
 30
0.0
 10
-1271.784646244719
 20
-829.717781512841
 30
0.0
 10
-1271.669627428315
 20
-829.633902569715
 30
0.0
 10
-1271.549345363343
 20
-829.5631488204816
 30
0.0
 10
-1271.423743755242
 20
-829.5055176763993
 30
0.0
 10
-1271.293603187438
 20
-829.4600835974954
 30
0.0
 10
-1271.158131066329
 20
-829.4280350170592
 30
0.0
 10
-1271.017652303244
 20
-829.4091031558205
 30
0.0
 10
-1270.922236319157
 20
-829.4064660574775
 30
0.0
 10
-1270.87388478744
 20
-829.405129722215
 30
0.0
  0
SPLINE
  5
10D
330
1F
100
AcDbEntity
  8
0
  6
Continuous
 62
     7
370
    25
100
AcDbSpline
210
0.0
220
0.0
230
1.0
 70
     8
 71
     3
 72
    23
 73
    19
 74
     0
 42
0.00000001
 43
0.00000001
 40
0.0
 40
0.0
 40
0.0
 40
0.0
 40
0.0659391240576337
 40
0.1297911093794409
 40
0.1921752363052605
 40
0.2536170442157033
 40
0.3147191079962626
 40
0.3762822754112889
 40
0.4389729923738236
 40
0.5031747018386589
 40
0.5673294646238636
 40
0.6296509938059937
 40
0.6906498673030754
 40
0.7512376127977528
 40
0.8117541138236077
 40
0.8727877774488229
 40
0.9355396326682704
 40
1.0
 40
1.0
 40
1.0
 40
1.0
 10
-1270.876639194491
 20
-831.7673092028141
 30
0.0
 10
-1270.843914026428
 20
-831.7664392276178
 30
0.0
 10
-1270.779499523988
 20
-831.7647268141227
 30
0.0
 10
-1270.684804614505
 20
-831.751881903025
 30
0.0
 10
-1270.594070565997
 20
-831.7303194851249
 30
0.0
 10
-1270.507149200181
 20
-831.7004606246672
 30
0.0
 10
-1270.423955301856
 20
-831.6623324410097
 30
0.0
 10
-1270.344781429944
 20
-831.6151830739101
 30
0.0
 10
-1270.269704126221
 20
-831.5591779646633
 30
0.0
 10
-1270.199235013802
 20
-831.4956060673796
 30
0.0
 10
-1270.134478413421
 20
-831.4264119643959
 30
0.0
 10
-1270.078281455853
 20
-831.3521251810421
 30
0.0
 10
-1270.029448086486
 20
-831.2748243448957
 30
0.0
 10
-1269.991193996784
 20
-831.1927357976234
 30
0.0
 10
-1269.960717044665
 20
-831.1075390021855
 30
0.0
 10
-1269.938273379804
 20
-831.0187140832119
 30
0.0
 10
-1269.925722067646
 20
-830.9259246108808
 30
0.0
 10
-1269.923957570745
 20
-830.8627980142777
 30
0.0
 10
-1269.923063473337
 20
-830.8308108079871
 30
0.0
  0
SPLINE
  5
10E
330
1F
100
AcDbEntity
  8
0
  6
Continuous
 62
     7
370
    25
100
AcDbSpline
210
0.0
220
0.0
230
1.0
 70
     8
 71
     3
 72
    23
 73
    19
 74
     0
 42
0.00000001
 43
0.00000001
 40
0.0
 40
0.0
 40
0.0
 40
0.0
 40
0.0641406605573621
 40
0.1261987668920439
 40
0.18682152843772
 40
0.2469097531839783
 40
0.3072238656432855
 40
0.368111566112409
 40
0.4303215350331516
 40
0.4941194617508642
 40
0.5582179220090362
 40
0.6211001148787156
 40
0.6825583079831026
 40
0.7440627692317455
 40
0.8059092120499932
 40
0.8689819958481823
 40
0.9332544886887959
 40
1.0
 40
1.0
 40
1.0
 40
1.0
 10
-1271.826909627183
 20
-830.840726673344
 30
0.0
 10
-1271.826038955429
 20
-830.8723509640294
 30
0.0
 10
-1271.824325881369
 20
-830.9345727505469
 30
0.0
 10
-1271.811502898361
 20
-831.0259893694205
 30
0.0
 10
-1271.789805218614
 20
-831.1135715118804
 30
0.0
 10
-1271.760027060085
 20
-831.1978522610154
 30
0.0
 10
-1271.721355441807
 20
-831.2786281785644
 30
0.0
 10
-1271.673436785851
 20
-831.3554792794366
 30
0.0
 10
-1271.617661214589
 20
-831.4289677434228
 30
0.0
 10
-1271.554048750444
 20
-831.4979747447362
 30
0.0
 10
-1271.484050210074
 20
-831.5609958259793
 30
0.0
 10
-1271.409114188345
 20
-831.616139974767
 30
0.0
 10
-1271.330189543353
 20
-831.662981897549
 30
0.0
 10
-1271.247219659279
 20
-831.700957718489
 30
0.0
 10
-1271.160231990873
 20
-831.7311398194435
 30
0.0
 10
-1271.069103715325
 20
-831.751619037545
 30
0.0
 10
-1270.974162512396
 20
-831.7648169430115
 30
0.0
 10
-1270.909553474473
 20
-831.7664680610368
 30
0.0
 10
-1270.876639194491
 20
-831.7673092028141
 30
0.0
  0
SPLINE
  5
112
330
1F
100
AcDbEntity
  8
0
  6
Continuous
 62
     7
370
    25
100
AcDbSpline
210
0.0
220
0.0
230
1.0
 70
     8
 71
     3
 72
    19
 73
    15
 74
     0
 42
0.00000001
 43
0.00000001
 40
0.0
 40
0.0
 40
0.0
 40
0.0
 40
0.1551724566306546
 40
0.2855196254374002
 40
0.3905351838476034
 40
0.4710140952538909
 40
0.5384901716380107
 40
0.6029424696753046
 40
0.666559524580748
 40
0.730176579486253
 40
0.7949276728575487
 40
0.8602168475102749
 40
0.9281147463099978
 40
1.0
 40
1.0
 40
1.0
 40
1.0
 10
-1270.557678857953
 20
-828.0637409561361
 30
0.0
 10
-1270.557478087577
 20
-828.0955180154863
 30
0.0
 10
-1270.557108667103
 20
-828.1539882767693
 30
0.0
 10
-1270.551739368026
 20
-828.2338313140083
 30
0.0
 10
-1270.543574355055
 20
-828.2980142366879
 30
0.0
 10
-1270.531772376958
 20
-828.3486682819722
 30
0.0
 10
-1270.514187472596
 20
-828.3886684049269
 30
0.0
 10
-1270.49301419147
 20
-828.4227912459401
 30
0.0
 10
-1270.467532343347
 20
-828.4528589424373
 30
0.0
 10
-1270.437490565873
 20
-828.4784673311344
 30
0.0
 10
-1270.403303913953
 20
-828.4989967465058
 30
0.0
 10
-1270.365183156439
 20
-828.5132010502634
 30
0.0
 10
-1270.323994795232
 20
-828.5224362178317
 30
0.0
 10
-1270.295327848458
 20
-828.5232885895068
 30
0.0
 10
-1270.280585508593
 20
-828.5237269324189
 30
0.0
  0
SPLINE
  5
113
330
1F
100
AcDbEntity
  8
0
  6
Continuous
 62
     7
370
    25
100
AcDbSpline
210
0.0
220
0.0
230
1.0
 70
     8
 71
     3
 72
    15
 73
    11
 74
     0
 42
0.00000001
 43
0.00000001
 40
0.0
 40
0.0
 40
0.0
 40
0.0
 40
0.1377876848510334
 40
0.2673412375377748
 40
0.3904443306693007
 40
0.5117778827580012
 40
0.6295089809480876
 40
0.7478290655177784
 40
0.8718853097296756
 40
0.9999999999999999
 40
0.9999999999999999
 40
0.9999999999999999
 40
0.9999999999999999
 10
-1270.280585508593
 20
-828.5237269324189
 30
0.0
 10
-1270.267705513077
 20
-828.5232929195282
 30
0.0
 10
-1270.242715224978
 20
-828.5224508301685
 30
0.0
 10
-1270.206648040695
 20
-828.5162646124294
 30
0.0
 10
-1270.173025984619
 20
-828.5064055608811
 30
0.0
 10
-1270.142200194613
 20
-828.4921201741843
 30
0.0
 10
-1270.114223048615
 20
-828.473652551795
 30
0.0
 10
-1270.089105567796
 20
-828.4511367828871
 30
0.0
 10
-1270.066309840079
 20
-828.4248617889784
 30
0.0
 10
-1270.054243713197
 20
-828.4045759574851
 30
0.0
 10
-1270.048113553465
 20
-828.3942698013691
 30
0.0
  0
SPLINE
  5
114
330
1F
100
AcDbEntity
  8
0
  6
Continuous
 62
     7
370
    25
100
AcDbSpline
210
0.0
220
0.0
230
1.0
 70
     8
 71
     3
 72
    15
 73
    11
 74
     0
 42
0.00000001
 43
0.00000001
 40
0.0
 40
0.0
 40
0.0
 40
0.0
 40
0.0821011604416503
 40
0.173824981101296
 40
0.2789530937155955
 40
0.396639095345527
 40
0.5273155915891844
 40
0.671298143082033
 40
0.8287543799634047
 40
1.0
 40
1.0
 40
1.0
 40
1.0
 10
-1270.048113553465
 20
-828.3942698013691
 30
0.0
 10
-1270.043698588068
 20
-828.3855398922291
 30
0.0
 10
-1270.034351201594
 20
-828.3670568856171
 30
0.0
 10
-1270.023484181373
 20
-828.3355785333999
 30
0.0
 10
-1270.014316652708
 20
-828.2992529956324
 30
0.0
 10
-1270.006707692425
 20
-828.257835033984
 30
0.0
 10
-1270.00080234904
 20
-828.2114898766317
 30
0.0
 10
-1269.996286238655
 20
-828.1602257922772
 30
0.0
 10
-1269.994470134758
 20
-828.1039673410378
 30
0.0
 10
-1269.993882458693
 20
-828.0648429544061
 30
0.0
 10
-1269.99357629385
 20
-828.0444601068308
 30
0.0
  0
SPLINE
  5
118
330
1F
100
AcDbEntity
  8
0
  6
Continuous
 62
     7
370
    25
100
AcDbSpline
210
0.0
220
0.0
230
1.0
 70
     8
 71
     3
 72
    31
 73
    27
 74
     0
 42
0.00000001
 43
0.00000001
 40
0.0
 40
0.0
 40
0.0
 40
0.0
 40
0.0707811610049967
 40
0.1365516962322768
 40
0.1970124824343146
 40
0.2529226940754398
 40
0.3036865320400678
 40
0.3497191510228068
 40
0.3912404712771381
 40
0.4284785554869775
 40
0.4630565648912195
 40
0.4971503576227262
 40
0.5310023337427374
 40
0.5642263769534319
 40
0.5977006695240221
 40
0.6314214209808461
 40
0.6655973468371787
 40
0.700451436303923
 40
0.7358806839801385
 40
0.7710921079260946
 40
0.8069748450232829
 40
0.8435344028448414
 40
0.880940195544387
 40
0.9192943843073123
 40
0.9591802403135404
 40
1.0
 40
1.0
 40
1.0
 40
1.0
 10
-1269.49998655026
 20
-827.9464032160782
 30
0.0
 10
-1269.500147666514
 20
-827.9823970926747
 30
0.0
 10
-1269.500458493538
 20
-828.0518368254143
 30
0.0
 10
-1269.504227684669
 20
-828.1519746330792
 30
0.0
 10
-1269.510982304768
 20
-828.2443566636529
 30
0.0
 10
-1269.519329947001
 20
-828.3289616925302
 30
0.0
 10
-1269.531033016606
 20
-828.4057549322127
 30
0.0
 10
-1269.54444966959
 20
-828.4748325508826
 30
0.0
 10
-1269.560795057783
 20
-828.5362088837936
 30
0.0
 10
-1269.580196807021
 20
-828.5905760403402
 30
0.0
 10
-1269.603070711349
 20
-828.6393688072104
 30
0.0
 10
-1269.62743305221
 20
-828.6855425017955
 30
0.0
 10
-1269.656508646793
 20
-828.7280535934951
 30
0.0
 10
-1269.687163850983
 20
-828.7690477455209
 30
0.0
 10
-1269.722327144672
 20
-828.8061812515097
 30
0.0
 10
-1269.759658359621
 20
-828.8417707218716
 30
0.0
 10
-1269.800638021124
 20
-828.874308845463
 30
0.0
 10
-1269.844770081411
 20
-828.9039463918544
 30
0.0
 10
-1269.891239168708
 20
-828.9308322132358
 30
0.0
 10
-1269.940128355965
 20
-828.9543214654001
 30
0.0
 10
-1269.991515005205
 20
-828.9733746313418
 30
0.0
 10
-1270.045066703231
 20
-828.9893578684132
 30
0.0
 10
-1270.100781116141
 20
-829.0021957601361
 30
0.0
 10
-1270.159000892533
 20
-829.0107410695457
 30
0.0
 10
-1270.219319519808
 20
-829.0165454735884
 30
0.0
 10
-1270.260372415582
 20
-829.017057632098
 30
0.0
 10
-1270.281136390004
 20
-829.0173166746335
 30
0.0
  0
SPLINE
  5
119
330
1F
100
AcDbEntity
  8
0
  6
Continuous
 62
     7
370
    25
100
AcDbSpline
210
0.0
220
0.0
230
1.0
 70
     8
 71
     3
 72
    23
 73
    19
 74
     0
 42
0.00000001
 43
0.00000001
 40
0.0
 40
0.0
 40
0.0
 40
0.0
 40
0.0688629457236588
 40
0.1353241505550474
 40
0.199253205520548
 40
0.2615026895214773
 40
0.3226613719707482
 40
0.3827472969747852
 40
0.4425220969945655
 40
0.5023197171472491
 40
0.5627703590290414
 40
0.622352107176211
 40
0.682288994909934
 40
0.7433757536621636
 40
0.8050478443414687
 40
0.8680910255872921
 40
0.9331226909144558
 40
1.0
 40
1.0
 40
1.0
 40
1.0
 10
-1270.281136390004
 20
-829.0173166746335
 30
0.0
 10
-1270.304107746062
 20
-829.0169434973543
 30
0.0
 10
-1270.349249283545
 20
-829.0162101581428
 30
0.0
 10
-1270.415409894781
 20
-829.0089667537251
 30
0.0
 10
-1270.478530989712
 20
-828.996714941139
 30
0.0
 10
-1270.538882183989
 20
-828.9803131739284
 30
0.0
 10
-1270.596331584795
 20
-828.9589194297617
 30
0.0
 10
-1270.650501295603
 20
-828.9321056363915
 30
0.0
 10
-1270.702071946442
 20
-828.9014353077803
 30
0.0
 10
-1270.750093474208
 20
-828.8652240875887
 30
0.0
 10
-1270.79483603129
 20
-828.8252241577355
 30
0.0
 10
-1270.836690896318
 20
-828.7821032902118
 30
0.0
 10
-1270.874228586109
 20
-828.7348840601443
 30
0.0
 10
-1270.908165154283
 20
-828.6842244611071
 30
0.0
 10
-1270.939207686663
 20
-828.6305437462589
 30
0.0
 10
-1270.966922979257
 20
-828.5735957630335
 30
0.0
 10
-1270.990683426109
 20
-828.5129783759527
 30
0.0
 10
-1271.003104288212
 20
-828.4707616494519
 30
0.0
 10
-1271.009401614363
 20
-828.4493579422412
 30
0.0
  0
SPLINE
  5
11A
330
1F
100
AcDbEntity
  8
0
  6
Continuous
 62
     7
370
    25
100
AcDbSpline
210
0.0
220
0.0
230
1.0
 70
     8
 71
     3
 72
    15
 73
    11
 74
     0
 42
0.00000001
 43
0.00000001
 40
0.0
 40
0.0
 40
0.0
 40
0.0
 40
0.0773727494946873
 40
0.16761429092111
 40
0.2721083165197922
 40
0.3900159922753724
 40
0.5213633102089362
 40
0.6672722540318666
 40
0.8268095210703349
 40
1.0
 40
1.0
 40
1.0
 40
1.0
 10
-1271.009401614363
 20
-828.4493579422412
 30
0.0
 10
-1271.01290908505
 20
-828.435260482998
 30
0.0
 10
-1271.020507396031
 20
-828.4047208466236
 30
0.0
 10
-1271.02822158879
 20
-828.3541861365766
 30
0.0
 10
-1271.035314314718
 20
-828.2959501891239
 30
0.0
 10
-1271.041409654002
 20
-828.2298246893868
 30
0.0
 10
-1271.045553064427
 20
-828.1557715144239
 30
0.0
 10
-1271.048788883696
 20
-828.0738623670699
 30
0.0
 10
-1271.051141658469
 20
-827.9840601273961
 30
0.0
 10
-1271.051225145247
 20
-827.9216152010663
 30
0.0
 10
-1271.051268601542
 20
-827.8891115495712
 30
0.0
  0
SPLINE
  5
145
330
1F
100
AcDbEntity
  8
0
  6
Continuous
 62
     7
370
    25
100
AcDbSpline
210
0.0
220
0.0
230
1.0
 70
     8
 71
     3
 72
    15
 73
    11
 74
     0
 42
0.00000001
 43
0.00000001
 40
0.0
 40
0.0
 40
0.0
 40
0.0
 40
0.1394133446589275
 40
0.2727612353865101
 40
0.3995104626414118
 40
0.5228021124428684
 40
0.6426598884795246
 40
0.7615825815782402
 40
0.879794841871917
 40
0.9999999999999999
 40
0.9999999999999999
 40
0.9999999999999999
 40
0.9999999999999999
 10
-1270.323003377183
 20
-809.3252594378225
 30
0.0
 10
-1270.29121692415
 20
-809.2945905387012
 30
0.0
 10
-1270.229026950737
 20
-809.2345870517129
 30
0.0
 10
-1270.147522609461
 20
-809.1374880919252
 30
0.0
 10
-1270.078541708821
 20
-809.0374105116641
 30
0.0
 10
-1270.021165884402
 20
-808.9350272791912
 30
0.0
 10
-1269.977396756427
 20
-808.8287583541957
 30
0.0
 10
-1269.94592901705
 20
-808.720002407495
 30
0.0
 10
-1269.926334559532
 20
-808.6081682271874
 30
0.0
 10
-1269.924159894642
 20
-808.5326200901442
 30
0.0
 10
-1269.923063473337
 20
-808.49453027347
 30
0.0
  0
SPLINE
  5
146
330
1F
100
AcDbEntity
  8
0
  6
Continuous
 62
     7
370
    25
100
AcDbSpline
210
0.0
220
0.0
230
1.0
 70
     8
 71
     3
 72
    23
 73
    19
 74
     0
 42
0.00000001
 43
0.00000001
 40
0.0
 40
0.0
 40
0.0
 40
0.0
 40
0.0647145165407995
 40
0.1277069683294186
 40
0.1888821628170533
 40
0.2491582987223102
 40
0.3096610287488659
 40
0.3702248860571848
 40
0.4323322219725753
 40
0.4957818589938657
 40
0.5593040765203687
 40
0.6218605583615091
 40
0.6833215373325063
 40
0.7445229747822713
 40
0.806088371210577
 40
0.868994314670151
 40
0.9334190568081602
 40
1.0
 40
1.0
 40
1.0
 40
1.0
 10
-1269.923063473337
 20
-808.49453027347
 30
0.0
 10
-1269.923944004994
 20
-808.4627236720273
 30
0.0
 10
-1269.925681637205
 20
-808.3999568484423
 30
0.0
 10
-1269.93842019519
 20
-808.307798703376
 30
0.0
 10
-1269.960082667415
 20
-808.2196446747926
 30
0.0
 10
-1269.989937566856
 20
-808.1351929974822
 30
0.0
 10
-1270.028568222172
 20
-808.0546921741316
 30
0.0
 10
-1270.07594473424
 20
-807.9779734247597
 30
0.0
 10
-1270.131639225778
 20
-807.9052258962618
 30
0.0
 10
-1270.195363530923
 20
-807.8374105413469
 30
0.0
 10
-1270.264987122976
 20
-807.7753754379526
 30
0.0
 10
-1270.339275329606
 20
-807.7205634741053
 30
0.0
 10
-1270.418057960686
 20
-807.6746496620309
 30
0.0
 10
-1270.500537163638
 20
-807.6369689432975
 30
0.0
 10
-1270.587094693039
 20
-807.6076171200021
 30
0.0
 10
-1270.677672274933
 20
-807.5866562304677
 30
0.0
 10
-1270.772377780218
 20
-807.574533012134
 30
0.0
 10
-1270.836757877032
 20
-807.5727235405503
 30
0.0
 10
-1270.869477736157
 20
-807.571803913861
 30
0.0
  0
SPLINE
  5
147
330
1F
100
AcDbEntity
  8
0
  6
Continuous
 62
     7
370
    25
100
AcDbSpline
210
0.0
220
0.0
230
1.0
 70
     8
 71
     3
 72
    31
 73
    27
 74
     0
 42
0.00000001
 43
0.00000001
 40
0.0
 40
0.0
 40
0.0
 40
0.0
 40
0.0459898780962039
 40
0.0906469946318619
 40
0.1344970435926023
 40
0.177346876238215
 40
0.219284023125441
 40
0.2609265752685305
 40
0.3024617801081803
 40
0.3435845359394401
 40
0.3841458343548875
 40
0.4243436174054245
 40
0.4643812190596827
 40
0.5039685734549544
 40
0.5437825374671237
 40
0.5837660387987439
 40
0.6243856640566268
 40
0.6655182881652116
 40
0.706649267725203
 40
0.7478049086123846
 40
0.788876640571943
 40
0.8302044987020905
 40
0.8716957086869078
 40
0.9137263035565742
 40
0.9565840285332362
 40
1.0
 40
1.0
 40
1.0
 40
1.0
 10
-1270.869477736157
 20
-807.571803913861
 30
0.0
 10
-1270.892442939001
 20
-807.5720686022241
 30
0.0
 10
-1270.937707825648
 20
-807.5725903084259
 30
0.0
 10
-1271.004665144352
 20
-807.5783134388771
 30
0.0
 10
-1271.069637353233
 20
-807.5875033572785
 30
0.0
 10
-1271.132489792685
 20
-807.6008938775178
 30
0.0
 10
-1271.193465656465
 20
-807.6173393344241
 30
0.0
 10
-1271.252548567984
 20
-807.6377776389837
 30
0.0
 10
-1271.309703026857
 20
-807.6620500828249
 30
0.0
 10
-1271.364821248851
 20
-807.6894690100177
 30
0.0
 10
-1271.417267289574
 20
-807.7204139213399
 30
0.0
 10
-1271.467053318458
 20
-807.7545613665978
 30
0.0
 10
-1271.513545441508
 20
-807.7922459657495
 30
0.0
 10
-1271.558334034891
 20
-807.8317070932736
 30
0.0
 10
-1271.598744593695
 20
-807.8756179104546
 30
0.0
 10
-1271.637120038993
 20
-807.9219385155735
 30
0.0
 10
-1271.672155409531
 20
-807.9716552212013
 30
0.0
 10
-1271.704801227537
 20
-808.0236556003357
 30
0.0
 10
-1271.733157216958
 20
-808.0784107169018
 30
0.0
 10
-1271.758843295214
 20
-808.1344290477168
 30
0.0
 10
-1271.779703955771
 20
-808.1925615371998
 30
0.0
 10
-1271.796519619005
 20
-808.2520999622442
 30
0.0
 10
-1271.810818810169
 20
-808.3128316678165
 30
0.0
 10
-1271.819623265694
 20
-808.3753506354783
 30
0.0
 10
-1271.826290775527
 20
-808.4391149124262
 30
0.0
 10
-1271.826702455353
 20
-808.4822088605364
 30
0.0
 10
-1271.826909627183
 20
-808.5038952574183
 30
0.0
  0
SPLINE
  5
148
330
1F
100
AcDbEntity
  8
0
  6
Continuous
 62
     7
370
    25
100
AcDbSpline
210
0.0
220
0.0
230
1.0
 70
     8
 71
     3
 72
    19
 73
    15
 74
     0
 42
0.00000001
 43
0.00000001
 40
0.0
 40
0.0
 40
0.0
 40
0.0
 40
0.1170435447141752
 40
0.2299601294569747
 40
0.3406892903829582
 40
0.449880579490277
 40
0.5060795988631798
 40
0.5653208093360206
 40
0.6282204711765135
 40
0.6947417305380094
 40
0.7650286392217551
 40
0.8395868963813536
 40
0.9177532318240019
 40
1.0
 40
1.0
 40
1.0
 40
1.0
 10
-1271.826909627183
 20
-808.5038952574183
 30
0.0
 10
-1271.825844056766
 20
-808.5406785743379
 30
0.0
 10
-1271.823750487985
 20
-808.6129482269814
 30
0.0
 10
-1271.80742604093
 20
-808.7190235689404
 30
0.0
 10
-1271.780408808171
 20
-808.8202327117425
 30
0.0
 10
-1271.748823591756
 20
-808.9012277208402
 30
0.0
 10
-1271.717551278437
 20
-808.9645720381117
 30
0.0
 10
-1271.688221992304
 20
-809.0123606004167
 30
0.0
 10
-1271.655978744007
 20
-809.0621059927901
 30
0.0
 10
-1271.618834114444
 20
-809.1127079109565
 30
0.0
 10
-1271.577513773365
 20
-809.164719592458
 30
0.0
 10
-1271.531055931079
 20
-809.2171891690961
 30
0.0
 10
-1271.481006737189
 20
-809.2714697583125
 30
0.0
 10
-1271.445284946692
 20
-809.3070280455935
 30
0.0
 10
-1271.426969723337
 20
-809.3252594378225
 30
0.0
  0
SPLINE
  5
14A
330
1F
100
AcDbEntity
  8
0
  6
Continuous
 62
     7
370
    25
100
AcDbSpline
210
0.0
220
0.0
230
1.0
 70
     8
 71
     3
 72
    23
 73
    19
 74
     0
 42
0.00000001
 43
0.00000001
 40
0.0
 40
0.0
 40
0.0
 40
0.0
 40
0.0777835633200415
 40
0.1518168810520027
 40
0.2225416324691326
 40
0.2902798746034763
 40
0.354643466236975
 40
0.4158011052221202
 40
0.4747128342893322
 40
0.5304303753737905
 40
0.5855844661713459
 40
0.6413066787376565
 40
0.6979002796360492
 40
0.755419973512294
 40
0.8145213875304375
 40
0.8748764467719436
 40
0.9366692062363081
 40
0.9999999999999999
 40
0.9999999999999999
 40
0.9999999999999999
 40
0.9999999999999999
 10
-1271.795509386798
 20
-809.6761708951784
 30
0.0
 10
-1271.819324782105
 20
-809.6515037088355
 30
0.0
 10
-1271.865807340657
 20
-809.6033586363412
 30
0.0
 10
-1271.93180822055
 20
-809.5307331259419
 30
0.0
 10
-1271.991117406615
 20
-809.4581990367611
 30
0.0
 10
-1272.045887291348
 20
-809.3875085553946
 30
0.0
 10
-1272.094523227036
 20
-809.3175039988947
 30
0.0
 10
-1272.137070534908
 20
-809.2481917498568
 30
0.0
 10
-1272.174616687988
 20
-809.1803600779267
 30
0.0
 10
-1272.206488942628
 20
-809.1125876894064
 30
0.0
 10
-1272.233724517988
 20
-809.0443366017456
 30
0.0
 10
-1272.256693656174
 20
-808.97414300197
 30
0.0
 10
-1272.276744139493
 20
-808.9019733504543
 30
0.0
 10
-1272.292522835959
 20
-808.8272299357972
 30
0.0
 10
-1272.305367786913
 20
-808.7502462557545
 30
0.0
 10
-1272.31385544777
 20
-808.6707749341285
 30
0.0
 10
-1272.319741106538
 20
-808.5891872872444
 30
0.0
 10
-1272.320244553218
 20
-808.5340209881232
 30
0.0
 10
-1272.320499370773
 20
-808.5060987830532
 30
0.0
  0
SPLINE
  5
14B
330
1F
100
AcDbEntity
  8
0
  6
Continuous
 62
     7
370
    25
100
AcDbSpline
210
0.0
220
0.0
230
1.0
 70
     8
 71
     3
 72
    23
 73
    19
 74
     0
 42
0.00000001
 43
0.00000001
 40
0.0
 40
0.0
 40
0.0
 40
0.0
 40
0.0673740544035648
 40
0.13183229669425
 40
0.1944547514618851
 40
0.2555662181121969
 40
0.3155873806720837
 40
0.3756245423466325
 40
0.4361329772354402
 40
0.4977717426514736
 40
0.5594614804090337
 40
0.6202669139556195
 40
0.6807748678609428
 40
0.7415750362254855
 40
0.8032218278606285
 40
0.8664970990943487
 40
0.9319126544756264
 40
1.0
 40
1.0
 40
1.0
 40
1.0
 10
-1272.320499370773
 20
-808.5060987830532
 30
0.0
 10
-1272.319189635538
 20
-808.4548111279075
 30
0.0
 10
-1272.316626847748
 20
-808.3544554430704
 30
0.0
 10
-1272.297703693511
 20
-808.207372624586
 30
0.0
 10
-1272.265769907029
 20
-808.0675319756831
 30
0.0
 10
-1272.221220278193
 20
-807.9346822236608
 30
0.0
 10
-1272.163372822398
 20
-807.8092299441834
 30
0.0
 10
-1272.093181581318
 20
-807.6907817169272
 30
0.0
 10
-1272.009980364417
 20
-807.5795347947803
 30
0.0
 10
-1271.915008793483
 20
-807.4764464462525
 30
0.0
 10
-1271.810098599678
 20
-807.3832273469602
 30
0.0
 10
-1271.697496997561
 20
-807.300739314655
 30
0.0
 10
-1271.576395366311
 20
-807.2328053195337
 30
0.0
 10
-1271.44938778071
 20
-807.1751668162924
 30
0.0
 10
-1271.314488622262
 20
-807.1319755137006
 30
0.0
 10
-1271.172916859821
 20
-807.1005360522823
 30
0.0
 10
-1271.024064960978
 20
-807.0814053038484
 30
0.0
 10
-1270.92241939634
 20
-807.0792919803433
 30
0.0
 10
-1270.870579498978
 20
-807.0782141716462
 30
0.0
  0
SPLINE
  5
14C
330
1F
100
AcDbEntity
  8
0
  6
Continuous
 62
     7
370
    25
100
AcDbSpline
210
0.0
220
0.0
230
1.0
 70
     8
 71
     3
 72
    31
 73
    27
 74
     0
 42
0.00000001
 43
0.00000001
 40
0.0
 40
0.0
 40
0.0
 40
0.0
 40
0.0446684219862419
 40
0.0885218950561351
 40
0.1309759025449039
 40
0.1729079032401079
 40
0.2140086703208785
 40
0.2549982425581463
 40
0.2953090930121853
 40
0.3359074476453351
 40
0.3763204323130734
 40
0.416322579475385
 40
0.4564988015270274
 40
0.4966654947226949
 40
0.5371985214645723
 40
0.5780924403283698
 40
0.6199013729927166
 40
0.6626036496254141
 40
0.7052714349703714
 40
0.7476282300147082
 40
0.7894089819447306
 40
0.8312481877285929
 40
0.8728105995623554
 40
0.9148604067059485
 40
0.9570221044372502
 40
1.0
 40
1.0
 40
1.0
 40
1.0
 10
-1270.870579498978
 20
-807.0782141716462
 30
0.0
 10
-1270.836772229927
 20
-807.0786894534364
 30
0.0
 10
-1270.769774485436
 20
-807.0796313457822
 30
0.0
 10
-1270.670991938603
 20
-807.0887450522935
 30
0.0
 10
-1270.574976554896
 20
-807.1030796981292
 30
0.0
 10
-1270.482023701174
 20
-807.1227913029198
 30
0.0
 10
-1270.391615403244
 20
-807.148220157548
 30
0.0
 10
-1270.304347030032
 20
-807.1794724045506
 30
0.0
 10
-1270.219856963524
 20
-807.2166861171331
 30
0.0
 10
-1270.138685437104
 20
-807.2596970756125
 30
0.0
 10
-1270.060382560048
 20
-807.3073160125009
 30
0.0
 10
-1269.986313823121
 20
-807.3607356864578
 30
0.0
 10
-1269.915682571533
 20
-807.4183193795285
 30
0.0
 10
-1269.84940810812
 20
-807.4814867219483
 30
0.0
 10
-1269.787229699598
 20
-807.5493775533791
 30
0.0
 10
-1269.728384882261
 20
-807.6218048512404
 30
0.0
 10
-1269.673976104646
 20
-807.6996438747611
 30
0.0
 10
-1269.623736096775
 20
-807.7817753273429
 30
0.0
 10
-1269.577843901675
 20
-807.866909694244
 30
0.0
 10
-1269.538385198327
 20
-807.9544516286974
 30
0.0
 10
-1269.504461172989
 20
-808.0435960414053
 30
0.0
 10
-1269.476858242601
 20
-808.1343047195783
 30
0.0
 10
-1269.456093949147
 20
-808.2269980257281
 30
0.0
 10
-1269.440409365621
 20
-808.3209280634164
 30
0.0
 10
-1269.431634354531
 20
-808.4168730703606
 30
0.0
 10
-1269.430198526238
 20
-808.4812925842845
 30
0.0
 10
-1269.429473729747
 20
-808.5138111227753
 30
0.0
  0
SPLINE
  5
14D
330
1F
100
AcDbEntity
  8
0
  6
Continuous
 62
     7
370
    25
100
AcDbSpline
210
0.0
220
0.0
230
1.0
 70
     8
 71
     3
 72
    23
 73
    19
 74
     0
 42
0.00000001
 43
0.00000001
 40
0.0
 40
0.0
 40
0.0
 40
0.0
 40
0.062275778370726
 40
0.1239040620075199
 40
0.1850672407687121
 40
0.2468401515201838
 40
0.3084353298497382
 40
0.3702412507090808
 40
0.4325865888798637
 40
0.4959245816612579
 40
0.5593510709509125
 40
0.6219426542011136
 40
0.6843928672352236
 40
0.7469858082645524
 40
0.8094414645316697
 40
0.8725078327139495
 40
0.9357692970662327
 40
0.9999999999999999
 40
0.9999999999999999
 40
0.9999999999999999
 40
0.9999999999999999
 10
-1269.429473729747
 20
-808.5138111227753
 30
0.0
 10
-1269.42988929249
 20
-808.5415527158824
 30
0.0
 10
-1269.43071609728
 20
-808.596747466754
 30
0.0
 10
-1269.437608414804
 20
-808.678941712862
 30
0.0
 10
-1269.448432729757
 20
-808.7604786078718
 30
0.0
 10
-1269.464764315884
 20
-808.8410662246772
 30
0.0
 10
-1269.484151972432
 20
-808.9212810082979
 30
0.0
 10
-1269.509537434393
 20
-809.0000688465885
 30
0.0
 10
-1269.537834315666
 20
-809.0786726603044
 30
0.0
 10
-1269.57165745935
 20
-809.1558596653597
 30
0.0
 10
-1269.608578475875
 20
-809.2317376034961
 30
0.0
 10
-1269.650466709942
 20
-809.3045289145037
 30
0.0
 10
-1269.694744406403
 20
-809.3754557577641
 30
0.0
 10
-1269.744032113336
 20
-809.4429464370131
 30
0.0
 10
-1269.796542073969
 20
-809.5082651980032
 30
0.0
 10
-1269.852519276751
 20
-809.5710704832181
 30
0.0
 10
-1269.912897025992
 20
-809.6308111395583
 30
0.0
 10
-1269.955557469984
 20
-809.6683010584065
 30
0.0
 10
-1269.977049851542
 20
-809.6871885233528
 30
0.0
  0
SPLINE
  5
150
330
1F
100
AcDbEntity
  8
0
  6
Continuous
 62
     7
370
    25
100
AcDbSpline
210
0.0
220
0.0
230
1.0
 70
     8
 71
     3
 72
    31
 73
    27
 74
     0
 42
0.00000001
 43
0.00000001
 40
0.0
 40
0.0
 40
0.0
 40
0.0
 40
0.0446684219862419
 40
0.0885218950561351
 40
0.1309759025449039
 40
0.1729079032401079
 40
0.2140086703208785
 40
0.2549982425581463
 40
0.2953090930121853
 40
0.3359074476453351
 40
0.3763204323130734
 40
0.416322579475385
 40
0.4564988015270274
 40
0.4966654947226949
 40
0.5371985214645723
 40
0.5780924403283698
 40
0.6199013729927166
 40
0.6626036496254141
 40
0.7052714349703714
 40
0.7476282300147082
 40
0.7894089819447306
 40
0.8312481877285929
 40
0.8728105995623554
 40
0.9148604067059485
 40
0.9570221044372502
 40
1.0
 40
1.0
 40
1.0
 40
1.0
 10
-1270.870579498978
 20
-807.0782067074873
 30
0.0
 10
-1270.836772229927
 20
-807.0786819892776
 30
0.0
 10
-1270.769774485436
 20
-807.0796238816233
 30
0.0
 10
-1270.670991938603
 20
-807.0887375881346
 30
0.0
 10
-1270.574976554896
 20
-807.1030722339704
 30
0.0
 10
-1270.482023701174
 20
-807.122783838761
 30
0.0
 10
-1270.391615403244
 20
-807.1482126933892
 30
0.0
 10
-1270.304347030032
 20
-807.1794649403918
 30
0.0
 10
-1270.219856963524
 20
-807.2166786529743
 30
0.0
 10
-1270.138685437104
 20
-807.2596896114537
 30
0.0
 10
-1270.060382560048
 20
-807.3073085483421
 30
0.0
 10
-1269.986313823121
 20
-807.360728222299
 30
0.0
 10
-1269.915682571533
 20
-807.4183119153696
 30
0.0
 10
-1269.84940810812
 20
-807.4814792577895
 30
0.0
 10
-1269.787229699598
 20
-807.5493700892204
 30
0.0
 10
-1269.728384882261
 20
-807.6217973870816
 30
0.0
 10
-1269.673976104646
 20
-807.6996364106022
 30
0.0
 10
-1269.623736096775
 20
-807.781767863184
 30
0.0
 10
-1269.577843901675
 20
-807.8669022300852
 30
0.0
 10
-1269.538385198327
 20
-807.9544441645386
 30
0.0
 10
-1269.504461172989
 20
-808.0435885772464
 30
0.0
 10
-1269.476858242601
 20
-808.1342972554194
 30
0.0
 10
-1269.456093949147
 20
-808.2269905615692
 30
0.0
 10
-1269.440409365621
 20
-808.3209205992576
 30
0.0
 10
-1269.431634354531
 20
-808.4168656062018
 30
0.0
 10
-1269.430198526238
 20
-808.4812851201257
 30
0.0
 10
-1269.429473729747
 20
-808.5138036586164
 30
0.0
  0
SPLINE
  5
152
330
1F
100
AcDbEntity
  8
0
  6
Continuous
 62
     7
370
    25
100
AcDbSpline
210
0.0
220
0.0
230
1.0
 70
     8
 71
     3
 72
    23
 73
    19
 74
     0
 42
0.00000001
 43
0.00000001
 40
0.0
 40
0.0
 40
0.0
 40
0.0
 40
0.0673740544035648
 40
0.13183229669425
 40
0.1944547514618851
 40
0.2555662181121969
 40
0.3155873806720837
 40
0.3756245423466325
 40
0.4361329772354402
 40
0.4977717426514736
 40
0.5594614804090337
 40
0.6202669139556195
 40
0.6807748678609428
 40
0.7415750362254855
 40
0.8032218278606285
 40
0.8664970990943487
 40
0.9319126544756264
 40
1.0
 40
1.0
 40
1.0
 40
1.0
 10
-1272.320499370773
 20
-808.5060913188943
 30
0.0
 10
-1272.319189635538
 20
-808.4548036637486
 30
0.0
 10
-1272.316626847748
 20
-808.3544479789116
 30
0.0
 10
-1272.297703693511
 20
-808.2073651604271
 30
0.0
 10
-1272.265769907029
 20
-808.0675245115243
 30
0.0
 10
-1272.221220278193
 20
-807.934674759502
 30
0.0
 10
-1272.163372822398
 20
-807.8092224800245
 30
0.0
 10
-1272.093181581318
 20
-807.6907742527684
 30
0.0
 10
-1272.009980364417
 20
-807.5795273306214
 30
0.0
 10
-1271.915008793483
 20
-807.4764389820937
 30
0.0
 10
-1271.810098599678
 20
-807.3832198828014
 30
0.0
 10
-1271.697496997561
 20
-807.3007318504962
 30
0.0
 10
-1271.576395366311
 20
-807.2327978553749
 30
0.0
 10
-1271.44938778071
 20
-807.1751593521336
 30
0.0
 10
-1271.314488622262
 20
-807.1319680495417
 30
0.0
 10
-1271.172916859821
 20
-807.1005285881236
 30
0.0
 10
-1271.024064960978
 20
-807.0813978396895
 30
0.0
 10
-1270.92241939634
 20
-807.0792845161845
 30
0.0
 10
-1270.870579498978
 20
-807.0782067074873
 30
0.0
  0
SPLINE
  5
155
330
1F
100
AcDbEntity
  8
0
  6
Continuous
 62
     7
370
    25
100
AcDbSpline
210
0.0
220
0.0
230
1.0
 70
     8
 71
     3
 72
    31
 73
    27
 74
     0
 42
0.00000001
 43
0.00000001
 40
0.0
 40
0.0
 40
0.0
 40
0.0
 40
0.0417164865868187
 40
0.0823057722528099
 40
0.1215763437691368
 40
0.1600730880023153
 40
0.1980011394648343
 40
0.2355749481723015
 40
0.2727251126104883
 40
0.3098119468614532
 40
0.3465691263991439
 40
0.3824605653170756
 40
0.4172492978317605
 40
0.4513111777113536
 40
0.4848335487253382
 40
0.5180128947460941
 40
0.5510518201649651
 40
0.5841555077210459
 40
0.6194525670946446
 40
0.6591452086596659
 40
0.7034604993378776
 40
0.7528309056033524
 40
0.8068371161108373
 40
0.8661369510707345
 40
0.9304991580214542
 40
0.9999999999999999
 40
0.9999999999999999
 40
0.9999999999999999
 40
0.9999999999999999
 10
-1272.320499370773
 20
-811.081469368828
 30
0.0
 10
-1272.320100041247
 20
-811.0577639887055
 30
0.0
 10
-1272.319312172286
 20
-811.0109937600222
 30
0.0
 10
-1272.312366601311
 20
-810.9422095611417
 30
0.0
 10
-1272.302128266665
 20
-810.8757175477109
 30
0.0
 10
-1272.287203071349
 20
-810.8116360128279
 30
0.0
 10
-1272.267882030895
 20
-810.7497667661129
 30
0.0
 10
-1272.244306796168
 20
-810.6901907227963
 30
0.0
 10
-1272.215923695157
 20
-810.6332899849434
 30
0.0
 10
-1272.184006894792
 20
-810.5788647627363
 30
0.0
 10
-1272.149022029361
 20
-810.5271918427246
 30
0.0
 10
-1272.110884640758
 20
-810.4794808419508
 30
0.0
 10
-1272.071229737403
 20
-810.4350634861662
 30
0.0
 10
-1272.02923747294
 20
-810.3947387442216
 30
0.0
 10
-1271.985064751257
 20
-810.3582463220982
 30
0.0
 10
-1271.938660581055
 20
-810.3256224555695
 30
0.0
 10
-1271.890016203637
 20
-810.2969258238717
 30
0.0
 10
-1271.838258226894
 20
-810.271431864111
 30
0.0
 10
-1271.780755054814
 20
-810.2496116625007
 30
0.0
 10
-1271.715461534863
 20
-810.2312163716734
 30
0.0
 10
-1271.641354178587
 20
-810.2151458259839
 30
0.0
 10
-1271.558266050428
 20
-810.203203140946
 30
0.0
 10
-1271.466470991939
 20
-810.1923758338903
 30
0.0
 10
-1271.365729865357
 20
-810.1855227451781
 30
0.0
 10
-1271.256039779616
 20
-810.1819375860728
 30
0.0
 10
-1271.179993917185
 20
-810.181174470375
 30
0.0
 10
-1271.140511390004
 20
-810.1807782655677
 30
0.0
  0
SPLINE
  5
157
330
1F
100
AcDbEntity
  8
0
  6
Continuous
 62
     7
370
    25
100
AcDbSpline
210
0.0
220
0.0
230
1.0
 70
     8
 71
     3
 72
    31
 73
    27
 74
     0
 42
0.00000001
 43
0.00000001
 40
0.0
 40
0.0
 40
0.0
 40
0.0
 40
0.0417164865868187
 40
0.0823057722528099
 40
0.1215763437691368
 40
0.1600730880023153
 40
0.1980011394648343
 40
0.2355749481723015
 40
0.2727251126104883
 40
0.3098119468614532
 40
0.3465691263991439
 40
0.3824605653170756
 40
0.4172492978317605
 40
0.4513111777113536
 40
0.4848335487253382
 40
0.5180128947460941
 40
0.5510518201649651
 40
0.5841555077210459
 40
0.6194525670946446
 40
0.6591452086596659
 40
0.7034604993378776
 40
0.7528309056033524
 40
0.8068371161108373
 40
0.8661369510707345
 40
0.9304991580214542
 40
0.9999999999999999
 40
0.9999999999999999
 40
0.9999999999999999
 40
0.9999999999999999
 10
-1272.320499370773
 20
-811.0814619046693
 30
0.0
 10
-1272.320100041247
 20
-811.0577565245466
 30
0.0
 10
-1272.319312172286
 20
-811.0109862958633
 30
0.0
 10
-1272.312366601311
 20
-810.9422020969829
 30
0.0
 10
-1272.302128266665
 20
-810.8757100835521
 30
0.0
 10
-1272.287203071349
 20
-810.8116285486691
 30
0.0
 10
-1272.267882030895
 20
-810.749759301954
 30
0.0
 10
-1272.244306796168
 20
-810.6901832586374
 30
0.0
 10
-1272.215923695157
 20
-810.6332825207846
 30
0.0
 10
-1272.184006894792
 20
-810.5788572985775
 30
0.0
 10
-1272.149022029361
 20
-810.5271843785657
 30
0.0
 10
-1272.110884640758
 20
-810.479473377792
 30
0.0
 10
-1272.071229737403
 20
-810.4350560220074
 30
0.0
 10
-1272.02923747294
 20
-810.3947312800628
 30
0.0
 10
-1271.985064751257
 20
-810.3582388579393
 30
0.0
 10
-1271.938660581055
 20
-810.3256149914107
 30
0.0
 10
-1271.890016203637
 20
-810.2969183597129
 30
0.0
 10
-1271.838258226894
 20
-810.2714243999521
 30
0.0
 10
-1271.780755054814
 20
-810.2496041983418
 30
0.0
 10
-1271.715461534863
 20
-810.2312089075145
 30
0.0
 10
-1271.641354178587
 20
-810.215138361825
 30
0.0
 10
-1271.558266050428
 20
-810.2031956767871
 30
0.0
 10
-1271.466470991939
 20
-810.1923683697314
 30
0.0
 10
-1271.365729865357
 20
-810.1855152810192
 30
0.0
 10
-1271.256039779616
 20
-810.181930121914
 30
0.0
 10
-1271.179993917185
 20
-810.1811670062162
 30
0.0
 10
-1271.140511390004
 20
-810.1807708014088
 30
0.0
  0
SPLINE
  5
15B
330
1F
100
AcDbEntity
  8
0
  6
Continuous
 62
     7
370
    25
100
AcDbSpline
210
0.0
220
0.0
230
1.0
 70
     8
 71
     3
 72
    23
 73
    19
 74
     0
 42
0.00000001
 43
0.00000001
 40
0.0
 40
0.0
 40
0.0
 40
0.0
 40
0.0722187479927272
 40
0.13948976572755
 40
0.2003699977301578
 40
0.256432725509957
 40
0.3078035215508789
 40
0.3536585165317718
 40
0.3944199056461308
 40
0.430155705944138
 40
0.4966662725087193
 40
0.5620176176150941
 40
0.6287545482745369
 40
0.6974096406802051
 40
0.768079194652498
 40
0.8413381260897604
 40
0.9183362465478251
 40
1.0
 40
1.0
 40
1.0
 40
1.0
 10
-1271.289249370773
 20
-810.6743680077826
 30
0.0
 10
-1271.307799671626
 20
-810.6743948467571
 30
0.0
 10
-1271.343629386098
 20
-810.6744466859587
 30
0.0
 10
-1271.395033295555
 20
-810.6770417835467
 30
0.0
 10
-1271.442284251191
 20
-810.679416476803
 30
0.0
 10
-1271.485330523304
 20
-810.6837010974583
 30
0.0
 10
-1271.524190525554
 20
-810.6900309507391
 30
0.0
 10
-1271.559113880786
 20
-810.6961603141631
 30
0.0
 10
-1271.589475325809
 20
-810.704455801452
 30
0.0
 10
-1271.624034599066
 20
-810.7169225925909
 30
0.0
 10
-1271.662863830214
 20
-810.7361298252592
 30
0.0
 10
-1271.70333254571
 20
-810.7675133777366
 30
0.0
 10
-1271.740266122397
 20
-810.8037273125193
 30
0.0
 10
-1271.771008232255
 20
-810.8471317991584
 30
0.0
 10
-1271.795875828247
 20
-810.8959146036063
 30
0.0
 10
-1271.814299964844
 20
-810.9498076860183
 30
0.0
 10
-1271.824541338509
 20
-811.0087350763322
 30
0.0
 10
-1271.8261048718
 20
-811.0494801342779
 30
0.0
 10
-1271.826909627183
 20
-811.0704517406535
 30
0.0
  0
SPLINE
  5
15C
330
1F
100
AcDbEntity
  8
0
  6
Continuous
 62
     7
370
    25
100
AcDbSpline
210
0.0
220
0.0
230
1.0
 70
     8
 71
     3
 72
    23
 73
    19
 74
     0
 42
0.00000001
 43
0.00000001
 40
0.0
 40
0.0
 40
0.0
 40
0.0
 40
0.0788023764630412
 40
0.1536512926099314
 40
0.2252056932004969
 40
0.2953098187122564
 40
0.3631897924920083
 40
0.4270954721355402
 40
0.4889985611396334
 40
0.5512251728232244
 40
0.585357666900424
 40
0.6254158750410762
 40
0.6715918374509
 40
0.7246556113441589
 40
0.7833478366220861
 40
0.84913100220828
 40
0.9213264734009176
 40
1.0
 40
1.0
 40
1.0
 40
1.0
 10
-1271.826909627183
 20
-811.0704517406537
 30
0.0
 10
-1271.82626649836
 20
-811.0927341175633
 30
0.0
 10
-1271.825012506038
 20
-811.1361809800599
 30
0.0
 10
-1271.812437861643
 20
-811.1987993426036
 30
0.0
 10
-1271.7928814054
 20
-811.2569770878964
 30
0.0
 10
-1271.764399892926
 20
-811.3091246852841
 30
0.0
 10
-1271.730778451219
 20
-811.3554302945619
 30
0.0
 10
-1271.691521297982
 20
-811.393847543691
 30
0.0
 10
-1271.6486347409
 20
-811.4254870156263
 30
0.0
 10
-1271.608256218815
 20
-811.4453754251773
 30
0.0
 10
-1271.571444804448
 20
-811.4569128055505
 30
0.0
 10
-1271.538270664942
 20
-811.4644642154882
 30
0.0
 10
-1271.499456985262
 20
-811.4709624891428
 30
0.0
 10
-1271.455175687624
 20
-811.4764958575261
 30
0.0
 10
-1271.405139790374
 20
-811.4799103105754
 30
0.0
 10
-1271.349710305472
 20
-811.4835696948339
 30
0.0
 10
-1271.288521020574
 20
-811.4849173731659
 30
0.0
 10
-1271.245913164852
 20
-811.4851461443225
 30
0.0
 10
-1271.223694482952
 20
-811.4852654414211
 30
0.0
  0
SPLINE
  5
160
330
1F
100
AcDbEntity
  8
0
  6
Continuous
 62
     7
370
    25
100
AcDbSpline
210
0.0
220
0.0
230
1.0
 70
     8
 71
     3
 72
    27
 73
    23
 74
     0
 42
0.00000001
 43
0.00000001
 40
0.0
 40
0.0
 40
0.0
 40
0.0
 40
0.0585394878947848
 40
0.1125657261300252
 40
0.1617773109973728
 40
0.206503761906266
 40
0.2464428953463105
 40
0.2819850088165763
 40
0.313197744358091
 40
0.339790857657173
 40
0.3893962092245841
 40
0.4404562667075079
 40
0.4939366780042206
 40
0.549958925967728
 40
0.6064682360871043
 40
0.6612977825156517
 40
0.714669534465085
 40
0.7676073825310538
 40
0.8216268440705567
 40
0.8781093082507976
 40
0.9372036514982522
 40
1.0
 40
1.0
 40
1.0
 40
1.0
 10
-1271.140511390004
 20
-811.9788551836358
 30
0.0
 10
-1271.1737489591
 20
-811.9787955111723
 30
0.0
 10
-1271.237661562962
 20
-811.9786807668444
 30
0.0
 10
-1271.329498679814
 20
-811.9765397530676
 30
0.0
 10
-1271.413422648068
 20
-811.9726176609894
 30
0.0
 10
-1271.489281349802
 20
-811.9677491036039
 30
0.0
 10
-1271.557291489948
 20
-811.9619107256614
 30
0.0
 10
-1271.617418370649
 20
-811.9543548472768
 30
0.0
 10
-1271.669629762664
 20
-811.9451118745866
 30
0.0
 10
-1271.729059110854
 20
-811.931259208702
 30
0.0
 10
-1271.797491852733
 20
-811.9073855082545
 30
0.0
 10
-1271.876288490722
 20
-811.8688852986264
 30
0.0
 10
-1271.953434808352
 20
-811.8200148070456
 30
0.0
 10
-1272.028084826168
 20
-811.7622526914731
 30
0.0
 10
-1272.09742334502
 20
-811.6970294536079
 30
0.0
 10
-1272.158325746057
 20
-811.6258123897919
 30
0.0
 10
-1272.209635509102
 20
-811.5497916942584
 30
0.0
 10
-1272.250789814397
 20
-811.4683479671088
 30
0.0
 10
-1272.282591157139
 20
-811.3808996388216
 30
0.0
 10
-1272.303857700869
 20
-811.2868323032195
 30
0.0
 10
-1272.318406343733
 20
-811.1864034607557
 30
0.0
 10
-1272.31978771036
 20
-811.1171485252945
 30
0.0
 10
-1272.320499370773
 20
-811.0814693688279
 30
0.0
  0
SPLINE
  5
162
330
1F
100
AcDbEntity
  8
0
  6
Continuous
 62
     7
370
    25
100
AcDbSpline
210
0.0
220
0.0
230
1.0
 70
     8
 71
     3
 72
    23
 73
    19
 74
     0
 42
0.00000001
 43
0.00000001
 40
0.0
 40
0.0
 40
0.0
 40
0.0
 40
0.0788023764630412
 40
0.1536512926099314
 40
0.2252056932004969
 40
0.2953098187122564
 40
0.3631897924920083
 40
0.4270954721355402
 40
0.4889985611396334
 40
0.5512251728232244
 40
0.585357666900424
 40
0.6254158750410762
 40
0.6715918374509
 40
0.7246556113441589
 40
0.7833478366220861
 40
0.84913100220828
 40
0.9213264734009176
 40
1.0
 40
1.0
 40
1.0
 40
1.0
 10
-1271.826909627183
 20
-811.0704442764948
 30
0.0
 10
-1271.82626649836
 20
-811.0927266534045
 30
0.0
 10
-1271.825012506038
 20
-811.1361735159011
 30
0.0
 10
-1271.812437861643
 20
-811.1987918784448
 30
0.0
 10
-1271.7928814054
 20
-811.2569696237376
 30
0.0
 10
-1271.764399892926
 20
-811.3091172211253
 30
0.0
 10
-1271.730778451219
 20
-811.3554228304031
 30
0.0
 10
-1271.691521297982
 20
-811.3938400795322
 30
0.0
 10
-1271.6486347409
 20
-811.4254795514674
 30
0.0
 10
-1271.608256218815
 20
-811.4453679610184
 30
0.0
 10
-1271.571444804448
 20
-811.4569053413916
 30
0.0
 10
-1271.538270664942
 20
-811.4644567513294
 30
0.0
 10
-1271.499456985262
 20
-811.470955024984
 30
0.0
 10
-1271.455175687624
 20
-811.4764883933672
 30
0.0
 10
-1271.405139790374
 20
-811.4799028464166
 30
0.0
 10
-1271.349710305472
 20
-811.483562230675
 30
0.0
 10
-1271.288521020574
 20
-811.484909909007
 30
0.0
 10
-1271.245913164852
 20
-811.4851386801636
 30
0.0
 10
-1271.223694482952
 20
-811.4852579772622
 30
0.0
  0
SPLINE
  5
167
330
1F
100
AcDbEntity
  8
0
  6
Continuous
 62
     7
370
    25
100
AcDbSpline
210
0.0
220
0.0
230
1.0
 70
     8
 71
     3
 72
    23
 73
    19
 74
     0
 42
0.00000001
 43
0.00000001
 40
0.0
 40
0.0
 40
0.0
 40
0.0
 40
0.1055584515573288
 40
0.2021217530472764
 40
0.2907357291869045
 40
0.3706174058312137
 40
0.4427476685375702
 40
0.5077637015033342
 40
0.5656721017187607
 40
0.6165624613082935
 40
0.663447349597841
 40
0.7083772164996721
 40
0.7534581593723062
 40
0.7985692567252647
 40
0.8451267071642526
 40
0.8937276775140299
 40
0.944698137404628
 40
1.0
 40
1.0
 40
1.0
 40
1.0
 10
-1270.557678857953
 20
-813.2993179203419
 30
0.0
 10
-1270.557414131667
 20
-813.3228230152788
 30
0.0
 10
-1270.556907237711
 20
-813.3678302214674
 30
0.0
 10
-1270.554555968951
 20
-813.4325564356168
 30
0.0
 10
-1270.548890861358
 20
-813.4913434828577
 30
0.0
 10
-1270.541732460875
 20
-813.5444429106343
 30
0.0
 10
-1270.533469397145
 20
-813.5921248174831
 30
0.0
 10
-1270.521619963736
 20
-813.6339546306871
 30
0.0
 10
-1270.508946126129
 20
-813.6706063072771
 30
0.0
 10
-1270.493120341313
 20
-813.7015536022492
 30
0.0
 10
-1270.475439474642
 20
-813.7281021603131
 30
0.0
 10
-1270.454467353043
 20
-813.7503552749109
 30
0.0
 10
-1270.431493506374
 20
-813.7699594685196
 30
0.0
 10
-1270.405071949081
 20
-813.7853371676191
 30
0.0
 10
-1270.376285167485
 20
-813.797761357415
 30
0.0
 10
-1270.344591565593
 20
-813.805466438884
 30
0.0
 10
-1270.310564994295
 20
-813.8115796910729
 30
0.0
 10
-1270.286860913806
 20
-813.8119801312743
 30
0.0
 10
-1270.27452581308
 20
-813.8121885118618
 30
0.0
  0
SPLINE
  5
168
330
1F
100
AcDbEntity
  8
0
  6
Continuous
 62
     7
370
    25
100
AcDbSpline
210
0.0
220
0.0
230
1.0
 70
     8
 71
     3
 72
    23
 73
    19
 74
     0
 42
0.00000001
 43
0.00000001
 40
0.0
 40
0.0
 40
0.0
 40
0.0
 40
0.0637633711951937
 40
0.1252513266722733
 40
0.185397332872464
 40
0.2467851321549997
 40
0.3093952708253297
 40
0.3725000331564138
 40
0.4369906514897071
 40
0.5050009564958561
 40
0.5432613493992692
 40
0.588402701703253
 40
0.639620713709444
 40
0.6979238770999108
 40
0.7632923663587404
 40
0.8349930664457871
 40
0.9138812040246759
 40
1.0
 40
1.0
 40
1.0
 40
1.0
 10
-1270.27452581308
 20
-813.8121885118618
 30
0.0
 10
-1270.259951478297
 20
-813.8116286675508
 30
0.0
 10
-1270.231322898395
 20
-813.8105289571474
 30
0.0
 10
-1270.190108347568
 20
-813.7996158079875
 30
0.0
 10
-1270.151959269818
 20
-813.7822457880301
 30
0.0
 10
-1270.117058707131
 20
-813.7584313188321
 30
0.0
 10
-1270.086430909398
 20
-813.7284585592989
 30
0.0
 10
-1270.059652068098
 20
-813.6941205824246
 30
0.0
 10
-1270.037983333018
 20
-813.6549108267533
 30
0.0
 10
-1270.024105600215
 20
-813.6183470896764
 30
0.0
 10
-1270.015575448232
 20
-813.5848504632613
 30
0.0
 10
-1270.009520142753
 20
-813.5547190864427
 30
0.0
 10
-1270.004825096885
 20
-813.5197319704239
 30
0.0
 10
-1270.000279947018
 20
-813.4800843405416
 30
0.0
 10
-1269.997151405903
 20
-813.4356056943979
 30
0.0
 10
-1269.994937802557
 20
-813.3863781781686
 30
0.0
 10
-1269.994019303803
 20
-813.3323739702532
 30
0.0
 10
-1269.993728215693
 20
-813.2947273119947
 30
0.0
 10
-1269.99357629385
 20
-813.275079138358
 30
0.0
  0
SPLINE
  5
16C
330
1F
100
AcDbEntity
  8
0
  6
Continuous
 62
     7
370
    25
100
AcDbSpline
210
0.0
220
0.0
230
1.0
 70
     8
 71
     3
 72
    31
 73
    27
 74
     0
 42
0.00000001
 43
0.00000001
 40
0.0
 40
0.0
 40
0.0
 40
0.0
 40
0.0728765662119442
 40
0.1401621650698471
 40
0.2022428547172086
 40
0.2588508735257979
 40
0.3107782990887983
 40
0.3570369703898147
 40
0.3984482124332167
 40
0.4352986896860237
 40
0.4695068157526352
 40
0.5030546218222438
 40
0.5361580172086212
 40
0.5696022233209238
 40
0.6030186249063106
 40
0.6366328623401676
 40
0.670889863648097
 40
0.7059620260679996
 40
0.7413420378233635
 40
0.7764512846880288
 40
0.8121451715970659
 40
0.8479949655728971
 40
0.8845415022472201
 40
0.9219874970928347
 40
0.9602049799472678
 40
0.9999999999999999
 40
0.9999999999999999
 40
0.9999999999999999
 40
0.9999999999999999
 10
-1269.49998655026
 20
-813.1885907571888
 30
0.0
 10
-1269.500121068309
 20
-813.2266060875861
 30
0.0
 10
-1269.500379784409
 20
-813.2997202762931
 30
0.0
 10
-1269.504479696663
 20
-813.4051459686546
 30
0.0
 10
-1269.510159012874
 20
-813.5019974103288
 30
0.0
 10
-1269.518931957996
 20
-813.5905838586267
 30
0.0
 10
-1269.53027641821
 20
-813.6705548194363
 30
0.0
 10
-1269.544039554523
 20
-813.742079670598
 30
0.0
 10
-1269.559588154224
 20
-813.8051999452808
 30
0.0
 10
-1269.578645373885
 20
-813.8607681287995
 30
0.0
 10
-1269.600591873509
 20
-813.9107773147193
 30
0.0
 10
-1269.625363158449
 20
-813.9572623795536
 30
0.0
 10
-1269.653895253355
 20
-814.0010427241656
 30
0.0
 10
-1269.685032052664
 20
-814.0429219277189
 30
0.0
 10
-1269.719888764666
 20
-814.0821524683089
 30
0.0
 10
-1269.758182917163
 20
-814.1186256472361
 30
0.0
 10
-1269.799638486496
 20
-814.1528104479934
 30
0.0
 10
-1269.844006190178
 20
-814.1847521085666
 30
0.0
 10
-1269.891224090529
 20
-814.2131765381433
 30
0.0
 10
-1269.940621731745
 20
-814.2383591803915
 30
0.0
 10
-1269.992332598014
 20
-814.2590490859325
 30
0.0
 10
-1270.046060655777
 20
-814.2762765005033
 30
0.0
 10
-1270.101870513823
 20
-814.289540561159
 30
0.0
 10
-1270.159725937109
 20
-814.2985463681966
 30
0.0
 10
-1270.219651520287
 20
-814.3052053377381
 30
0.0
 10
-1270.260366989529
 20
-814.305584724694
 30
0.0
 10
-1270.281136390004
 20
-814.3057782540766
 30
0.0
  0
SPLINE
  5
16D
330
1F
100
AcDbEntity
  8
0
  6
Continuous
 62
     7
370
    25
100
AcDbSpline
210
0.0
220
0.0
230
1.0
 70
     8
 71
     3
 72
    23
 73
    19
 74
     0
 42
0.00000001
 43
0.00000001
 40
0.0
 40
0.0
 40
0.0
 40
0.0
 40
0.0687412630794101
 40
0.1347890881950598
 40
0.1985360495606634
 40
0.2603856506057743
 40
0.3209615782321317
 40
0.3799038495841199
 40
0.4385029357752069
 40
0.4961543439763437
 40
0.5542654832085119
 40
0.6127487608157252
 40
0.6725134425262281
 40
0.7336464018979375
 40
0.7967896194814459
 40
0.8619356990409742
 40
0.9293977347749222
 40
0.9999999999999999
 40
0.9999999999999999
 40
0.9999999999999999
 40
0.9999999999999999
 10
-1270.281136390004
 20
-814.3057782540766
 30
0.0
 10
-1270.302814450323
 20
-814.3052722837953
 30
0.0
 10
-1270.345321175593
 20
-814.3042801682915
 30
0.0
 10
-1270.407760088183
 20
-814.2989360944556
 30
0.0
 10
-1270.467497272337
 20
-814.2891688062244
 30
0.0
 10
-1270.524357824927
 20
-814.2743748272434
 30
0.0
 10
-1270.579049441819
 20
-814.2573710699756
 30
0.0
 10
-1270.630563028483
 20
-814.2347604345177
 30
0.0
 10
-1270.679647775407
 20
-814.2092420976448
 30
0.0
 10
-1270.725609360242
 20
-814.1789347145085
 30
0.0
 10
-1270.769468681612
 20
-814.1456738421322
 30
0.0
 10
-1270.809545326209
 20
-814.1069921472213
 30
0.0
 10
-1270.847993261931
 20
-814.0653956094369
 30
0.0
 10
-1270.882404240527
 20
-814.0185459358984
 30
0.0
 10
-1270.915105008024
 20
-813.9685083037361
 30
0.0
 10
-1270.944740611923
 20
-813.9142885178436
 30
0.0
 10
-1270.972056023069
 20
-813.8562404351396
 30
0.0
 10
-1270.987288983177
 20
-813.8154297582765
 30
0.0
 10
-1270.995078697696
 20
-813.7945603067826
 30
0.0
  0
LINE
  5
17F
330
1F
100
AcDbEntity
  8
0
  6
Continuous
 62
     7
370
    25
100
AcDbLine
 10
-1295.1949865503
 20
-899.3698768491
 30
0.0
 11
-1204.1949865503
 21
-899.3698768491
 31
0.0
  0
LINE
  5
180
330
1F
100
AcDbEntity
  8
0
  6
Continuous
 62
     7
370
    25
100
AcDbLine
 10
-1204.1949865503
 20
-779.3698771834
 30
0.0
 11
-1295.1949865503
 21
-779.3698771834
 31
0.0
  0
LINE
  5
181
330
1F
100
AcDbEntity
  8
0
  6
Continuous
 62
     7
370
    25
100
AcDbLine
 10
-1204.1949865503
 20
-899.3698768491
 30
0.0
 11
-1204.1949865503
 21
-779.3697241682
 31
0.0
  0
LINE
  5
182
330
1F
100
AcDbEntity
  8
0
  6
Continuous
 62
     7
370
    25
100
AcDbLine
 10
-1295.1949865503
 20
-779.3697241682
 30
0.0
 11
-1295.1949865503
 21
-899.3698768491
 31
0.0
  0
LINE
  5
183
330
1F
100
AcDbEntity
  8
0
  6
Continuous
 62
     7
370
    25
100
AcDbLine
 10
-1204.1949865503
 20
-779.3698734513
 30
0.0
 11
-1295.1949865503
 21
-779.3698734513
 31
0.0
  0
LINE
  5
184
330
1F
100
AcDbEntity
  8
0
  6
Continuous
 62
     7
370
    25
100
AcDbLine
 10
-1269.4999865503
 20
-871.9435948743
 30
0.0
 11
-1269.4999865503
 21
-872.518718797
 31
0.0
  0
LINE
  5
185
330
1F
100
AcDbEntity
  8
0
  6
Continuous
 62
     7
370
    25
100
AcDbLine
 10
-1272.2499865503
 20
-871.9435986063
 30
0.0
 11
-1269.4999865503
 21
-871.9435986063
 31
0.0
  0
LINE
  5
186
330
1F
100
AcDbEntity
  8
0
  6
Continuous
 62
     7
370
    25
100
AcDbLine
 10
-1272.2499865503
 20
-872.4371883486
 30
0.0
 11
-1272.2499865503
 21
-871.9435948743
 31
0.0
  0
LINE
  5
187
330
1F
100
AcDbEntity
  8
0
  6
Continuous
 62
     7
370
    25
100
AcDbLine
 10
-1269.9935762938
 20
-872.6052071782
 30
0.0
 11
-1269.9935762938
 21
-872.4371883486
 31
0.0
  0
LINE
  5
188
330
1F
100
AcDbEntity
  8
0
  6
Continuous
 62
     7
370
    25
100
AcDbLine
 10
-1269.9935762938
 20
-872.4371883486
 30
0.0
 11
-1270.557678858
 21
-872.4371883486
 31
0.0
  0
LINE
  5
189
330
1F
100
AcDbEntity
  8
0
  6
Continuous
 62
     7
370
    25
100
AcDbLine
 10
-1270.557678858
 20
-872.4371883486
 30
0.0
 11
-1270.557678858
 21
-872.6294459602
 31
0.0
  0
LINE
  5
18A
330
1F
100
AcDbEntity
  8
0
  6
Continuous
 62
     7
370
    25
100
AcDbLine
 10
-1270.9950786977
 20
-873.1246883466
 30
0.0
 11
-1272.2499865503
 21
-873.7593037295
 31
0.0
  0
LINE
  5
18B
330
1F
100
AcDbEntity
  8
0
  6
Continuous
 62
     7
370
    25
100
AcDbLine
 10
-1272.2499865503
 20
-873.7593037295
 30
0.0
 11
-1272.2499865503
 21
-873.2106221143
 31
0.0
  0
LINE
  5
18C
330
1F
100
AcDbEntity
  8
0
  6
Continuous
 62
     7
370
    25
100
AcDbLine
 10
-1272.2499865503
 20
-873.2106258464
 30
0.0
 11
-1271.0512686015
 21
-872.6046562968
 31
0.0
  0
LINE
  5
18D
330
1F
100
AcDbEntity
  8
0
  6
Continuous
 62
     7
370
    25
100
AcDbLine
 10
-1271.0512686015
 20
-872.6046562968
 30
0.0
 11
-1271.0512686015
 21
-872.4371883486
 31
0.0
  0
LINE
  5
18E
330
1F
100
AcDbEntity
  8
0
  6
Continuous
 62
     7
370
    25
100
AcDbLine
 10
-1271.0512686015
 20
-872.4371883486
 30
0.0
 11
-1272.2499865503
 21
-872.4371883486
 31
0.0
  0
LINE
  5
18F
330
1F
100
AcDbEntity
  8
0
  6
Continuous
 62
     7
370
    25
100
AcDbLine
 10
-1269.4999865503
 20
-869.5109025733
 30
0.0
 11
-1269.4999865503
 21
-870.0044960476
 31
0.0
  0
LINE
  5
190
330
1F
100
AcDbEntity
  8
0
  6
Continuous
 62
     7
370
    25
100
AcDbLine
 10
-1269.4999865503
 20
-870.0044960476
 30
0.0
 11
-1271.2892493708
 21
-870.0044960476
 31
0.0
  0
LINE
  5
191
330
1F
100
AcDbEntity
  8
0
  6
Continuous
 62
     7
370
    25
100
AcDbLine
 10
-1271.223694483
 20
-870.8153934813
 30
0.0
 11
-1269.4999865503
 21
-870.8153934813
 31
0.0
  0
LINE
  5
192
330
1F
100
AcDbEntity
  8
0
  6
Continuous
 62
     7
370
    25
100
AcDbLine
 10
-1269.4999865503
 20
-870.8153897492
 30
0.0
 11
-1269.4999865503
 21
-871.3089832235
 31
0.0
  0
LINE
  5
193
330
1F
100
AcDbEntity
  8
0
  6
Continuous
 62
     7
370
    25
100
AcDbLine
 10
-1269.4999865503
 20
-871.3089832235
 30
0.0
 11
-1271.14051139
 21
-871.3089832235
 31
0.0
  0
LINE
  5
194
330
1F
100
AcDbEntity
  8
0
  6
Continuous
 62
     7
370
    25
100
AcDbLine
 10
-1271.14051139
 20
-869.5109063054
 30
0.0
 11
-1269.4999865503
 21
-869.5109063054
 31
0.0
  0
LINE
  5
195
330
1F
100
AcDbEntity
  8
0
  6
Continuous
 62
     7
370
    25
100
AcDbLine
 10
-1272.3204993708
 20
-870.4115974087
 30
0.0
 11
-1272.3204993708
 21
-870.4115936766
 31
0.0
  0
LINE
  5
196
330
1F
100
AcDbEntity
  8
0
  6
Continuous
 62
     7
370
    25
100
AcDbLine
 10
-1269.9770498515
 20
-869.0173165632
 30
0.0
 11
-1270.3230033772
 21
-868.6553874777
 31
0.0
  0
LINE
  5
197
330
1F
100
AcDbEntity
  8
0
  6
Continuous
 62
     7
370
    25
100
AcDbLine
 10
-1271.4269697233
 20
-868.6553874777
 30
0.0
 11
-1271.7955093868
 21
-869.006298935
 31
0.0
  0
LINE
  5
198
330
1F
100
AcDbEntity
  8
0
  6
Continuous
 62
     7
370
    25
100
AcDbLine
 10
-1269.4294737297
 20
-867.8439391626
 30
0.0
 11
-1269.4294737297
 21
-867.8439354305
 31
0.0
  0
LINE
  5
199
330
1F
100
AcDbEntity
  8
0
  6
Continuous
 62
     7
370
    25
100
AcDbLine
 10
-1270.870579499
 20
-866.4083422115
 30
0.0
 11
-1270.870579499
 21
-866.4083384794
 31
0.0
  0
LINE
  5
19A
330
1F
100
AcDbEntity
  8
0
  6
Continuous
 62
     7
370
    25
100
AcDbLine
 10
-1272.3204993708
 20
-867.8362268229
 30
0.0
 11
-1272.3204993708
 21
-867.8362230908
 31
0.0
  0
LINE
  5
19B
330
1F
100
AcDbEntity
  8
0
  6
Continuous
 62
     7
370
    25
100
AcDbLine
 10
-1270.3230033772
 20
-868.6553874777
 30
0.0
 11
-1270.3230033772
 21
-868.6553837456
 31
0.0
  0
LINE
  5
19C
330
1F
100
AcDbEntity
  8
0
  6
Continuous
 62
     7
370
    25
100
AcDbLine
 10
-1271.4269697233
 20
-868.6553874777
 30
0.0
 11
-1271.4269697233
 21
-868.6553837456
 31
0.0
  0
LINE
  5
19D
330
1F
100
AcDbEntity
  8
0
  6
Continuous
 62
     7
370
    25
100
AcDbLine
 10
-1269.4999865503
 20
-864.8570564325
 30
0.0
 11
-1269.4999865503
 21
-865.3506499068
 31
0.0
  0
LINE
  5
19E
330
1F
100
AcDbEntity
  8
0
  6
Continuous
 62
     7
370
    25
100
AcDbLine
 10
-1272.2499865503
 20
-864.8570601645
 30
0.0
 11
-1269.4999865503
 21
-864.8570601645
 31
0.0
  0
LINE
  5
19F
330
1F
100
AcDbEntity
  8
0
  6
Continuous
 62
     7
370
    25
100
AcDbLine
 10
-1272.2499865503
 20
-866.1262909302
 30
0.0
 11
-1272.2499865503
 21
-864.8570564325
 31
0.0
  0
LINE
  5
1A0
330
1F
100
AcDbEntity
  8
0
  6
Continuous
 62
     7
370
    25
100
AcDbLine
 10
-1269.4999865503
 20
-865.3506499068
 30
0.0
 11
-1271.7563968067
 21
-865.3506499068
 31
0.0
  0
LINE
  5
1A1
330
1F
100
AcDbEntity
  8
0
  6
Continuous
 62
     7
370
    25
100
AcDbLine
 10
-1271.7563968067
 20
-865.3506499068
 30
0.0
 11
-1271.7563968067
 21
-866.1262909302
 31
0.0
  0
LINE
  5
1A2
330
1F
100
AcDbEntity
  8
0
  6
Continuous
 62
     7
370
    25
100
AcDbLine
 10
-1271.7563968067
 20
-866.1262909302
 30
0.0
 11
-1272.2499865503
 21
-866.1262909302
 31
0.0
  0
LINE
  5
1A3
330
1F
100
AcDbEntity
  8
0
  6
Continuous
 62
     7
370
    25
100
AcDbLine
 10
-1269.4999865503
 20
-852.0141077503
 30
0.0
 11
-1269.4999865503
 21
-853.494880709
 31
0.0
  0
LINE
  5
1A4
330
1F
100
AcDbEntity
  8
0
  6
Continuous
 62
     7
370
    25
100
AcDbLine
 10
-1269.4999865503
 20
-853.494880709
 30
0.0
 11
-1269.9935762938
 21
-853.494880709
 31
0.0
  0
LINE
  5
1A5
330
1F
100
AcDbEntity
  8
0
  6
Continuous
 62
     7
370
    25
100
AcDbLine
 10
-1269.9935762938
 20
-853.494880709
 30
0.0
 11
-1269.9935762938
 21
-853.0012909668
 31
0.0
  0
LINE
  5
1A6
330
1F
100
AcDbEntity
  8
0
  6
Continuous
 62
     7
370
    25
100
AcDbLine
 10
-1269.9935762938
 20
-853.0012909668
 30
0.0
 11
-1272.2499865503
 21
-853.0012909668
 31
0.0
  0
LINE
  5
1A7
330
1F
100
AcDbEntity
  8
0
  6
Continuous
 62
     7
370
    25
100
AcDbLine
 10
-1272.2499865503
 20
-853.0012909668
 30
0.0
 11
-1272.2499865503
 21
-852.5076974925
 31
0.0
  0
LINE
  5
1A8
330
1F
100
AcDbEntity
  8
0
  6
Continuous
 62
     7
370
    25
100
AcDbLine
 10
-1272.2499865503
 20
-852.5077012246
 30
0.0
 11
-1269.9935762938
 21
-852.5077012246
 31
0.0
  0
LINE
  5
1A9
330
1F
100
AcDbEntity
  8
0
  6
Continuous
 62
     7
370
    25
100
AcDbLine
 10
-1269.9935762938
 20
-852.0141114824
 30
0.0
 11
-1269.4999865503
 21
-852.0141114824
 31
0.0
  0
LINE
  5
1AA
330
1F
100
AcDbEntity
  8
0
  6
Continuous
 62
     7
370
    25
100
AcDbLine
 10
-1269.9935762938
 20
-852.5077012246
 30
0.0
 11
-1269.9935762938
 21
-852.0141077503
 31
0.0
  0
LINE
  5
1AB
330
1F
100
AcDbEntity
  8
0
  6
Continuous
 62
     7
370
    25
100
AcDbLine
 10
-1270.8738847874
 20
-848.9468037986
 30
0.0
 11
-1270.8738847874
 21
-848.9468000665
 31
0.0
  0
LINE
  5
1AC
330
1F
100
AcDbEntity
  8
0
  6
Continuous
 62
     7
370
    25
100
AcDbLine
 10
-1272.3204993708
 20
-850.384053394
 30
0.0
 11
-1272.3204993708
 21
-850.3840496619
 31
0.0
  0
LINE
  5
1AD
330
1F
100
AcDbEntity
  8
0
  6
Continuous
 62
     7
370
    25
100
AcDbLine
 10
-1269.4294737297
 20
-850.3801972241
 30
0.0
 11
-1269.4294737297
 21
-850.380193492
 31
0.0
  0
LINE
  5
1AE
330
1F
100
AcDbEntity
  8
0
  6
Continuous
 62
     7
370
    25
100
AcDbLine
 10
-1270.8766391945
 20
-851.3089832792
 30
0.0
 11
-1270.8766391945
 21
-851.3089795471
 31
0.0
  0
LINE
  5
1AF
330
1F
100
AcDbEntity
  8
0
  6
Continuous
 62
     7
370
    25
100
AcDbLine
 10
-1269.9935762938
 20
-847.5861267191
 30
0.0
 11
-1269.9935762938
 21
-847.4307781618
 31
0.0
  0
LINE
  5
1B0
330
1F
100
AcDbEntity
  8
0
  6
Continuous
 62
     7
370
    25
100
AcDbLine
 10
-1269.9935762938
 20
-847.4307781618
 30
0.0
 11
-1270.557678858
 21
-847.4307781618
 31
0.0
  0
LINE
  5
1B1
330
1F
100
AcDbEntity
  8
0
  6
Continuous
 62
     7
370
    25
100
AcDbLine
 10
-1270.557678858
 20
-847.4307781618
 30
0.0
 11
-1270.557678858
 21
-847.6054075684
 31
0.0
  0
LINE
  5
1B2
330
1F
100
AcDbEntity
  8
0
  6
Continuous
 62
     7
370
    25
100
AcDbLine
 10
-1269.4999865503
 20
-846.9371846875
 30
0.0
 11
-1269.4999865503
 21
-847.4880698283
 31
0.0
  0
LINE
  5
1B3
330
1F
100
AcDbEntity
  8
0
  6
Continuous
 62
     7
370
    25
100
AcDbLine
 10
-1271.0512686015
 20
-847.4307781618
 30
0.0
 11
-1272.2499865503
 21
-847.4307781618
 31
0.0
  0
LINE
  5
1B4
330
1F
100
AcDbEntity
  8
0
  6
Continuous
 62
     7
370
    25
100
AcDbLine
 10
-1272.2499865503
 20
-847.4307781618
 30
0.0
 11
-1272.2499865503
 21
-846.9371846875
 31
0.0
  0
LINE
  5
1B5
330
1F
100
AcDbEntity
  8
0
  6
Continuous
 62
     7
370
    25
100
AcDbLine
 10
-1272.2499865503
 20
-846.9371884196
 30
0.0
 11
-1269.4999865503
 21
-846.9371884196
 31
0.0
  0
LINE
  5
1B6
330
1F
100
AcDbEntity
  8
0
  6
Continuous
 62
     7
370
    25
100
AcDbLine
 10
-1270.0481135535
 20
-847.9359364136
 30
0.0
 11
-1270.0481135535
 21
-847.9359326815
 31
0.0
  0
LINE
  5
1B7
330
1F
100
AcDbEntity
  8
0
  6
Continuous
 62
     7
370
    25
100
AcDbLine
 10
-1270.2805855086
 20
-848.0653935446
 30
0.0
 11
-1270.2805855086
 21
-848.0653898126
 31
0.0
  0
LINE
  5
1B8
330
1F
100
AcDbEntity
  8
0
  6
Continuous
 62
     7
370
    25
100
AcDbLine
 10
-1269.4999865503
 20
-845.2448769999
 30
0.0
 11
-1269.4999865503
 21
-845.7384704742
 31
0.0
  0
LINE
  5
1B9
330
1F
100
AcDbEntity
  8
0
  6
Continuous
 62
     7
370
    25
100
AcDbLine
 10
-1272.2499865503
 20
-845.244880732
 30
0.0
 11
-1269.4999865503
 21
-845.244880732
 31
0.0
  0
LINE
  5
1BA
330
1F
100
AcDbEntity
  8
0
  6
Continuous
 62
     7
370
    25
100
AcDbLine
 10
-1272.2499865503
 20
-846.5141114977
 30
0.0
 11
-1272.2499865503
 21
-845.2448769999
 31
0.0
  0
LINE
  5
1BB
330
1F
100
AcDbEntity
  8
0
  6
Continuous
 62
     7
370
    25
100
AcDbLine
 10
-1269.4999865503
 20
-845.7384704742
 30
0.0
 11
-1271.7563968067
 21
-845.7384704742
 31
0.0
  0
LINE
  5
1BC
330
1F
100
AcDbEntity
  8
0
  6
Continuous
 62
     7
370
    25
100
AcDbLine
 10
-1271.7563968067
 20
-845.7384704742
 30
0.0
 11
-1271.7563968067
 21
-846.5141114977
 31
0.0
  0
LINE
  5
1BD
330
1F
100
AcDbEntity
  8
0
  6
Continuous
 62
     7
370
    25
100
AcDbLine
 10
-1271.7563968067
 20
-846.5141114977
 30
0.0
 11
-1272.2499865503
 21
-846.5141114977
 31
0.0
  0
LINE
  5
1BE
330
1F
100
AcDbEntity
  8
0
  6
Continuous
 62
     7
370
    25
100
AcDbLine
 10
-1269.9935762938
 20
-832.4724448701
 30
0.0
 11
-1269.4999865503
 21
-832.4724448701
 31
0.0
  0
LINE
  5
1BF
330
1F
100
AcDbEntity
  8
0
  6
Continuous
 62
     7
370
    25
100
AcDbLine
 10
-1269.9935762938
 20
-832.9660346124
 30
0.0
 11
-1269.9935762938
 21
-832.4724411381
 31
0.0
  0
LINE
  5
1C0
330
1F
100
AcDbEntity
  8
0
  6
Continuous
 62
     7
370
    25
100
AcDbLine
 10
-1269.4999865503
 20
-832.4724411381
 30
0.0
 11
-1269.4999865503
 21
-833.9532140968
 31
0.0
  0
LINE
  5
1C1
330
1F
100
AcDbEntity
  8
0
  6
Continuous
 62
     7
370
    25
100
AcDbLine
 10
-1269.4999865503
 20
-833.9532140968
 30
0.0
 11
-1269.9935762938
 21
-833.9532140968
 31
0.0
  0
LINE
  5
1C2
330
1F
100
AcDbEntity
  8
0
  6
Continuous
 62
     7
370
    25
100
AcDbLine
 10
-1269.9935762938
 20
-833.9532140968
 30
0.0
 11
-1269.9935762938
 21
-833.4596243546
 31
0.0
  0
LINE
  5
1C3
330
1F
100
AcDbEntity
  8
0
  6
Continuous
 62
     7
370
    25
100
AcDbLine
 10
-1269.9935762938
 20
-833.4596243546
 30
0.0
 11
-1272.2499865503
 21
-833.4596243546
 31
0.0
  0
LINE
  5
1C4
330
1F
100
AcDbEntity
  8
0
  6
Continuous
 62
     7
370
    25
100
AcDbLine
 10
-1272.2499865503
 20
-833.4596243546
 30
0.0
 11
-1272.2499865503
 21
-832.9660308803
 31
0.0
  0
LINE
  5
1C5
330
1F
100
AcDbEntity
  8
0
  6
Continuous
 62
     7
370
    25
100
AcDbLine
 10
-1272.2499865503
 20
-832.9660346124
 30
0.0
 11
-1269.9935762938
 21
-832.9660346124
 31
0.0
  0
LINE
  5
1C6
330
1F
100
AcDbEntity
  8
0
  6
Continuous
 62
     7
370
    25
100
AcDbLine
 10
-1269.4294737297
 20
-830.8385306119
 30
0.0
 11
-1269.4294737297
 21
-830.8385268798
 31
0.0
  0
LINE
  5
1C7
330
1F
100
AcDbEntity
  8
0
  6
Continuous
 62
     7
370
    25
100
AcDbLine
 10
-1270.8738847874
 20
-829.4051371864
 30
0.0
 11
-1270.8738847874
 21
-829.4051334543
 31
0.0
  0
LINE
  5
1C8
330
1F
100
AcDbEntity
  8
0
  6
Continuous
 62
     7
370
    25
100
AcDbLine
 10
-1272.3204993708
 20
-830.8423867817
 30
0.0
 11
-1272.3204993708
 21
-830.8423830496
 31
0.0
  0
LINE
  5
1C9
330
1F
100
AcDbEntity
  8
0
  6
Continuous
 62
     7
370
    25
100
AcDbLine
 10
-1270.8766391945
 20
-831.767316667
 30
0.0
 11
-1270.8766391945
 21
-831.7673129349
 31
0.0
  0
LINE
  5
1CA
330
1F
100
AcDbEntity
  8
0
  6
Continuous
 62
     7
370
    25
100
AcDbLine
 10
-1272.2499865503
 20
-827.3955218074
 30
0.0
 11
-1269.4999865503
 21
-827.3955218074
 31
0.0
  0
LINE
  5
1CB
330
1F
100
AcDbEntity
  8
0
  6
Continuous
 62
     7
370
    25
100
AcDbLine
 10
-1272.2499865503
 20
-827.8891115496
 30
0.0
 11
-1272.2499865503
 21
-827.3955180753
 31
0.0
  0
LINE
  5
1CC
330
1F
100
AcDbEntity
  8
0
  6
Continuous
 62
     7
370
    25
100
AcDbLine
 10
-1269.4999865503
 20
-827.3955180753
 30
0.0
 11
-1269.4999865503
 21
-827.9464032161
 31
0.0
  0
LINE
  5
1CD
330
1F
100
AcDbEntity
  8
0
  6
Continuous
 62
     7
370
    25
100
AcDbLine
 10
-1269.9935762938
 20
-828.0444601068
 30
0.0
 11
-1269.9935762938
 21
-827.8891115496
 31
0.0
  0
LINE
  5
1CE
330
1F
100
AcDbEntity
  8
0
  6
Continuous
 62
     7
370
    25
100
AcDbLine
 10
-1269.9935762938
 20
-827.8891115496
 30
0.0
 11
-1270.557678858
 21
-827.8891115496
 31
0.0
  0
LINE
  5
1CF
330
1F
100
AcDbEntity
  8
0
  6
Continuous
 62
     7
370
    25
100
AcDbLine
 10
-1270.557678858
 20
-827.8891115496
 30
0.0
 11
-1270.557678858
 21
-828.0637409561
 31
0.0
  0
LINE
  5
1D0
330
1F
100
AcDbEntity
  8
0
  6
Continuous
 62
     7
370
    25
100
AcDbLine
 10
-1271.0512686015
 20
-827.8891115496
 30
0.0
 11
-1272.2499865503
 21
-827.8891115496
 31
0.0
  0
LINE
  5
1D1
330
1F
100
AcDbEntity
  8
0
  6
Continuous
 62
     7
370
    25
100
AcDbLine
 10
-1270.0481135535
 20
-828.3942698014
 30
0.0
 11
-1270.0481135535
 21
-828.3942660693
 31
0.0
  0
LINE
  5
1D2
330
1F
100
AcDbEntity
  8
0
  6
Continuous
 62
     7
370
    25
100
AcDbLine
 10
-1270.2805855086
 20
-828.5237269324
 30
0.0
 11
-1270.2805855086
 21
-828.5237232003
 31
0.0
  0
LINE
  5
1D3
330
1F
100
AcDbEntity
  8
0
  6
Continuous
 62
     7
370
    25
100
AcDbLine
 10
-1269.4999865503
 20
-824.8218001337
 30
0.0
 11
-1269.4999865503
 21
-825.315393608
 31
0.0
  0
LINE
  5
1D4
330
1F
100
AcDbEntity
  8
0
  6
Continuous
 62
     7
370
    25
100
AcDbLine
 10
-1269.4999865503
 20
-825.315393608
 30
0.0
 11
-1270.557678858
 21
-825.315393608
 31
0.0
  0
LINE
  5
1D5
330
1F
100
AcDbEntity
  8
0
  6
Continuous
 62
     7
370
    25
100
AcDbLine
 10
-1270.557678858
 20
-825.315393608
 30
0.0
 11
-1270.557678858
 21
-826.2673166823
 31
0.0
  0
LINE
  5
1D6
330
1F
100
AcDbEntity
  8
0
  6
Continuous
 62
     7
370
    25
100
AcDbLine
 10
-1270.557678858
 20
-826.2673166823
 30
0.0
 11
-1269.4999865503
 21
-826.2673166823
 31
0.0
  0
LINE
  5
1D7
330
1F
100
AcDbEntity
  8
0
  6
Continuous
 62
     7
370
    25
100
AcDbLine
 10
-1269.4999865503
 20
-826.2673129502
 30
0.0
 11
-1269.4999865503
 21
-826.7609064245
 31
0.0
  0
LINE
  5
1D8
330
1F
100
AcDbEntity
  8
0
  6
Continuous
 62
     7
370
    25
100
AcDbLine
 10
-1269.4999865503
 20
-826.7609064245
 30
0.0
 11
-1272.2499865503
 21
-826.7609064245
 31
0.0
  0
LINE
  5
1D9
330
1F
100
AcDbEntity
  8
0
  6
Continuous
 62
     7
370
    25
100
AcDbLine
 10
-1272.2499865503
 20
-826.7609064245
 30
0.0
 11
-1272.2499865503
 21
-826.2673129502
 31
0.0
  0
LINE
  5
1DA
330
1F
100
AcDbEntity
  8
0
  6
Continuous
 62
     7
370
    25
100
AcDbLine
 10
-1272.2499865503
 20
-826.2673166823
 30
0.0
 11
-1271.0512686015
 21
-826.2673166823
 31
0.0
  0
LINE
  5
1DB
330
1F
100
AcDbEntity
  8
0
  6
Continuous
 62
     7
370
    25
100
AcDbLine
 10
-1271.0512686015
 20
-826.2673166823
 30
0.0
 11
-1271.0512686015
 21
-825.315393608
 31
0.0
  0
LINE
  5
1DC
330
1F
100
AcDbEntity
  8
0
  6
Continuous
 62
     7
370
    25
100
AcDbLine
 10
-1271.0512686015
 20
-825.315393608
 30
0.0
 11
-1272.2499865503
 21
-825.315393608
 31
0.0
  0
LINE
  5
1DD
330
1F
100
AcDbEntity
  8
0
  6
Continuous
 62
     7
370
    25
100
AcDbLine
 10
-1272.2499865503
 20
-825.315393608
 30
0.0
 11
-1272.2499865503
 21
-824.8218001337
 31
0.0
  0
LINE
  5
1DE
330
1F
100
AcDbEntity
  8
0
  6
Continuous
 62
     7
370
    25
100
AcDbLine
 10
-1272.2499865503
 20
-824.8218038658
 30
0.0
 11
-1269.4999865503
 21
-824.8218038658
 31
0.0
  0
LINE
  5
1DF
330
1F
100
AcDbEntity
  8
0
  6
Continuous
 62
     7
370
    25
100
AcDbLine
 10
-1269.4999865503
 20
-804.6455181387
 30
0.0
 11
-1269.4999865503
 21
-805.1391116129
 31
0.0
  0
LINE
  5
1E0
330
1F
100
AcDbEntity
  8
0
  6
Continuous
 62
     7
370
    25
100
AcDbLine
 10
-1269.4999865503
 20
-805.1391116129
 30
0.0
 11
-1270.557678858
 21
-805.1391116129
 31
0.0
  0
LINE
  5
1E1
330
1F
100
AcDbEntity
  8
0
  6
Continuous
 62
     7
370
    25
100
AcDbLine
 10
-1270.557678858
 20
-805.1391116129
 30
0.0
 11
-1270.557678858
 21
-806.0910346872
 31
0.0
  0
LINE
  5
1E2
330
1F
100
AcDbEntity
  8
0
  6
Continuous
 62
     7
370
    25
100
AcDbLine
 10
-1270.557678858
 20
-806.0910346872
 30
0.0
 11
-1269.4999865503
 21
-806.0910346872
 31
0.0
  0
LINE
  5
1E3
330
1F
100
AcDbEntity
  8
0
  6
Continuous
 62
     7
370
    25
100
AcDbLine
 10
-1269.4999865503
 20
-806.0910309551
 30
0.0
 11
-1269.4999865503
 21
-806.5846244294
 31
0.0
  0
LINE
  5
1E4
330
1F
100
AcDbEntity
  8
0
  6
Continuous
 62
     7
370
    25
100
AcDbLine
 10
-1269.4999865503
 20
-806.5846244294
 30
0.0
 11
-1272.2499865503
 21
-806.5846244294
 31
0.0
  0
LINE
  5
1E5
330
1F
100
AcDbEntity
  8
0
  6
Continuous
 62
     7
370
    25
100
AcDbLine
 10
-1272.2499865503
 20
-806.5846244294
 30
0.0
 11
-1272.2499865503
 21
-806.0910309551
 31
0.0
  0
LINE
  5
1E6
330
1F
100
AcDbEntity
  8
0
  6
Continuous
 62
     7
370
    25
100
AcDbLine
 10
-1272.2499865503
 20
-806.0910346872
 30
0.0
 11
-1271.0512686015
 21
-806.0910346872
 31
0.0
  0
LINE
  5
1E7
330
1F
100
AcDbEntity
  8
0
  6
Continuous
 62
     7
370
    25
100
AcDbLine
 10
-1271.0512686015
 20
-806.0910346872
 30
0.0
 11
-1271.0512686015
 21
-805.1391116129
 31
0.0
  0
LINE
  5
1E8
330
1F
100
AcDbEntity
  8
0
  6
Continuous
 62
     7
370
    25
100
AcDbLine
 10
-1271.0512686015
 20
-805.1391116129
 30
0.0
 11
-1272.2499865503
 21
-805.1391116129
 31
0.0
  0
LINE
  5
1E9
330
1F
100
AcDbEntity
  8
0
  6
Continuous
 62
     7
370
    25
100
AcDbLine
 10
-1272.2499865503
 20
-805.1391116129
 30
0.0
 11
-1272.2499865503
 21
-804.6455181387
 31
0.0
  0
LINE
  5
1EA
330
1F
100
AcDbEntity
  8
0
  6
Continuous
 62
     7
370
    25
100
AcDbLine
 10
-1272.2499865503
 20
-804.6455218707
 30
0.0
 11
-1269.4999865503
 21
-804.6455218707
 31
0.0
  0
LINE
  5
1EB
330
1F
100
AcDbEntity
  8
0
  6
Continuous
 62
     7
370
    25
100
AcDbLine
 10
-1269.9770498515
 20
-809.6871885234
 30
0.0
 11
-1270.3230033772
 21
-809.3252594378
 31
0.0
  0
LINE
  5
1EC
330
1F
100
AcDbEntity
  8
0
  6
Continuous
 62
     7
370
    25
100
AcDbLine
 10
-1271.4269697233
 20
-809.3252594378
 30
0.0
 11
-1271.7955093868
 21
-809.6761708952
 31
0.0
  0
LINE
  5
1ED
330
1F
100
AcDbEntity
  8
0
  6
Continuous
 62
     7
370
    25
100
AcDbLine
 10
-1269.4294737297
 20
-808.5138111228
 30
0.0
 11
-1269.4294737297
 21
-808.5138073907
 31
0.0
  0
LINE
  5
1EE
330
1F
100
AcDbEntity
  8
0
  6
Continuous
 62
     7
370
    25
100
AcDbLine
 10
-1270.870579499
 20
-807.0782141716
 30
0.0
 11
-1270.870579499
 21
-807.0782104396
 31
0.0
  0
LINE
  5
1EF
330
1F
100
AcDbEntity
  8
0
  6
Continuous
 62
     7
370
    25
100
AcDbLine
 10
-1272.3204993708
 20
-808.5060987831
 30
0.0
 11
-1272.3204993708
 21
-808.506095051
 31
0.0
  0
LINE
  5
1F0
330
1F
100
AcDbEntity
  8
0
  6
Continuous
 62
     7
370
    25
100
AcDbLine
 10
-1270.3230033772
 20
-809.3252594378
 30
0.0
 11
-1270.3230033772
 21
-809.3252557057
 31
0.0
  0
LINE
  5
1F1
330
1F
100
AcDbEntity
  8
0
  6
Continuous
 62
     7
370
    25
100
AcDbLine
 10
-1271.4269697233
 20
-809.3252594378
 30
0.0
 11
-1271.4269697233
 21
-809.3252557057
 31
0.0
  0
LINE
  5
1F2
330
1F
100
AcDbEntity
  8
0
  6
Continuous
 62
     7
370
    25
100
AcDbLine
 10
-1272.3204993708
 20
-811.0814693688
 30
0.0
 11
-1272.3204993708
 21
-811.0814656367
 31
0.0
  0
LINE
  5
1F3
330
1F
100
AcDbEntity
  8
0
  6
Continuous
 62
     7
370
    25
100
AcDbLine
 10
-1271.14051139
 20
-810.1807782656
 30
0.0
 11
-1269.4999865503
 21
-810.1807782656
 31
0.0
  0
LINE
  5
1F4
330
1F
100
AcDbEntity
  8
0
  6
Continuous
 62
     7
370
    25
100
AcDbLine
 10
-1269.4999865503
 20
-810.1807745335
 30
0.0
 11
-1269.4999865503
 21
-810.6743680078
 31
0.0
  0
LINE
  5
1F5
330
1F
100
AcDbEntity
  8
0
  6
Continuous
 62
     7
370
    25
100
AcDbLine
 10
-1269.4999865503
 20
-810.6743680078
 30
0.0
 11
-1271.2892493708
 21
-810.6743680078
 31
0.0
  0
LINE
  5
1F6
330
1F
100
AcDbEntity
  8
0
  6
Continuous
 62
     7
370
    25
100
AcDbLine
 10
-1271.223694483
 20
-811.4852654414
 30
0.0
 11
-1269.4999865503
 21
-811.4852654414
 31
0.0
  0
LINE
  5
1F7
330
1F
100
AcDbEntity
  8
0
  6
Continuous
 62
     7
370
    25
100
AcDbLine
 10
-1269.4999865503
 20
-811.4852617093
 30
0.0
 11
-1269.4999865503
 21
-811.9788551836
 31
0.0
  0
LINE
  5
1F8
330
1F
100
AcDbEntity
  8
0
  6
Continuous
 62
     7
370
    25
100
AcDbLine
 10
-1269.4999865503
 20
-811.9788551836
 30
0.0
 11
-1271.14051139
 21
-811.9788551836
 31
0.0
  0
LINE
  5
1F9
330
1F
100
AcDbEntity
  8
0
  6
Continuous
 62
     7
370
    25
100
AcDbLine
 10
-1272.2499865503
 20
-812.6134705665
 30
0.0
 11
-1269.4999865503
 21
-812.6134705665
 31
0.0
  0
LINE
  5
1FA
330
1F
100
AcDbEntity
  8
0
  6
Continuous
 62
     7
370
    25
100
AcDbLine
 10
-1272.2499865503
 20
-813.1070603087
 30
0.0
 11
-1272.2499865503
 21
-812.6134668344
 31
0.0
  0
LINE
  5
1FB
330
1F
100
AcDbEntity
  8
0
  6
Continuous
 62
     7
370
    25
100
AcDbLine
 10
-1269.4999865503
 20
-812.6134668344
 30
0.0
 11
-1269.4999865503
 21
-813.1885907572
 31
0.0
  0
LINE
  5
1FC
330
1F
100
AcDbEntity
  8
0
  6
Continuous
 62
     7
370
    25
100
AcDbLine
 10
-1269.9935762938
 20
-813.2750791384
 30
0.0
 11
-1269.9935762938
 21
-813.1070603087
 31
0.0
  0
LINE
  5
1FD
330
1F
100
AcDbEntity
  8
0
  6
Continuous
 62
     7
370
    25
100
AcDbLine
 10
-1269.9935762938
 20
-813.1070603087
 30
0.0
 11
-1270.557678858
 21
-813.1070603087
 31
0.0
  0
LINE
  5
1FE
330
1F
100
AcDbEntity
  8
0
  6
Continuous
 62
     7
370
    25
100
AcDbLine
 10
-1270.557678858
 20
-813.1070603087
 30
0.0
 11
-1270.557678858
 21
-813.2993179203
 31
0.0
  0
LINE
  5
1FF
330
1F
100
AcDbEntity
  8
0
  6
Continuous
 62
     7
370
    25
100
AcDbLine
 10
-1270.9950786977
 20
-813.7945603068
 30
0.0
 11
-1272.2499865503
 21
-814.4291756896
 31
0.0
  0
LINE
  5
200
330
1F
100
AcDbEntity
  8
0
  6
Continuous
 62
     7
370
    25
100
AcDbLine
 10
-1272.2499865503
 20
-814.4291756896
 30
0.0
 11
-1272.2499865503
 21
-813.8804940745
 31
0.0
  0
LINE
  5
201
330
1F
100
AcDbEntity
  8
0
  6
Continuous
 62
     7
370
    25
100
AcDbLine
 10
-1272.2499865503
 20
-813.8804978065
 30
0.0
 11
-1271.0512686015
 21
-813.2745282569
 31
0.0
  0
LINE
  5
202
330
1F
100
AcDbEntity
  8
0
  6
Continuous
 62
     7
370
    25
100
AcDbLine
 10
-1271.0512686015
 20
-813.2745282569
 30
0.0
 11
-1271.0512686015
 21
-813.1070603087
 31
0.0
  0
LINE
  5
203
330
1F
100
AcDbEntity
  8
0
  6
Continuous
 62
     7
370
    25
100
AcDbLine
 10
-1271.0512686015
 20
-813.1070603087
 30
0.0
 11
-1272.2499865503
 21
-813.1070603087
 31
0.0
  0
LINE
  5
204
330
1F
100
AcDbEntity
  8
0
  6
Continuous
 62
     7
370
    25
100
AcDbLine
 10
-1204.1949865503
 20
-899.369875581
 30
0.0
 11
-1295.1949865503
 21
-899.3698731171
 31
0.0
  0
LINE
  5
205
330
1F
100
AcDbEntity
  8
0
  6
Continuous
 62
     7
370
    25
100
AcDbLine
 10
-1204.1949865503
 20
-779.3697241682
 30
0.0
 11
-1295.1949865503
 21
-779.3697241682
 31
0.0
  0
LINE
  5
206
330
1F
100
AcDbEntity
  8
0
  6
Continuous
 62
     7
370
    25
100
AcDbLine
 10
-1271.14051139
 20
-869.5109063054
 30
0.0
 11
-1271.14051139
 21
-869.5109025733
 31
0.0
  0
LINE
  5
207
330
1F
100
AcDbEntity
  8
0
  6
Continuous
 62
     7
370
    25
100
AcDbLine
 10
-1271.223694483
 20
-870.8153934813
 30
0.0
 11
-1271.223694483
 21
-870.8153897492
 31
0.0
  0
LINE
  5
208
330
1F
100
AcDbEntity
  8
0
  6
Continuous
 62
     7
370
    25
100
AcDbLine
 10
-1271.14051139
 20
-810.1807782656
 30
0.0
 11
-1271.14051139
 21
-810.1807745335
 31
0.0
  0
LINE
  5
209
330
1F
100
AcDbEntity
  8
0
  6
Continuous
 62
     7
370
    25
100
AcDbLine
 10
-1271.223694483
 20
-811.4852654414
 30
0.0
 11
-1271.223694483
 21
-811.4852617093
 31
0.0
  0
MTEXT
  5
20B
330
1F
100
AcDbEntity
  8
0
  6
Continuous
 62
     7
100
AcDbMText
 10
-1295.1949865503
 20
-900.3894432408
 30
0.0
 40
4.83362
 41
0.0
 71
     1
 72
     1
  1
SOLIDWORKS Maker Product.
  7
SLDTEXTSTYLE0
 73
     1
 44
1.0
  0
MTEXT
  5
20C
330
1F
100
AcDbEntity
  8
0
  6
Continuous
 62
     7
100
AcDbMText
 10
-1295.1949865503
 20
-907.6398732408
 30
0.0
 40
4.83362
 41
0.0
 71
     1
 72
     1
  1
For Personal Use Only.
  7
SLDTEXTSTYLE0
 73
     1
 44
1.0
  0
ENDSEC
  0
SECTION
  2
OBJECTS
  0
DICTIONARY
  5
C
330
0
100
AcDbDictionary
281
     1
  3
ACAD_GROUP
350
D
  3
ACAD_LAYOUT
350
1A
  3
ACAD_MLINESTYLE
350
17
  3
ACAD_PLOTSETTINGS
350
19
  3
ACAD_PLOTSTYLENAME
350
E
  3
ACAD_SCALELIST
350
47
  3
DWGPROPS
350
20D
  0
DICTIONARY
  5
D
102
{ACAD_REACTORS
330
C
102
}
330
C
100
AcDbDictionary
281
     1
  0
DICTIONARY
  5
1A
102
{ACAD_REACTORS
330
C
102
}
330
C
100
AcDbDictionary
281
     1
  3
Layout1
350
1E
  3
Layout2
350
26
  3
Model
350
22
  0
DICTIONARY
  5
17
102
{ACAD_REACTORS
330
C
102
}
330
C
100
AcDbDictionary
281
     1
  3
Standard
350
18
  0
DICTIONARY
  5
19
102
{ACAD_REACTORS
330
C
102
}
330
C
100
AcDbDictionary
281
     1
  0
ACDBDICTIONARYWDFLT
  5
E
102
{ACAD_REACTORS
330
C
102
}
330
C
100
AcDbDictionary
281
     1
  3
Normal
350
F
100
AcDbDictionaryWithDefault
340
F
  0
DICTIONARY
  5
47
102
{ACAD_REACTORS
330
C
102
}
330
C
100
AcDbDictionary
281
     1
  3
A0
350
48
  3
A1
350
49
  3
A2
350
4A
  3
A3
350
4B
  3
A4
350
4C
  3
A5
350
4D
  3
A6
350
4E
  3
A7
350
4F
  3
A8
350
50
  3
A9
350
51
  3
B0
350
52
  3
B1
350
53
  3
B2
350
54
  3
B3
350
55
  3
B4
350
56
  3
B5
350
57
  3
B6
350
58
  0
XRECORD
  5
20D
102
{ACAD_REACTORS
330
C
102
}
330
C
100
AcDbXrecord
280
     1
  1
DWGPROPS COOKIE
  2

  3

  4

  6

  7

  8
owend
  9

300
=
301
=
302
=
303
=
304
=
305
=
306
=
307
=
308
=
309
=
 40
0.0
 41
2461307.098802269
 42
2461307.098831331
  1

 90
        0
  0
LAYOUT
  5
1E
102
{ACAD_REACTORS
330
1A
102
}
330
1A
100
AcDbPlotSettings
  1

  2
none_device
  4

  6

 40
0.0
 41
0.0
 42
0.0
 43
0.0
 44
0.0
 45
0.0
 46
0.0
 47
0.0
 48
0.0
 49
0.0
140
0.0
141
0.0
142
1.0
143
1.0
 70
   688
 72
     1
 73
     0
 74
     5
  7

 75
    16
147
1.0
148
0.0
149
0.0
100
AcDbLayout
  1
Layout1
 70
     1
 71
     1
 10
0.0
 20
0.0
 11
420.0
 21
297.0
 12
0.0
 22
0.0
 32
0.0
 14
1.0000000000E+20
 24
1.0000000000E+20
 34
1.0000000000E+20
 15
-1.0000000000E+20
 25
-1.0000000000E+20
 35
-1.0000000000E+20
146
0.0
 13
0.0
 23
0.0
 33
0.0
 16
1.0
 26
0.0
 36
0.0
 17
0.0
 27
1.0
 37
0.0
 76
     0
330
1B
  0
LAYOUT
  5
26
102
{ACAD_REACTORS
330
1A
102
}
330
1A
100
AcDbPlotSettings
  1

  2
none_device
  4

  6

 40
0.0
 41
0.0
 42
0.0
 43
0.0
 44
0.0
 45
0.0
 46
0.0
 47
0.0
 48
0.0
 49
0.0
140
0.0
141
0.0
142
1.0
143
1.0
 70
   688
 72
     1
 73
     0
 74
     5
  7

 75
    16
147
1.0
148
0.0
149
0.0
100
AcDbLayout
  1
Layout2
 70
     1
 71
     2
 10
0.0
 20
0.0
 11
0.0
 21
0.0
 12
0.0
 22
0.0
 32
0.0
 14
0.0
 24
0.0
 34
0.0
 15
0.0
 25
0.0
 35
0.0
146
0.0
 13
0.0
 23
0.0
 33
0.0
 16
1.0
 26
0.0
 36
0.0
 17
0.0
 27
1.0
 37
0.0
 76
     0
330
23
  0
LAYOUT
  5
22
102
{ACAD_REACTORS
330
1A
102
}
330
1A
100
AcDbPlotSettings
  1

  2
none_device
  4
ANSI_A_(11.00_x_8.50_Inches)
  6

 40
6.35
 41
19.05
 42
6.35000508
 43
19.05000254
 44
279.4
 45
215.9
 46
2359.272632995
 47
1583.9626009209
 48
0.0
 49
0.0
140
0.0
141
0.0
142
0.0701249108
143
1.0
 70
  1696
 72
     0
 73
     0
 74
     0
  7

 75
     0
147
0.0179189148
148
-1300.4909072572
149
0.0
100
AcDbLayout
  1
Model
 70
     1
 71
     0
 10
0.0
 20
0.0
 11
420.0
 21
297.0
 12
0.0
 22
0.0
 32
0.0
 14
-1295.1949865503
 24
-899.3698768491
 34
0.0
 15
-1204.1949865503
 25
-779.3697241682
 35
0.0
146
0.0
 13
0.0
 23
0.0
 33
0.0
 16
1.0
 26
0.0
 36
0.0
 17
0.0
 27
1.0
 37
0.0
 76
     0
330
1F
331
29
  0
MLINESTYLE
  5
18
102
{ACAD_REACTORS
330
17
102
}
330
17
100
AcDbMlineStyle
  2
Standard
 70
     0
  3

 62
   256
 51
90.0
 52
90.0
 71
     2
 49
0.5
 62
   256
  6
BYLAYER
 49
-0.5
 62
   256
  6
BYLAYER
  0
ACDBPLACEHOLDER
  5
F
102
{ACAD_REACTORS
330
E
102
}
330
E
  0
SCALE
  5
48
102
{ACAD_REACTORS
330
47
102
}
330
47
100
AcDbScale
 70
     0
300
1:1
140
1.0
141
1.0
290
     1
  0
SCALE
  5
49
102
{ACAD_REACTORS
330
47
102
}
330
47
100
AcDbScale
 70
     0
300
1:2
140
1.0
141
2.0
290
     0
  0
SCALE
  5
4A
102
{ACAD_REACTORS
330
47
102
}
330
47
100
AcDbScale
 70
     0
300
1:4
140
1.0
141
4.0
290
     0
  0
SCALE
  5
4B
102
{ACAD_REACTORS
330
47
102
}
330
47
100
AcDbScale
 70
     0
300
1:5
140
1.0
141
5.0
290
     0
  0
SCALE
  5
4C
102
{ACAD_REACTORS
330
47
102
}
330
47
100
AcDbScale
 70
     0
300
1:8
140
1.0
141
8.0
290
     0
  0
SCALE
  5
4D
102
{ACAD_REACTORS
330
47
102
}
330
47
100
AcDbScale
 70
     0
300
1:10
140
1.0
141
10.0
290
     0
  0
SCALE
  5
4E
102
{ACAD_REACTORS
330
47
102
}
330
47
100
AcDbScale
 70
     0
300
1:16
140
1.0
141
16.0
290
     0
  0
SCALE
  5
4F
102
{ACAD_REACTORS
330
47
102
}
330
47
100
AcDbScale
 70
     0
300
1:20
140
1.0
141
20.0
290
     0
  0
SCALE
  5
50
102
{ACAD_REACTORS
330
47
102
}
330
47
100
AcDbScale
 70
     0
300
1:30
140
1.0
141
30.0
290
     0
  0
SCALE
  5
51
102
{ACAD_REACTORS
330
47
102
}
330
47
100
AcDbScale
 70
     0
300
1:40
140
1.0
141
40.0
290
     0
  0
SCALE
  5
52
102
{ACAD_REACTORS
330
47
102
}
330
47
100
AcDbScale
 70
     0
300
1:50
140
1.0
141
50.0
290
     0
  0
SCALE
  5
53
102
{ACAD_REACTORS
330
47
102
}
330
47
100
AcDbScale
 70
     0
300
1:100
140
1.0
141
100.0
290
     0
  0
SCALE
  5
54
102
{ACAD_REACTORS
330
47
102
}
330
47
100
AcDbScale
 70
     0
300
2:1
140
2.0
141
1.0
290
     0
  0
SCALE
  5
55
102
{ACAD_REACTORS
330
47
102
}
330
47
100
AcDbScale
 70
     0
300
4:1
140
4.0
141
1.0
290
     0
  0
SCALE
  5
56
102
{ACAD_REACTORS
330
47
102
}
330
47
100
AcDbScale
 70
     0
300
8:1
140
8.0
141
1.0
290
     0
  0
SCALE
  5
57
102
{ACAD_REACTORS
330
47
102
}
330
47
100
AcDbScale
 70
     0
300
10:1
140
10.0
141
1.0
290
     0
  0
SCALE
  5
58
102
{ACAD_REACTORS
330
47
102
}
330
47
100
AcDbScale
 70
     0
300
100:1
140
100.0
141
1.0
290
     0
  0
ENDSEC
  0
EOF
